solid OpenSCAD_Model
  facet normal 0 1 0
    outer loop
      vertex 0.599991 62.2 11.062
      vertex 0 62.2 11.0558
      vertex 0 62.2 11.062
    endloop
  endfacet
  facet normal -0 1 0
    outer loop
      vertex 0 62.2 11.0558
      vertex 0.599991 62.2 11.062
      vertex 1.59999 62.2 10.062
    endloop
  endfacet
  facet normal 0 1 -0
    outer loop
      vertex 0.599991 62.2 15.062
      vertex 0 62.2 15.0682
      vertex 1.59999 62.2 16.062
    endloop
  endfacet
  facet normal 0 1 0
    outer loop
      vertex 0 62.2 15.0682
      vertex 0.599991 62.2 15.062
      vertex 0 62.2 15.062
    endloop
  endfacet
  facet normal 0 1 0
    outer loop
      vertex 0.599991 20.4 15.062
      vertex 0.599991 20.4 11.062
      vertex 0 20.4 15.062
    endloop
  endfacet
  facet normal 0 1 0
    outer loop
      vertex 1.59999 20.4 16.062
      vertex 0.599991 20.4 11.062
      vertex 0.599991 20.4 15.062
    endloop
  endfacet
  facet normal -0 1 0
    outer loop
      vertex 0.599991 20.4 11.062
      vertex 1.59999 20.4 16.062
      vertex 1.59999 20.4 10.062
    endloop
  endfacet
  facet normal 0 1 0
    outer loop
      vertex 0 20.4 15.062
      vertex 0.599991 20.4 11.062
      vertex 0 20.4 11.062
    endloop
  endfacet
  facet normal 0.707107 0 -0.707106
    outer loop
      vertex 1.59999 20.4 16.062
      vertex 0.599991 62.2 15.062
      vertex 1.59999 62.2 16.062
    endloop
  endfacet
  facet normal 0.707107 0 -0.707106
    outer loop
      vertex 0.599991 62.2 15.062
      vertex 1.59999 20.4 16.062
      vertex 0.599991 20.4 15.062
    endloop
  endfacet
  facet normal -1 0 0
    outer loop
      vertex 1.59999 20.4 10.062
      vertex 1.59999 62.2 16.062
      vertex 1.59999 62.2 10.062
    endloop
  endfacet
  facet normal -1 -0 0
    outer loop
      vertex 1.59999 62.2 16.062
      vertex 1.59999 20.4 10.062
      vertex 1.59999 20.4 16.062
    endloop
  endfacet
  facet normal 0.707107 -0 0.707106
    outer loop
      vertex 0.599991 20.4 11.062
      vertex 1.59999 62.2 10.062
      vertex 0.599991 62.2 11.062
    endloop
  endfacet
  facet normal 0.707107 0 0.707106
    outer loop
      vertex 1.59999 62.2 10.062
      vertex 0.599991 20.4 11.062
      vertex 1.59999 20.4 10.062
    endloop
  endfacet
  facet normal -0 0 1
    outer loop
      vertex 0 62.2 11.062
      vertex 0.599991 20.4 11.062
      vertex 0.599991 62.2 11.062
    endloop
  endfacet
  facet normal 0 0 1
    outer loop
      vertex 0.599991 20.4 11.062
      vertex 0 62.2 11.062
      vertex 0 20.4 11.062
    endloop
  endfacet
  facet normal 0 0 -1
    outer loop
      vertex 0 20.4 15.062
      vertex 0.599991 62.2 15.062
      vertex 0.599991 20.4 15.062
    endloop
  endfacet
  facet normal -0 0 -1
    outer loop
      vertex 0.599991 62.2 15.062
      vertex 0 20.4 15.062
      vertex 0 62.2 15.062
    endloop
  endfacet
  facet normal 0.487649 0.381858 -0.785101
    outer loop
      vertex 0 62.2257 15.0807
      vertex 1.59999 62.2 16.062
      vertex 0 62.2 15.0682
    endloop
  endfacet
  facet normal 0.48784 0.380919 -0.785438
    outer loop
      vertex 1.59999 62.2 16.062
      vertex 0 62.2257 15.0807
      vertex 1.92999 67.19 18.687
    endloop
  endfacet
  facet normal -1 0 0
    outer loop
      vertex 1.92999 67.19 7.437
      vertex 1.92999 67.2 18.687
      vertex 1.92999 67.2 7.437
    endloop
  endfacet
  facet normal -1 -0 0
    outer loop
      vertex 1.92999 67.2 18.687
      vertex 1.92999 67.19 7.437
      vertex 1.92999 67.19 18.687
    endloop
  endfacet
  facet normal 0.664488 0 0.747299
    outer loop
      vertex 0 67.2 9.15312
      vertex 1.92999 67.19 7.437
      vertex 1.92999 67.2 7.437
    endloop
  endfacet
  facet normal 0.664488 0 0.747299
    outer loop
      vertex 1.92999 67.19 7.437
      vertex 0 67.2 9.15312
      vertex 0 67.19 9.15312
    endloop
  endfacet
  facet normal -0.99782 0.0659881 0
    outer loop
      vertex 1.59999 62.2 10.062
      vertex 1.92999 67.19 18.687
      vertex 1.92999 67.19 7.437
    endloop
  endfacet
  facet normal -0.99782 0.0659881 0
    outer loop
      vertex 1.92999 67.19 18.687
      vertex 1.59999 62.2 10.062
      vertex 1.59999 62.2 16.062
    endloop
  endfacet
  facet normal 0.664484 0 -0.747303
    outer loop
      vertex 0 67.19 16.9709
      vertex 1.92999 67.2 18.687
      vertex 1.92999 67.19 18.687
    endloop
  endfacet
  facet normal 0.664484 0 -0.747303
    outer loop
      vertex 1.92999 67.2 18.687
      vertex 0 67.19 16.9709
      vertex 0 67.2 16.9709
    endloop
  endfacet
  facet normal 0.639119 0.273675 0.718769
    outer loop
      vertex 0 67.19 9.15312
      vertex 0 62.2257 11.0433
      vertex 1.92999 67.19 7.437
    endloop
  endfacet
  facet normal 0.48784 0.380919 0.785438
    outer loop
      vertex 0 62.2257 11.0433
      vertex 1.59999 62.2 10.062
      vertex 1.92999 67.19 7.437
    endloop
  endfacet
  facet normal 0.487649 0.381858 0.785101
    outer loop
      vertex 1.59999 62.2 10.062
      vertex 0 62.2257 11.0433
      vertex 0 62.2 11.0558
    endloop
  endfacet
  facet normal 0.639114 0.273679 -0.718772
    outer loop
      vertex 1.92999 67.19 18.687
      vertex 0 62.2257 15.0807
      vertex 0 67.19 16.9709
    endloop
  endfacet
  facet normal 0 1 0
    outer loop
      vertex 72.46 62.2 15.062
      vertex 73.06 62.2 15.0682
      vertex 73.06 62.2 15.062
    endloop
  endfacet
  facet normal 0 1 0
    outer loop
      vertex 73.06 62.2 15.0682
      vertex 72.46 62.2 15.062
      vertex 71.46 62.2 16.062
    endloop
  endfacet
  facet normal 0 1 -0
    outer loop
      vertex 73.06 62.2 11.0558
      vertex 72.46 62.2 11.062
      vertex 73.06 62.2 11.062
    endloop
  endfacet
  facet normal 0 1 0
    outer loop
      vertex 72.46 62.2 11.062
      vertex 73.06 62.2 11.0558
      vertex 71.46 62.2 10.062
    endloop
  endfacet
  facet normal 0 1 0
    outer loop
      vertex 73.06 20.4 15.062
      vertex 73.06 20.4 11.062
      vertex 72.46 20.4 15.062
    endloop
  endfacet
  facet normal 0 1 0
    outer loop
      vertex 72.46 20.4 11.062
      vertex 72.46 20.4 15.062
      vertex 73.06 20.4 11.062
    endloop
  endfacet
  facet normal 0 1 0
    outer loop
      vertex 72.46 20.4 15.062
      vertex 72.46 20.4 11.062
      vertex 71.46 20.4 16.062
    endloop
  endfacet
  facet normal 0 1 0
    outer loop
      vertex 71.46 20.4 16.062
      vertex 72.46 20.4 11.062
      vertex 71.46 20.4 10.062
    endloop
  endfacet
  facet normal -0.707107 0 0.707107
    outer loop
      vertex 71.46 20.4 10.062
      vertex 72.46 62.2 11.062
      vertex 71.46 62.2 10.062
    endloop
  endfacet
  facet normal -0.707107 0 0.707107
    outer loop
      vertex 72.46 62.2 11.062
      vertex 71.46 20.4 10.062
      vertex 72.46 20.4 11.062
    endloop
  endfacet
  facet normal 1 -0 0
    outer loop
      vertex 71.46 20.4 16.062
      vertex 71.46 62.2 10.062
      vertex 71.46 62.2 16.062
    endloop
  endfacet
  facet normal 1 0 0
    outer loop
      vertex 71.46 62.2 10.062
      vertex 71.46 20.4 16.062
      vertex 71.46 20.4 10.062
    endloop
  endfacet
  facet normal -0.707107 0 -0.707107
    outer loop
      vertex 72.46 20.4 15.062
      vertex 71.46 62.2 16.062
      vertex 72.46 62.2 15.062
    endloop
  endfacet
  facet normal -0.707107 -0 -0.707107
    outer loop
      vertex 71.46 62.2 16.062
      vertex 72.46 20.4 15.062
      vertex 71.46 20.4 16.062
    endloop
  endfacet
  facet normal 0 0 -1
    outer loop
      vertex 72.46 20.4 15.062
      vertex 73.06 62.2 15.062
      vertex 73.06 20.4 15.062
    endloop
  endfacet
  facet normal -0 0 -1
    outer loop
      vertex 73.06 62.2 15.062
      vertex 72.46 20.4 15.062
      vertex 72.46 62.2 15.062
    endloop
  endfacet
  facet normal -0 0 1
    outer loop
      vertex 72.46 62.2 11.062
      vertex 73.06 20.4 11.062
      vertex 73.06 62.2 11.062
    endloop
  endfacet
  facet normal 0 0 1
    outer loop
      vertex 73.06 20.4 11.062
      vertex 72.46 62.2 11.062
      vertex 72.46 20.4 11.062
    endloop
  endfacet
  facet normal -0.487646 0.381859 0.785102
    outer loop
      vertex 73.06 62.2257 11.0433
      vertex 71.46 62.2 10.062
      vertex 73.06 62.2 11.0558
    endloop
  endfacet
  facet normal -0.487838 0.38092 0.785439
    outer loop
      vertex 71.46 62.2 10.062
      vertex 73.06 62.2257 11.0433
      vertex 71.13 67.19 7.437
    endloop
  endfacet
  facet normal 1 -0 0
    outer loop
      vertex 71.13 67.19 18.687
      vertex 71.13 67.2 7.437
      vertex 71.13 67.2 18.687
    endloop
  endfacet
  facet normal 1 0 0
    outer loop
      vertex 71.13 67.2 7.437
      vertex 71.13 67.19 18.687
      vertex 71.13 67.19 7.437
    endloop
  endfacet
  facet normal -0.664482 0 -0.747305
    outer loop
      vertex 71.13 67.19 18.687
      vertex 73.06 67.2 16.9709
      vertex 73.06 67.19 16.9709
    endloop
  endfacet
  facet normal -0.664482 0 -0.747305
    outer loop
      vertex 73.06 67.2 16.9709
      vertex 71.13 67.19 18.687
      vertex 71.13 67.2 18.687
    endloop
  endfacet
  facet normal 0.99782 0.0659881 0
    outer loop
      vertex 71.46 62.2 16.062
      vertex 71.13 67.19 7.437
      vertex 71.13 67.19 18.687
    endloop
  endfacet
  facet normal 0.99782 0.0659881 0
    outer loop
      vertex 71.13 67.19 7.437
      vertex 71.46 62.2 16.062
      vertex 71.46 62.2 10.062
    endloop
  endfacet
  facet normal -0.664486 0 0.747301
    outer loop
      vertex 71.13 67.2 7.437
      vertex 73.06 67.19 9.15312
      vertex 73.06 67.2 9.15312
    endloop
  endfacet
  facet normal -0.664486 0 0.747301
    outer loop
      vertex 73.06 67.19 9.15312
      vertex 71.13 67.2 7.437
      vertex 71.13 67.19 7.437
    endloop
  endfacet
  facet normal -0.639112 0.273679 -0.718773
    outer loop
      vertex 73.06 62.2257 15.0807
      vertex 71.13 67.19 18.687
      vertex 73.06 67.19 16.9709
    endloop
  endfacet
  facet normal -0.487646 0.381859 -0.785102
    outer loop
      vertex 71.46 62.2 16.062
      vertex 73.06 62.2257 15.0807
      vertex 73.06 62.2 15.0682
    endloop
  endfacet
  facet normal -0.487838 0.38092 -0.785439
    outer loop
      vertex 73.06 62.2257 15.0807
      vertex 71.46 62.2 16.062
      vertex 71.13 67.19 18.687
    endloop
  endfacet
  facet normal -0.639117 0.273675 0.71877
    outer loop
      vertex 73.06 67.19 9.15312
      vertex 71.13 67.19 7.437
      vertex 73.06 62.2257 11.0433
    endloop
  endfacet
  facet normal 0 1 0
    outer loop
      vertex 0.599991 62.2 59.578
      vertex 0 62.2 59.5718
      vertex 0 62.2 59.578
    endloop
  endfacet
  facet normal -0 1 0
    outer loop
      vertex 0 62.2 59.5718
      vertex 0.599991 62.2 59.578
      vertex 1.59999 62.2 58.578
    endloop
  endfacet
  facet normal 0 1 -0
    outer loop
      vertex 0.599991 62.2 63.578
      vertex 0 62.2 63.5842
      vertex 1.59999 62.2 64.578
    endloop
  endfacet
  facet normal 0 1 0
    outer loop
      vertex 0 62.2 63.5842
      vertex 0.599991 62.2 63.578
      vertex 0 62.2 63.578
    endloop
  endfacet
  facet normal 0 1 0
    outer loop
      vertex 0.599991 20.4 63.578
      vertex 0.599991 20.4 59.578
      vertex 0 20.4 63.578
    endloop
  endfacet
  facet normal 0 1 0
    outer loop
      vertex 1.59999 20.4 64.578
      vertex 0.599991 20.4 59.578
      vertex 0.599991 20.4 63.578
    endloop
  endfacet
  facet normal -0 1 0
    outer loop
      vertex 0.599991 20.4 59.578
      vertex 1.59999 20.4 64.578
      vertex 1.59999 20.4 58.578
    endloop
  endfacet
  facet normal 0 1 0
    outer loop
      vertex 0 20.4 63.578
      vertex 0.599991 20.4 59.578
      vertex 0 20.4 59.578
    endloop
  endfacet
  facet normal 0.707107 0 -0.707106
    outer loop
      vertex 1.59999 20.4 64.578
      vertex 0.599991 62.2 63.578
      vertex 1.59999 62.2 64.578
    endloop
  endfacet
  facet normal 0.707107 0 -0.707106
    outer loop
      vertex 0.599991 62.2 63.578
      vertex 1.59999 20.4 64.578
      vertex 0.599991 20.4 63.578
    endloop
  endfacet
  facet normal -1 0 0
    outer loop
      vertex 1.59999 20.4 58.578
      vertex 1.59999 62.2 64.578
      vertex 1.59999 62.2 58.578
    endloop
  endfacet
  facet normal -1 -0 0
    outer loop
      vertex 1.59999 62.2 64.578
      vertex 1.59999 20.4 58.578
      vertex 1.59999 20.4 64.578
    endloop
  endfacet
  facet normal 0.707107 -0 0.707106
    outer loop
      vertex 0.599991 20.4 59.578
      vertex 1.59999 62.2 58.578
      vertex 0.599991 62.2 59.578
    endloop
  endfacet
  facet normal 0.707107 0 0.707106
    outer loop
      vertex 1.59999 62.2 58.578
      vertex 0.599991 20.4 59.578
      vertex 1.59999 20.4 58.578
    endloop
  endfacet
  facet normal -0 0 1
    outer loop
      vertex 0 62.2 59.578
      vertex 0.599991 20.4 59.578
      vertex 0.599991 62.2 59.578
    endloop
  endfacet
  facet normal 0 0 1
    outer loop
      vertex 0.599991 20.4 59.578
      vertex 0 62.2 59.578
      vertex 0 20.4 59.578
    endloop
  endfacet
  facet normal 0 0 -1
    outer loop
      vertex 0 20.4 63.578
      vertex 0.599991 62.2 63.578
      vertex 0.599991 20.4 63.578
    endloop
  endfacet
  facet normal -0 0 -1
    outer loop
      vertex 0.599991 62.2 63.578
      vertex 0 20.4 63.578
      vertex 0 62.2 63.578
    endloop
  endfacet
  facet normal 0.487649 0.381858 -0.785101
    outer loop
      vertex 0 62.2257 63.5967
      vertex 1.59999 62.2 64.578
      vertex 0 62.2 63.5842
    endloop
  endfacet
  facet normal 0.48784 0.380919 -0.785438
    outer loop
      vertex 1.59999 62.2 64.578
      vertex 0 62.2257 63.5967
      vertex 1.92999 67.19 67.203
    endloop
  endfacet
  facet normal -1 0 0
    outer loop
      vertex 1.92999 67.19 55.953
      vertex 1.92999 67.2 67.203
      vertex 1.92999 67.2 55.953
    endloop
  endfacet
  facet normal -1 -0 0
    outer loop
      vertex 1.92999 67.2 67.203
      vertex 1.92999 67.19 55.953
      vertex 1.92999 67.19 67.203
    endloop
  endfacet
  facet normal 0.664484 0 0.747303
    outer loop
      vertex 0 67.2 57.6691
      vertex 1.92999 67.19 55.953
      vertex 1.92999 67.2 55.953
    endloop
  endfacet
  facet normal 0.664484 0 0.747303
    outer loop
      vertex 1.92999 67.19 55.953
      vertex 0 67.2 57.6691
      vertex 0 67.19 57.6691
    endloop
  endfacet
  facet normal -0.99782 0.0659881 0
    outer loop
      vertex 1.59999 62.2 58.578
      vertex 1.92999 67.19 67.203
      vertex 1.92999 67.19 55.953
    endloop
  endfacet
  facet normal -0.99782 0.0659881 0
    outer loop
      vertex 1.92999 67.19 67.203
      vertex 1.59999 62.2 58.578
      vertex 1.59999 62.2 64.578
    endloop
  endfacet
  facet normal 0.664484 0 -0.747303
    outer loop
      vertex 0 67.19 65.4869
      vertex 1.92999 67.2 67.203
      vertex 1.92999 67.19 67.203
    endloop
  endfacet
  facet normal 0.664484 0 -0.747303
    outer loop
      vertex 1.92999 67.2 67.203
      vertex 0 67.19 65.4869
      vertex 0 67.2 65.4869
    endloop
  endfacet
  facet normal 0.639114 0.273679 0.718772
    outer loop
      vertex 0 67.19 57.6691
      vertex 0 62.2257 59.5593
      vertex 1.92999 67.19 55.953
    endloop
  endfacet
  facet normal 0.48784 0.380919 0.785438
    outer loop
      vertex 0 62.2257 59.5593
      vertex 1.59999 62.2 58.578
      vertex 1.92999 67.19 55.953
    endloop
  endfacet
  facet normal 0.487649 0.381858 0.785101
    outer loop
      vertex 1.59999 62.2 58.578
      vertex 0 62.2257 59.5593
      vertex 0 62.2 59.5718
    endloop
  endfacet
  facet normal 0.639114 0.273679 -0.718772
    outer loop
      vertex 1.92999 67.19 67.203
      vertex 0 62.2257 63.5967
      vertex 0 67.19 65.4869
    endloop
  endfacet
  facet normal 0 1 0
    outer loop
      vertex 72.46 62.2 63.578
      vertex 73.06 62.2 63.5842
      vertex 73.06 62.2 63.578
    endloop
  endfacet
  facet normal 0 1 0
    outer loop
      vertex 73.06 62.2 63.5842
      vertex 72.46 62.2 63.578
      vertex 71.46 62.2 64.578
    endloop
  endfacet
  facet normal 0 1 -0
    outer loop
      vertex 73.06 62.2 59.5718
      vertex 72.46 62.2 59.578
      vertex 73.06 62.2 59.578
    endloop
  endfacet
  facet normal 0 1 0
    outer loop
      vertex 72.46 62.2 59.578
      vertex 73.06 62.2 59.5718
      vertex 71.46 62.2 58.578
    endloop
  endfacet
  facet normal 0 1 0
    outer loop
      vertex 73.06 20.4 63.578
      vertex 73.06 20.4 59.578
      vertex 72.46 20.4 63.578
    endloop
  endfacet
  facet normal 0 1 0
    outer loop
      vertex 72.46 20.4 59.578
      vertex 72.46 20.4 63.578
      vertex 73.06 20.4 59.578
    endloop
  endfacet
  facet normal 0 1 0
    outer loop
      vertex 72.46 20.4 63.578
      vertex 72.46 20.4 59.578
      vertex 71.46 20.4 64.578
    endloop
  endfacet
  facet normal 0 1 0
    outer loop
      vertex 71.46 20.4 64.578
      vertex 72.46 20.4 59.578
      vertex 71.46 20.4 58.578
    endloop
  endfacet
  facet normal -0.707107 0 0.707107
    outer loop
      vertex 71.46 20.4 58.578
      vertex 72.46 62.2 59.578
      vertex 71.46 62.2 58.578
    endloop
  endfacet
  facet normal -0.707107 0 0.707107
    outer loop
      vertex 72.46 62.2 59.578
      vertex 71.46 20.4 58.578
      vertex 72.46 20.4 59.578
    endloop
  endfacet
  facet normal 1 -0 0
    outer loop
      vertex 71.46 20.4 64.578
      vertex 71.46 62.2 58.578
      vertex 71.46 62.2 64.578
    endloop
  endfacet
  facet normal 1 0 0
    outer loop
      vertex 71.46 62.2 58.578
      vertex 71.46 20.4 64.578
      vertex 71.46 20.4 58.578
    endloop
  endfacet
  facet normal -0.707107 0 -0.707107
    outer loop
      vertex 72.46 20.4 63.578
      vertex 71.46 62.2 64.578
      vertex 72.46 62.2 63.578
    endloop
  endfacet
  facet normal -0.707107 -0 -0.707107
    outer loop
      vertex 71.46 62.2 64.578
      vertex 72.46 20.4 63.578
      vertex 71.46 20.4 64.578
    endloop
  endfacet
  facet normal 0 0 -1
    outer loop
      vertex 72.46 20.4 63.578
      vertex 73.06 62.2 63.578
      vertex 73.06 20.4 63.578
    endloop
  endfacet
  facet normal -0 0 -1
    outer loop
      vertex 73.06 62.2 63.578
      vertex 72.46 20.4 63.578
      vertex 72.46 62.2 63.578
    endloop
  endfacet
  facet normal -0 0 1
    outer loop
      vertex 72.46 62.2 59.578
      vertex 73.06 20.4 59.578
      vertex 73.06 62.2 59.578
    endloop
  endfacet
  facet normal 0 0 1
    outer loop
      vertex 73.06 20.4 59.578
      vertex 72.46 62.2 59.578
      vertex 72.46 20.4 59.578
    endloop
  endfacet
  facet normal -0.487646 0.381859 0.785102
    outer loop
      vertex 73.06 62.2257 59.5593
      vertex 71.46 62.2 58.578
      vertex 73.06 62.2 59.5718
    endloop
  endfacet
  facet normal -0.487838 0.38092 0.785439
    outer loop
      vertex 71.46 62.2 58.578
      vertex 73.06 62.2257 59.5593
      vertex 71.13 67.19 55.953
    endloop
  endfacet
  facet normal 1 -0 0
    outer loop
      vertex 71.13 67.19 67.203
      vertex 71.13 67.2 55.953
      vertex 71.13 67.2 67.203
    endloop
  endfacet
  facet normal 1 0 0
    outer loop
      vertex 71.13 67.2 55.953
      vertex 71.13 67.19 67.203
      vertex 71.13 67.19 55.953
    endloop
  endfacet
  facet normal -0.664482 0 -0.747305
    outer loop
      vertex 71.13 67.19 67.203
      vertex 73.06 67.2 65.4869
      vertex 73.06 67.19 65.4869
    endloop
  endfacet
  facet normal -0.664482 0 -0.747305
    outer loop
      vertex 73.06 67.2 65.4869
      vertex 71.13 67.19 67.203
      vertex 71.13 67.2 67.203
    endloop
  endfacet
  facet normal 0.99782 0.0659881 0
    outer loop
      vertex 71.46 62.2 64.578
      vertex 71.13 67.19 55.953
      vertex 71.13 67.19 67.203
    endloop
  endfacet
  facet normal 0.99782 0.0659881 0
    outer loop
      vertex 71.13 67.19 55.953
      vertex 71.46 62.2 64.578
      vertex 71.46 62.2 58.578
    endloop
  endfacet
  facet normal -0.664482 0 0.747305
    outer loop
      vertex 71.13 67.2 55.953
      vertex 73.06 67.19 57.6691
      vertex 73.06 67.2 57.6691
    endloop
  endfacet
  facet normal -0.664482 0 0.747305
    outer loop
      vertex 73.06 67.19 57.6691
      vertex 71.13 67.2 55.953
      vertex 71.13 67.19 55.953
    endloop
  endfacet
  facet normal -0.639112 0.273679 -0.718773
    outer loop
      vertex 73.06 62.2257 63.5967
      vertex 71.13 67.19 67.203
      vertex 73.06 67.19 65.4869
    endloop
  endfacet
  facet normal -0.487646 0.381859 -0.785102
    outer loop
      vertex 71.46 62.2 64.578
      vertex 73.06 62.2257 63.5967
      vertex 73.06 62.2 63.5842
    endloop
  endfacet
  facet normal -0.487838 0.38092 -0.785439
    outer loop
      vertex 73.06 62.2257 63.5967
      vertex 71.46 62.2 64.578
      vertex 71.13 67.19 67.203
    endloop
  endfacet
  facet normal -0.639112 0.273679 0.718773
    outer loop
      vertex 73.06 67.19 57.6691
      vertex 71.13 67.19 55.953
      vertex 73.06 62.2257 59.5593
    endloop
  endfacet
  facet normal 0 1 -0
    outer loop
      vertex 14.7922 62.2 0
      vertex 14.786 62.2 0.599991
      vertex 15.786 62.2 1.59999
    endloop
  endfacet
  facet normal 0 1 0
    outer loop
      vertex 14.786 62.2 0.599991
      vertex 14.7922 62.2 0
      vertex 14.786 62.2 0
    endloop
  endfacet
  facet normal 0 1 0
    outer loop
      vertex 10.7798 62.2 0
      vertex 10.786 62.2 0.599991
      vertex 10.786 62.2 0
    endloop
  endfacet
  facet normal 0 1 0
    outer loop
      vertex 10.786 62.2 0.599991
      vertex 10.7798 62.2 0
      vertex 9.786 62.2 1.59999
    endloop
  endfacet
  facet normal 0 1 -0
    outer loop
      vertex 14.786 20.4 0.599991
      vertex 9.786 20.4 1.59999
      vertex 15.786 20.4 1.59999
    endloop
  endfacet
  facet normal 0 1 0
    outer loop
      vertex 14.786 20.4 0.599991
      vertex 10.786 20.4 0.599991
      vertex 9.786 20.4 1.59999
    endloop
  endfacet
  facet normal 0 1 -0
    outer loop
      vertex 14.786 20.4 0
      vertex 10.786 20.4 0.599991
      vertex 14.786 20.4 0.599991
    endloop
  endfacet
  facet normal 0 1 0
    outer loop
      vertex 10.786 20.4 0.599991
      vertex 14.786 20.4 0
      vertex 10.786 20.4 0
    endloop
  endfacet
  facet normal 0.707106 -0 0.707107
    outer loop
      vertex 9.786 20.4 1.59999
      vertex 10.786 62.2 0.599991
      vertex 9.786 62.2 1.59999
    endloop
  endfacet
  facet normal 0.707106 0 0.707107
    outer loop
      vertex 10.786 62.2 0.599991
      vertex 9.786 20.4 1.59999
      vertex 10.786 20.4 0.599991
    endloop
  endfacet
  facet normal 0 0 -1
    outer loop
      vertex 9.786 20.4 1.59999
      vertex 15.786 62.2 1.59999
      vertex 15.786 20.4 1.59999
    endloop
  endfacet
  facet normal -0 0 -1
    outer loop
      vertex 15.786 62.2 1.59999
      vertex 9.786 20.4 1.59999
      vertex 9.786 62.2 1.59999
    endloop
  endfacet
  facet normal -0.707106 0 0.707107
    outer loop
      vertex 14.786 20.4 0.599991
      vertex 15.786 62.2 1.59999
      vertex 14.786 62.2 0.599991
    endloop
  endfacet
  facet normal -0.707106 0 0.707107
    outer loop
      vertex 15.786 62.2 1.59999
      vertex 14.786 20.4 0.599991
      vertex 15.786 20.4 1.59999
    endloop
  endfacet
  facet normal -1 0 0
    outer loop
      vertex 14.786 20.4 0
      vertex 14.786 62.2 0.599991
      vertex 14.786 62.2 0
    endloop
  endfacet
  facet normal -1 -0 0
    outer loop
      vertex 14.786 62.2 0.599991
      vertex 14.786 20.4 0
      vertex 14.786 20.4 0.599991
    endloop
  endfacet
  facet normal 1 -0 0
    outer loop
      vertex 10.786 20.4 0.599991
      vertex 10.786 62.2 0
      vertex 10.786 62.2 0.599991
    endloop
  endfacet
  facet normal 1 0 0
    outer loop
      vertex 10.786 62.2 0
      vertex 10.786 20.4 0.599991
      vertex 10.786 20.4 0
    endloop
  endfacet
  facet normal 0.785438 0.380919 0.48784
    outer loop
      vertex 9.786 62.2 1.59999
      vertex 10.7673 62.2257 0
      vertex 7.161 67.19 1.92999
    endloop
  endfacet
  facet normal 0.785101 0.381858 0.487649
    outer loop
      vertex 10.7673 62.2257 0
      vertex 9.786 62.2 1.59999
      vertex 10.7798 62.2 0
    endloop
  endfacet
  facet normal 0 0 -1
    outer loop
      vertex 7.161 67.19 1.92999
      vertex 18.411 67.2 1.92999
      vertex 18.411 67.19 1.92999
    endloop
  endfacet
  facet normal -0 0 -1
    outer loop
      vertex 18.411 67.2 1.92999
      vertex 7.161 67.19 1.92999
      vertex 7.161 67.2 1.92999
    endloop
  endfacet
  facet normal -0.747303 0 0.664484
    outer loop
      vertex 16.6949 67.19 0
      vertex 18.411 67.2 1.92999
      vertex 16.6949 67.2 0
    endloop
  endfacet
  facet normal -0.747303 0 0.664484
    outer loop
      vertex 18.411 67.2 1.92999
      vertex 16.6949 67.19 0
      vertex 18.411 67.19 1.92999
    endloop
  endfacet
  facet normal 0 0.0659881 -0.99782
    outer loop
      vertex 9.786 62.2 1.59999
      vertex 18.411 67.19 1.92999
      vertex 15.786 62.2 1.59999
    endloop
  endfacet
  facet normal 0 0.0659881 -0.99782
    outer loop
      vertex 18.411 67.19 1.92999
      vertex 9.786 62.2 1.59999
      vertex 7.161 67.19 1.92999
    endloop
  endfacet
  facet normal 0.747299 -0 0.664488
    outer loop
      vertex 7.161 67.19 1.92999
      vertex 8.87712 67.2 0
      vertex 7.161 67.2 1.92999
    endloop
  endfacet
  facet normal 0.747299 0 0.664488
    outer loop
      vertex 8.87712 67.2 0
      vertex 7.161 67.19 1.92999
      vertex 8.87712 67.19 0
    endloop
  endfacet
  facet normal -0.718772 0.273679 0.639114
    outer loop
      vertex 16.6949 67.19 0
      vertex 14.8047 62.2257 0
      vertex 18.411 67.19 1.92999
    endloop
  endfacet
  facet normal -0.785101 0.381858 0.487649
    outer loop
      vertex 15.786 62.2 1.59999
      vertex 14.8047 62.2257 0
      vertex 14.7922 62.2 0
    endloop
  endfacet
  facet normal -0.785438 0.380919 0.48784
    outer loop
      vertex 14.8047 62.2257 0
      vertex 15.786 62.2 1.59999
      vertex 18.411 67.19 1.92999
    endloop
  endfacet
  facet normal 0.718769 0.273675 0.639119
    outer loop
      vertex 8.87712 67.19 0
      vertex 7.161 67.19 1.92999
      vertex 10.7673 62.2257 0
    endloop
  endfacet
  facet normal 0 1 -0
    outer loop
      vertex 10.786 62.2 74.04
      vertex 10.7798 62.2 74.64
      vertex 10.786 62.2 74.64
    endloop
  endfacet
  facet normal 0 1 0
    outer loop
      vertex 10.7798 62.2 74.64
      vertex 10.786 62.2 74.04
      vertex 9.786 62.2 73.04
    endloop
  endfacet
  facet normal 0 1 0
    outer loop
      vertex 14.7922 62.2 74.64
      vertex 14.786 62.2 74.04
      vertex 14.786 62.2 74.64
    endloop
  endfacet
  facet normal -0 1 0
    outer loop
      vertex 14.786 62.2 74.04
      vertex 14.7922 62.2 74.64
      vertex 15.786 62.2 73.04
    endloop
  endfacet
  facet normal 0 1 -0
    outer loop
      vertex 14.786 20.4 74.04
      vertex 10.786 20.4 74.64
      vertex 14.786 20.4 74.64
    endloop
  endfacet
  facet normal 0 1 0
    outer loop
      vertex 14.786 20.4 74.04
      vertex 10.786 20.4 74.04
      vertex 10.786 20.4 74.64
    endloop
  endfacet
  facet normal 0 1 0
    outer loop
      vertex 15.786 20.4 73.04
      vertex 10.786 20.4 74.04
      vertex 14.786 20.4 74.04
    endloop
  endfacet
  facet normal 0 1 0
    outer loop
      vertex 10.786 20.4 74.04
      vertex 15.786 20.4 73.04
      vertex 9.786 20.4 73.04
    endloop
  endfacet
  facet normal -0.707107 0 -0.707107
    outer loop
      vertex 15.786 20.4 73.04
      vertex 14.786 62.2 74.04
      vertex 15.786 62.2 73.04
    endloop
  endfacet
  facet normal -0.707107 -0 -0.707107
    outer loop
      vertex 14.786 62.2 74.04
      vertex 15.786 20.4 73.04
      vertex 14.786 20.4 74.04
    endloop
  endfacet
  facet normal -0 0 1
    outer loop
      vertex 9.786 62.2 73.04
      vertex 15.786 20.4 73.04
      vertex 15.786 62.2 73.04
    endloop
  endfacet
  facet normal 0 0 1
    outer loop
      vertex 15.786 20.4 73.04
      vertex 9.786 62.2 73.04
      vertex 9.786 20.4 73.04
    endloop
  endfacet
  facet normal 0.707107 0 -0.707107
    outer loop
      vertex 10.786 20.4 74.04
      vertex 9.786 62.2 73.04
      vertex 10.786 62.2 74.04
    endloop
  endfacet
  facet normal 0.707107 0 -0.707107
    outer loop
      vertex 9.786 62.2 73.04
      vertex 10.786 20.4 74.04
      vertex 9.786 20.4 73.04
    endloop
  endfacet
  facet normal 1 -0 0
    outer loop
      vertex 10.786 20.4 74.64
      vertex 10.786 62.2 74.04
      vertex 10.786 62.2 74.64
    endloop
  endfacet
  facet normal 1 0 0
    outer loop
      vertex 10.786 62.2 74.04
      vertex 10.786 20.4 74.64
      vertex 10.786 20.4 74.04
    endloop
  endfacet
  facet normal -1 0 0
    outer loop
      vertex 14.786 20.4 74.04
      vertex 14.786 62.2 74.64
      vertex 14.786 62.2 74.04
    endloop
  endfacet
  facet normal -1 -0 0
    outer loop
      vertex 14.786 62.2 74.64
      vertex 14.786 20.4 74.04
      vertex 14.786 20.4 74.64
    endloop
  endfacet
  facet normal -0.785439 0.38092 -0.487838
    outer loop
      vertex 15.786 62.2 73.04
      vertex 14.8047 62.2257 74.64
      vertex 18.411 67.19 72.71
    endloop
  endfacet
  facet normal -0.785102 0.381859 -0.487646
    outer loop
      vertex 14.8047 62.2257 74.64
      vertex 15.786 62.2 73.04
      vertex 14.7922 62.2 74.64
    endloop
  endfacet
  facet normal -0 0 1
    outer loop
      vertex 7.161 67.2 72.71
      vertex 18.411 67.19 72.71
      vertex 18.411 67.2 72.71
    endloop
  endfacet
  facet normal 0 0 1
    outer loop
      vertex 18.411 67.19 72.71
      vertex 7.161 67.2 72.71
      vertex 7.161 67.19 72.71
    endloop
  endfacet
  facet normal 0.747301 0 -0.664486
    outer loop
      vertex 8.87712 67.19 74.64
      vertex 7.161 67.2 72.71
      vertex 8.87712 67.2 74.64
    endloop
  endfacet
  facet normal 0.747301 0 -0.664486
    outer loop
      vertex 7.161 67.2 72.71
      vertex 8.87712 67.19 74.64
      vertex 7.161 67.19 72.71
    endloop
  endfacet
  facet normal 0 0.0659881 0.99782
    outer loop
      vertex 18.411 67.19 72.71
      vertex 9.786 62.2 73.04
      vertex 15.786 62.2 73.04
    endloop
  endfacet
  facet normal 0 0.0659881 0.99782
    outer loop
      vertex 9.786 62.2 73.04
      vertex 18.411 67.19 72.71
      vertex 7.161 67.19 72.71
    endloop
  endfacet
  facet normal -0.747305 0 -0.664482
    outer loop
      vertex 18.411 67.19 72.71
      vertex 16.6949 67.2 74.64
      vertex 18.411 67.2 72.71
    endloop
  endfacet
  facet normal -0.747305 -0 -0.664482
    outer loop
      vertex 16.6949 67.2 74.64
      vertex 18.411 67.19 72.71
      vertex 16.6949 67.19 74.64
    endloop
  endfacet
  facet normal 0.71877 0.273675 -0.639117
    outer loop
      vertex 10.7673 62.2257 74.64
      vertex 7.161 67.19 72.71
      vertex 8.87712 67.19 74.64
    endloop
  endfacet
  facet normal 0.785102 0.381859 -0.487646
    outer loop
      vertex 9.786 62.2 73.04
      vertex 10.7673 62.2257 74.64
      vertex 10.7798 62.2 74.64
    endloop
  endfacet
  facet normal 0.785439 0.38092 -0.487838
    outer loop
      vertex 10.7673 62.2257 74.64
      vertex 9.786 62.2 73.04
      vertex 7.161 67.19 72.71
    endloop
  endfacet
  facet normal -0.718773 0.273679 -0.639112
    outer loop
      vertex 18.411 67.19 72.71
      vertex 14.8047 62.2257 74.64
      vertex 16.6949 67.19 74.64
    endloop
  endfacet
  facet normal 0 1 -0
    outer loop
      vertex 62.2802 62.2 0
      vertex 62.274 62.2 0.599991
      vertex 63.274 62.2 1.59999
    endloop
  endfacet
  facet normal 0 1 0
    outer loop
      vertex 62.274 62.2 0.599991
      vertex 62.2802 62.2 0
      vertex 62.274 62.2 0
    endloop
  endfacet
  facet normal 0 1 0
    outer loop
      vertex 58.2678 62.2 0
      vertex 58.274 62.2 0.599991
      vertex 58.274 62.2 0
    endloop
  endfacet
  facet normal 0 1 0
    outer loop
      vertex 58.274 62.2 0.599991
      vertex 58.2678 62.2 0
      vertex 57.274 62.2 1.59999
    endloop
  endfacet
  facet normal 0 1 -0
    outer loop
      vertex 62.274 20.4 0.599991
      vertex 57.274 20.4 1.59999
      vertex 63.274 20.4 1.59999
    endloop
  endfacet
  facet normal 0 1 0
    outer loop
      vertex 62.274 20.4 0.599991
      vertex 58.274 20.4 0.599991
      vertex 57.274 20.4 1.59999
    endloop
  endfacet
  facet normal 0 1 -0
    outer loop
      vertex 62.274 20.4 0
      vertex 58.274 20.4 0.599991
      vertex 62.274 20.4 0.599991
    endloop
  endfacet
  facet normal 0 1 0
    outer loop
      vertex 58.274 20.4 0.599991
      vertex 62.274 20.4 0
      vertex 58.274 20.4 0
    endloop
  endfacet
  facet normal 0.707106 -0 0.707107
    outer loop
      vertex 57.274 20.4 1.59999
      vertex 58.274 62.2 0.599991
      vertex 57.274 62.2 1.59999
    endloop
  endfacet
  facet normal 0.707106 0 0.707107
    outer loop
      vertex 58.274 62.2 0.599991
      vertex 57.274 20.4 1.59999
      vertex 58.274 20.4 0.599991
    endloop
  endfacet
  facet normal 0 0 -1
    outer loop
      vertex 57.274 20.4 1.59999
      vertex 63.274 62.2 1.59999
      vertex 63.274 20.4 1.59999
    endloop
  endfacet
  facet normal -0 0 -1
    outer loop
      vertex 63.274 62.2 1.59999
      vertex 57.274 20.4 1.59999
      vertex 57.274 62.2 1.59999
    endloop
  endfacet
  facet normal -0.707106 0 0.707107
    outer loop
      vertex 62.274 20.4 0.599991
      vertex 63.274 62.2 1.59999
      vertex 62.274 62.2 0.599991
    endloop
  endfacet
  facet normal -0.707106 0 0.707107
    outer loop
      vertex 63.274 62.2 1.59999
      vertex 62.274 20.4 0.599991
      vertex 63.274 20.4 1.59999
    endloop
  endfacet
  facet normal -1 0 0
    outer loop
      vertex 62.274 20.4 0
      vertex 62.274 62.2 0.599991
      vertex 62.274 62.2 0
    endloop
  endfacet
  facet normal -1 -0 0
    outer loop
      vertex 62.274 62.2 0.599991
      vertex 62.274 20.4 0
      vertex 62.274 20.4 0.599991
    endloop
  endfacet
  facet normal 1 -0 0
    outer loop
      vertex 58.274 20.4 0.599991
      vertex 58.274 62.2 0
      vertex 58.274 62.2 0.599991
    endloop
  endfacet
  facet normal 1 0 0
    outer loop
      vertex 58.274 62.2 0
      vertex 58.274 20.4 0.599991
      vertex 58.274 20.4 0
    endloop
  endfacet
  facet normal 0.785438 0.380919 0.48784
    outer loop
      vertex 57.274 62.2 1.59999
      vertex 58.2553 62.2257 0
      vertex 54.649 67.19 1.92999
    endloop
  endfacet
  facet normal 0.785101 0.381858 0.487649
    outer loop
      vertex 58.2553 62.2257 0
      vertex 57.274 62.2 1.59999
      vertex 58.2678 62.2 0
    endloop
  endfacet
  facet normal 0 0 -1
    outer loop
      vertex 54.649 67.19 1.92999
      vertex 65.899 67.2 1.92999
      vertex 65.899 67.19 1.92999
    endloop
  endfacet
  facet normal -0 0 -1
    outer loop
      vertex 65.899 67.2 1.92999
      vertex 54.649 67.19 1.92999
      vertex 54.649 67.2 1.92999
    endloop
  endfacet
  facet normal -0.747303 0 0.664484
    outer loop
      vertex 64.1829 67.19 0
      vertex 65.899 67.2 1.92999
      vertex 64.1829 67.2 0
    endloop
  endfacet
  facet normal -0.747303 0 0.664484
    outer loop
      vertex 65.899 67.2 1.92999
      vertex 64.1829 67.19 0
      vertex 65.899 67.19 1.92999
    endloop
  endfacet
  facet normal 0 0.0659881 -0.99782
    outer loop
      vertex 57.274 62.2 1.59999
      vertex 65.899 67.19 1.92999
      vertex 63.274 62.2 1.59999
    endloop
  endfacet
  facet normal 0 0.0659881 -0.99782
    outer loop
      vertex 65.899 67.19 1.92999
      vertex 57.274 62.2 1.59999
      vertex 54.649 67.19 1.92999
    endloop
  endfacet
  facet normal 0.747303 -0 0.664484
    outer loop
      vertex 54.649 67.19 1.92999
      vertex 56.3651 67.2 0
      vertex 54.649 67.2 1.92999
    endloop
  endfacet
  facet normal 0.747303 0 0.664484
    outer loop
      vertex 56.3651 67.2 0
      vertex 54.649 67.19 1.92999
      vertex 56.3651 67.19 0
    endloop
  endfacet
  facet normal -0.718772 0.273679 0.639114
    outer loop
      vertex 64.1829 67.19 0
      vertex 62.2927 62.2257 0
      vertex 65.899 67.19 1.92999
    endloop
  endfacet
  facet normal -0.785101 0.381858 0.487649
    outer loop
      vertex 63.274 62.2 1.59999
      vertex 62.2927 62.2257 0
      vertex 62.2802 62.2 0
    endloop
  endfacet
  facet normal -0.785438 0.380919 0.48784
    outer loop
      vertex 62.2927 62.2257 0
      vertex 63.274 62.2 1.59999
      vertex 65.899 67.19 1.92999
    endloop
  endfacet
  facet normal 0.718772 0.273679 0.639114
    outer loop
      vertex 56.3651 67.19 0
      vertex 54.649 67.19 1.92999
      vertex 58.2553 62.2257 0
    endloop
  endfacet
  facet normal 0 1 -0
    outer loop
      vertex 58.274 62.2 74.04
      vertex 58.2678 62.2 74.64
      vertex 58.274 62.2 74.64
    endloop
  endfacet
  facet normal 0 1 0
    outer loop
      vertex 58.2678 62.2 74.64
      vertex 58.274 62.2 74.04
      vertex 57.274 62.2 73.04
    endloop
  endfacet
  facet normal 0 1 0
    outer loop
      vertex 62.2802 62.2 74.64
      vertex 62.274 62.2 74.04
      vertex 62.274 62.2 74.64
    endloop
  endfacet
  facet normal -0 1 0
    outer loop
      vertex 62.274 62.2 74.04
      vertex 62.2802 62.2 74.64
      vertex 63.274 62.2 73.04
    endloop
  endfacet
  facet normal 0 1 -0
    outer loop
      vertex 62.274 20.4 74.04
      vertex 58.274 20.4 74.64
      vertex 62.274 20.4 74.64
    endloop
  endfacet
  facet normal 0 1 0
    outer loop
      vertex 62.274 20.4 74.04
      vertex 58.274 20.4 74.04
      vertex 58.274 20.4 74.64
    endloop
  endfacet
  facet normal 0 1 0
    outer loop
      vertex 63.274 20.4 73.04
      vertex 58.274 20.4 74.04
      vertex 62.274 20.4 74.04
    endloop
  endfacet
  facet normal 0 1 0
    outer loop
      vertex 58.274 20.4 74.04
      vertex 63.274 20.4 73.04
      vertex 57.274 20.4 73.04
    endloop
  endfacet
  facet normal -0.707107 0 -0.707107
    outer loop
      vertex 63.274 20.4 73.04
      vertex 62.274 62.2 74.04
      vertex 63.274 62.2 73.04
    endloop
  endfacet
  facet normal -0.707107 -0 -0.707107
    outer loop
      vertex 62.274 62.2 74.04
      vertex 63.274 20.4 73.04
      vertex 62.274 20.4 74.04
    endloop
  endfacet
  facet normal -0 0 1
    outer loop
      vertex 57.274 62.2 73.04
      vertex 63.274 20.4 73.04
      vertex 63.274 62.2 73.04
    endloop
  endfacet
  facet normal 0 0 1
    outer loop
      vertex 63.274 20.4 73.04
      vertex 57.274 62.2 73.04
      vertex 57.274 20.4 73.04
    endloop
  endfacet
  facet normal 0.707107 0 -0.707107
    outer loop
      vertex 58.274 20.4 74.04
      vertex 57.274 62.2 73.04
      vertex 58.274 62.2 74.04
    endloop
  endfacet
  facet normal 0.707107 0 -0.707107
    outer loop
      vertex 57.274 62.2 73.04
      vertex 58.274 20.4 74.04
      vertex 57.274 20.4 73.04
    endloop
  endfacet
  facet normal 1 -0 0
    outer loop
      vertex 58.274 20.4 74.64
      vertex 58.274 62.2 74.04
      vertex 58.274 62.2 74.64
    endloop
  endfacet
  facet normal 1 0 0
    outer loop
      vertex 58.274 62.2 74.04
      vertex 58.274 20.4 74.64
      vertex 58.274 20.4 74.04
    endloop
  endfacet
  facet normal -1 0 0
    outer loop
      vertex 62.274 20.4 74.04
      vertex 62.274 62.2 74.64
      vertex 62.274 62.2 74.04
    endloop
  endfacet
  facet normal -1 -0 0
    outer loop
      vertex 62.274 62.2 74.64
      vertex 62.274 20.4 74.04
      vertex 62.274 20.4 74.64
    endloop
  endfacet
  facet normal -0.785439 0.38092 -0.487838
    outer loop
      vertex 63.274 62.2 73.04
      vertex 62.2927 62.2257 74.64
      vertex 65.899 67.19 72.71
    endloop
  endfacet
  facet normal -0.785102 0.381859 -0.487646
    outer loop
      vertex 62.2927 62.2257 74.64
      vertex 63.274 62.2 73.04
      vertex 62.2802 62.2 74.64
    endloop
  endfacet
  facet normal -0 0 1
    outer loop
      vertex 54.649 67.2 72.71
      vertex 65.899 67.19 72.71
      vertex 65.899 67.2 72.71
    endloop
  endfacet
  facet normal 0 0 1
    outer loop
      vertex 65.899 67.19 72.71
      vertex 54.649 67.2 72.71
      vertex 54.649 67.19 72.71
    endloop
  endfacet
  facet normal 0.747305 0 -0.664482
    outer loop
      vertex 56.3651 67.19 74.64
      vertex 54.649 67.2 72.71
      vertex 56.3651 67.2 74.64
    endloop
  endfacet
  facet normal 0.747305 0 -0.664482
    outer loop
      vertex 54.649 67.2 72.71
      vertex 56.3651 67.19 74.64
      vertex 54.649 67.19 72.71
    endloop
  endfacet
  facet normal 0 0.0659881 0.99782
    outer loop
      vertex 65.899 67.19 72.71
      vertex 57.274 62.2 73.04
      vertex 63.274 62.2 73.04
    endloop
  endfacet
  facet normal 0 0.0659881 0.99782
    outer loop
      vertex 57.274 62.2 73.04
      vertex 65.899 67.19 72.71
      vertex 54.649 67.19 72.71
    endloop
  endfacet
  facet normal -0.747305 0 -0.664482
    outer loop
      vertex 65.899 67.19 72.71
      vertex 64.1829 67.2 74.64
      vertex 65.899 67.2 72.71
    endloop
  endfacet
  facet normal -0.747305 -0 -0.664482
    outer loop
      vertex 64.1829 67.2 74.64
      vertex 65.899 67.19 72.71
      vertex 64.1829 67.19 74.64
    endloop
  endfacet
  facet normal 0.718773 0.273679 -0.639112
    outer loop
      vertex 58.2553 62.2257 74.64
      vertex 54.649 67.19 72.71
      vertex 56.3651 67.19 74.64
    endloop
  endfacet
  facet normal 0.785102 0.381859 -0.487646
    outer loop
      vertex 57.274 62.2 73.04
      vertex 58.2553 62.2257 74.64
      vertex 58.2678 62.2 74.64
    endloop
  endfacet
  facet normal 0.785439 0.38092 -0.487838
    outer loop
      vertex 58.2553 62.2257 74.64
      vertex 57.274 62.2 73.04
      vertex 54.649 67.19 72.71
    endloop
  endfacet
  facet normal -0.718773 0.273679 -0.639112
    outer loop
      vertex 65.899 67.19 72.71
      vertex 62.2927 62.2257 74.64
      vertex 64.1829 67.19 74.64
    endloop
  endfacet
  facet normal -1 0 0
    outer loop
      vertex 0 67.2 1.5
      vertex 0 67.19 9.15312
      vertex 0 67.2 9.15312
    endloop
  endfacet
  facet normal -1 0 0
    outer loop
      vertex 0 67.2 1.5
      vertex 0 62.2257 11.0433
      vertex 0 67.19 9.15312
    endloop
  endfacet
  facet normal -1 0 0
    outer loop
      vertex 0 67.2 1.5
      vertex 0 62.2 11.0558
      vertex 0 62.2257 11.0433
    endloop
  endfacet
  facet normal -1 0 0
    outer loop
      vertex 0 62.2 11.0558
      vertex 0 20.4 11.062
      vertex 0 62.2 11.062
    endloop
  endfacet
  facet normal -1 0 0
    outer loop
      vertex 0 67.2 1.5
      vertex 0 20.4 11.062
      vertex 0 62.2 11.0558
    endloop
  endfacet
  facet normal -1 0 0
    outer loop
      vertex 0 0 1.5
      vertex 0 20.4 15.062
      vertex 0 20.4 11.062
    endloop
  endfacet
  facet normal -1 -0 0
    outer loop
      vertex 0 20.4 15.062
      vertex 0 0 1.5
      vertex 0 20.4 59.578
    endloop
  endfacet
  facet normal -1 0 0
    outer loop
      vertex 0 0 73.14
      vertex 0 20.4 59.578
      vertex 0 0 1.5
    endloop
  endfacet
  facet normal -1 0 0
    outer loop
      vertex 0 0 1.5
      vertex 0 20.4 11.062
      vertex 0 67.2 1.5
    endloop
  endfacet
  facet normal -1 0 0
    outer loop
      vertex 0 20.4 15.062
      vertex 0 62.2 15.0682
      vertex 0 62.2 15.062
    endloop
  endfacet
  facet normal -1 -0 0
    outer loop
      vertex 0 62.2 15.0682
      vertex 0 20.4 15.062
      vertex 0 62.2 59.5718
    endloop
  endfacet
  facet normal -1 0 0
    outer loop
      vertex 0 20.4 59.578
      vertex 0 62.2 59.5718
      vertex 0 20.4 15.062
    endloop
  endfacet
  facet normal -1 0 0
    outer loop
      vertex 0 62.2 59.5718
      vertex 0 20.4 59.578
      vertex 0 62.2 59.578
    endloop
  endfacet
  facet normal -1 0 0
    outer loop
      vertex 0 67.19 16.9709
      vertex 0 67.2 57.6691
      vertex 0 67.2 16.9709
    endloop
  endfacet
  facet normal -1 0 0
    outer loop
      vertex 0 67.19 16.9709
      vertex 0 67.19 57.6691
      vertex 0 67.2 57.6691
    endloop
  endfacet
  facet normal -1 0 0
    outer loop
      vertex 0 62.2257 15.0807
      vertex 0 67.19 57.6691
      vertex 0 67.19 16.9709
    endloop
  endfacet
  facet normal -1 0 0
    outer loop
      vertex 0 62.2257 15.0807
      vertex 0 62.2257 59.5593
      vertex 0 67.19 57.6691
    endloop
  endfacet
  facet normal -1 0 0
    outer loop
      vertex 0 62.2 15.0682
      vertex 0 62.2257 59.5593
      vertex 0 62.2257 15.0807
    endloop
  endfacet
  facet normal -1 -0 0
    outer loop
      vertex 0 62.2257 59.5593
      vertex 0 62.2 15.0682
      vertex 0 62.2 59.5718
    endloop
  endfacet
  facet normal -1 0 0
    outer loop
      vertex 0 62.2 63.578
      vertex 0 20.4 63.578
      vertex 0 62.2 63.5842
    endloop
  endfacet
  facet normal -1 0 0
    outer loop
      vertex 0 67.19 65.4869
      vertex 0 67.2 73.14
      vertex 0 67.2 65.4869
    endloop
  endfacet
  facet normal -1 0 0
    outer loop
      vertex 0 62.2257 63.5967
      vertex 0 67.2 73.14
      vertex 0 67.19 65.4869
    endloop
  endfacet
  facet normal -1 0 0
    outer loop
      vertex 0 62.2 63.5842
      vertex 0 67.2 73.14
      vertex 0 62.2257 63.5967
    endloop
  endfacet
  facet normal -1 0 0
    outer loop
      vertex 0 20.4 63.578
      vertex 0 67.2 73.14
      vertex 0 62.2 63.5842
    endloop
  endfacet
  facet normal -1 0 0
    outer loop
      vertex 0 20.4 63.578
      vertex 0 0 73.14
      vertex 0 67.2 73.14
    endloop
  endfacet
  facet normal -1 0 0
    outer loop
      vertex 0 20.4 59.578
      vertex 0 0 73.14
      vertex 0 20.4 63.578
    endloop
  endfacet
  facet normal 1 0 0
    outer loop
      vertex 73.06 67.2 73.14
      vertex 73.06 67.19 65.4869
      vertex 73.06 67.2 65.4869
    endloop
  endfacet
  facet normal 1 0 0
    outer loop
      vertex 73.06 67.2 73.14
      vertex 73.06 62.2257 63.5967
      vertex 73.06 67.19 65.4869
    endloop
  endfacet
  facet normal 1 0 0
    outer loop
      vertex 73.06 67.2 73.14
      vertex 73.06 62.2 63.5842
      vertex 73.06 62.2257 63.5967
    endloop
  endfacet
  facet normal 1 0 0
    outer loop
      vertex 73.06 62.2 63.5842
      vertex 73.06 20.4 63.578
      vertex 73.06 62.2 63.578
    endloop
  endfacet
  facet normal 1 0 0
    outer loop
      vertex 73.06 67.2 73.14
      vertex 73.06 20.4 63.578
      vertex 73.06 62.2 63.5842
    endloop
  endfacet
  facet normal 1 0 0
    outer loop
      vertex 73.06 0 73.14
      vertex 73.06 20.4 59.578
      vertex 73.06 20.4 63.578
    endloop
  endfacet
  facet normal 1 0 0
    outer loop
      vertex 73.06 20.4 59.578
      vertex 73.06 0 73.14
      vertex 73.06 20.4 15.062
    endloop
  endfacet
  facet normal 1 0 0
    outer loop
      vertex 73.06 0 1.5
      vertex 73.06 20.4 15.062
      vertex 73.06 0 73.14
    endloop
  endfacet
  facet normal 1 -0 0
    outer loop
      vertex 73.06 0 73.14
      vertex 73.06 20.4 63.578
      vertex 73.06 67.2 73.14
    endloop
  endfacet
  facet normal 1 -0 0
    outer loop
      vertex 73.06 20.4 59.578
      vertex 73.06 62.2 59.5718
      vertex 73.06 62.2 59.578
    endloop
  endfacet
  facet normal 1 0 0
    outer loop
      vertex 73.06 62.2 59.5718
      vertex 73.06 20.4 59.578
      vertex 73.06 62.2 15.0682
    endloop
  endfacet
  facet normal 1 0 0
    outer loop
      vertex 73.06 20.4 15.062
      vertex 73.06 62.2 15.0682
      vertex 73.06 20.4 59.578
    endloop
  endfacet
  facet normal 1 0 0
    outer loop
      vertex 73.06 62.2 15.0682
      vertex 73.06 20.4 15.062
      vertex 73.06 62.2 15.062
    endloop
  endfacet
  facet normal 1 -0 0
    outer loop
      vertex 73.06 67.19 57.6691
      vertex 73.06 67.2 16.9709
      vertex 73.06 67.2 57.6691
    endloop
  endfacet
  facet normal 1 0 0
    outer loop
      vertex 73.06 67.19 57.6691
      vertex 73.06 67.19 16.9709
      vertex 73.06 67.2 16.9709
    endloop
  endfacet
  facet normal 1 0 0
    outer loop
      vertex 73.06 62.2257 59.5593
      vertex 73.06 67.19 16.9709
      vertex 73.06 67.19 57.6691
    endloop
  endfacet
  facet normal 1 0 0
    outer loop
      vertex 73.06 62.2257 59.5593
      vertex 73.06 62.2257 15.0807
      vertex 73.06 67.19 16.9709
    endloop
  endfacet
  facet normal 1 0 0
    outer loop
      vertex 73.06 62.2 59.5718
      vertex 73.06 62.2257 15.0807
      vertex 73.06 62.2257 59.5593
    endloop
  endfacet
  facet normal 1 0 0
    outer loop
      vertex 73.06 62.2257 15.0807
      vertex 73.06 62.2 59.5718
      vertex 73.06 62.2 15.0682
    endloop
  endfacet
  facet normal 1 0 0
    outer loop
      vertex 73.06 62.2 11.062
      vertex 73.06 20.4 11.062
      vertex 73.06 62.2 11.0558
    endloop
  endfacet
  facet normal 1 -0 0
    outer loop
      vertex 73.06 67.19 9.15312
      vertex 73.06 67.2 1.5
      vertex 73.06 67.2 9.15312
    endloop
  endfacet
  facet normal 1 0 0
    outer loop
      vertex 73.06 62.2257 11.0433
      vertex 73.06 67.2 1.5
      vertex 73.06 67.19 9.15312
    endloop
  endfacet
  facet normal 1 0 0
    outer loop
      vertex 73.06 62.2 11.0558
      vertex 73.06 67.2 1.5
      vertex 73.06 62.2257 11.0433
    endloop
  endfacet
  facet normal 1 0 0
    outer loop
      vertex 73.06 20.4 11.062
      vertex 73.06 67.2 1.5
      vertex 73.06 62.2 11.0558
    endloop
  endfacet
  facet normal 1 0 0
    outer loop
      vertex 73.06 20.4 11.062
      vertex 73.06 0 1.5
      vertex 73.06 67.2 1.5
    endloop
  endfacet
  facet normal 1 0 0
    outer loop
      vertex 73.06 20.4 15.062
      vertex 73.06 0 1.5
      vertex 73.06 20.4 11.062
    endloop
  endfacet
  facet normal 0.707107 0 -0.707107
    outer loop
      vertex 73.06 0 1.5
      vertex 71.56 67.2 0
      vertex 73.06 67.2 1.5
    endloop
  endfacet
  facet normal 0.707107 0 -0.707107
    outer loop
      vertex 71.56 67.2 0
      vertex 73.06 0 1.5
      vertex 71.56 0 0
    endloop
  endfacet
  facet normal 0 1 0
    outer loop
      vertex 56.3651 67.2 0
      vertex 18.411 67.2 1.92999
      vertex 54.649 67.2 1.92999
    endloop
  endfacet
  facet normal 0 1 0
    outer loop
      vertex 18.411 67.2 1.92999
      vertex 56.3651 67.2 0
      vertex 16.6949 67.2 0
    endloop
  endfacet
  facet normal 0 1 0
    outer loop
      vertex 71.13 67.2 18.687
      vertex 54.649 67.2 1.92999
      vertex 1.92999 67.2 18.687
    endloop
  endfacet
  facet normal 0 1 -0
    outer loop
      vertex 73.06 67.2 1.5
      vertex 71.13 67.2 7.437
      vertex 73.06 67.2 9.15312
    endloop
  endfacet
  facet normal 0 1 0
    outer loop
      vertex 71.13 67.2 7.437
      vertex 73.06 67.2 1.5
      vertex 65.899 67.2 1.92999
    endloop
  endfacet
  facet normal 0 1 -0
    outer loop
      vertex 71.56 67.2 0
      vertex 65.899 67.2 1.92999
      vertex 73.06 67.2 1.5
    endloop
  endfacet
  facet normal 0 1 0
    outer loop
      vertex 65.899 67.2 1.92999
      vertex 71.56 67.2 0
      vertex 64.1829 67.2 0
    endloop
  endfacet
  facet normal 0 1 0
    outer loop
      vertex 54.649 67.2 1.92999
      vertex 71.13 67.2 7.437
      vertex 65.899 67.2 1.92999
    endloop
  endfacet
  facet normal 0 1 -0
    outer loop
      vertex 71.13 67.2 7.437
      vertex 54.649 67.2 1.92999
      vertex 71.13 67.2 18.687
    endloop
  endfacet
  facet normal 0 1 0
    outer loop
      vertex 71.13 67.2 55.953
      vertex 71.13 67.2 18.687
      vertex 1.92999 67.2 55.953
    endloop
  endfacet
  facet normal 0 1 0
    outer loop
      vertex 73.06 67.2 57.6691
      vertex 71.13 67.2 18.687
      vertex 71.13 67.2 55.953
    endloop
  endfacet
  facet normal -0 1 0
    outer loop
      vertex 71.13 67.2 18.687
      vertex 73.06 67.2 57.6691
      vertex 73.06 67.2 16.9709
    endloop
  endfacet
  facet normal 0 1 0
    outer loop
      vertex 1.92999 67.2 55.953
      vertex 18.411 67.2 72.71
      vertex 71.13 67.2 55.953
    endloop
  endfacet
  facet normal 0 1 0
    outer loop
      vertex 18.411 67.2 72.71
      vertex 1.92999 67.2 55.953
      vertex 1.92999 67.2 67.203
    endloop
  endfacet
  facet normal 0 1 0
    outer loop
      vertex 65.899 67.2 72.71
      vertex 71.56 67.2 74.64
      vertex 73.06 67.2 73.14
    endloop
  endfacet
  facet normal 0 1 0
    outer loop
      vertex 71.56 67.2 74.64
      vertex 65.899 67.2 72.71
      vertex 64.1829 67.2 74.64
    endloop
  endfacet
  facet normal 0 1 0
    outer loop
      vertex 71.13 67.2 67.203
      vertex 54.649 67.2 72.71
      vertex 65.899 67.2 72.71
    endloop
  endfacet
  facet normal 0 1 -0
    outer loop
      vertex 71.13 67.2 55.953
      vertex 54.649 67.2 72.71
      vertex 71.13 67.2 67.203
    endloop
  endfacet
  facet normal 0 1 0
    outer loop
      vertex 54.649 67.2 72.71
      vertex 71.13 67.2 55.953
      vertex 18.411 67.2 72.71
    endloop
  endfacet
  facet normal 0 1 0
    outer loop
      vertex 73.06 67.2 73.14
      vertex 71.13 67.2 67.203
      vertex 65.899 67.2 72.71
    endloop
  endfacet
  facet normal -0 1 0
    outer loop
      vertex 71.13 67.2 67.203
      vertex 73.06 67.2 73.14
      vertex 73.06 67.2 65.4869
    endloop
  endfacet
  facet normal 0 1 -0
    outer loop
      vertex 54.649 67.2 72.71
      vertex 16.6949 67.2 74.64
      vertex 56.3651 67.2 74.64
    endloop
  endfacet
  facet normal 0 1 0
    outer loop
      vertex 16.6949 67.2 74.64
      vertex 54.649 67.2 72.71
      vertex 18.411 67.2 72.71
    endloop
  endfacet
  facet normal 0 1 -0
    outer loop
      vertex 7.161 67.2 72.71
      vertex 1.5 67.2 74.64
      vertex 8.87712 67.2 74.64
    endloop
  endfacet
  facet normal 0 1 0
    outer loop
      vertex 1.5 67.2 74.64
      vertex 7.161 67.2 72.71
      vertex 0 67.2 73.14
    endloop
  endfacet
  facet normal 0 1 0
    outer loop
      vertex 18.411 67.2 72.71
      vertex 1.92999 67.2 67.203
      vertex 7.161 67.2 72.71
    endloop
  endfacet
  facet normal 0 1 0
    outer loop
      vertex 7.161 67.2 72.71
      vertex 1.92999 67.2 67.203
      vertex 0 67.2 73.14
    endloop
  endfacet
  facet normal 0 1 0
    outer loop
      vertex 0 67.2 73.14
      vertex 1.92999 67.2 67.203
      vertex 0 67.2 65.4869
    endloop
  endfacet
  facet normal 0 1 0
    outer loop
      vertex 1.92999 67.2 18.687
      vertex 1.92999 67.2 55.953
      vertex 71.13 67.2 18.687
    endloop
  endfacet
  facet normal 0 1 -0
    outer loop
      vertex 1.92999 67.2 18.687
      vertex 0 67.2 57.6691
      vertex 1.92999 67.2 55.953
    endloop
  endfacet
  facet normal 0 1 0
    outer loop
      vertex 0 67.2 57.6691
      vertex 1.92999 67.2 18.687
      vertex 0 67.2 16.9709
    endloop
  endfacet
  facet normal 0 1 -0
    outer loop
      vertex 18.411 67.2 1.92999
      vertex 1.92999 67.2 18.687
      vertex 54.649 67.2 1.92999
    endloop
  endfacet
  facet normal 0 1 0
    outer loop
      vertex 1.92999 67.2 18.687
      vertex 18.411 67.2 1.92999
      vertex 1.92999 67.2 7.437
    endloop
  endfacet
  facet normal 0 1 -0
    outer loop
      vertex 7.161 67.2 1.92999
      vertex 1.92999 67.2 7.437
      vertex 18.411 67.2 1.92999
    endloop
  endfacet
  facet normal 0 1 0
    outer loop
      vertex 0 67.2 1.5
      vertex 1.92999 67.2 7.437
      vertex 7.161 67.2 1.92999
    endloop
  endfacet
  facet normal 0 1 0
    outer loop
      vertex 1.92999 67.2 7.437
      vertex 0 67.2 1.5
      vertex 0 67.2 9.15312
    endloop
  endfacet
  facet normal 0 1 0
    outer loop
      vertex 1.5 67.2 0
      vertex 7.161 67.2 1.92999
      vertex 8.87712 67.2 0
    endloop
  endfacet
  facet normal 0 1 0
    outer loop
      vertex 7.161 67.2 1.92999
      vertex 1.5 67.2 0
      vertex 0 67.2 1.5
    endloop
  endfacet
  facet normal 0.707107 -0 0.707107
    outer loop
      vertex 71.56 0 74.64
      vertex 73.06 67.2 73.14
      vertex 71.56 67.2 74.64
    endloop
  endfacet
  facet normal 0.707107 0 0.707107
    outer loop
      vertex 73.06 67.2 73.14
      vertex 71.56 0 74.64
      vertex 73.06 0 73.14
    endloop
  endfacet
  facet normal -0.707107 0 -0.707107
    outer loop
      vertex 1.5 0 0
      vertex 0 67.2 1.5
      vertex 1.5 67.2 0
    endloop
  endfacet
  facet normal -0.707107 -0 -0.707107
    outer loop
      vertex 0 67.2 1.5
      vertex 1.5 0 0
      vertex 0 0 1.5
    endloop
  endfacet
  facet normal -0.707107 0 0.707107
    outer loop
      vertex 0 0 73.14
      vertex 1.5 67.2 74.64
      vertex 0 67.2 73.14
    endloop
  endfacet
  facet normal -0.707107 0 0.707107
    outer loop
      vertex 1.5 67.2 74.64
      vertex 0 0 73.14
      vertex 1.5 0 74.64
    endloop
  endfacet
  facet normal 0 0 -1
    outer loop
      vertex 62.274 20.4 0
      vertex 71.56 67.2 0
      vertex 71.56 0 0
    endloop
  endfacet
  facet normal 0 -0 -1
    outer loop
      vertex 62.2802 62.2 0
      vertex 71.56 67.2 0
      vertex 62.274 20.4 0
    endloop
  endfacet
  facet normal 0 0 -1
    outer loop
      vertex 71.56 67.2 0
      vertex 62.2927 62.2257 0
      vertex 64.1829 67.19 0
    endloop
  endfacet
  facet normal 0 0 -1
    outer loop
      vertex 71.56 67.2 0
      vertex 62.2802 62.2 0
      vertex 62.2927 62.2257 0
    endloop
  endfacet
  facet normal 0 0 -1
    outer loop
      vertex 71.56 0 0
      vertex 58.274 20.4 0
      vertex 62.274 20.4 0
    endloop
  endfacet
  facet normal 0 0 -1
    outer loop
      vertex 58.274 20.4 0
      vertex 58.2678 62.2 0
      vertex 58.274 62.2 0
    endloop
  endfacet
  facet normal 0 0 -1
    outer loop
      vertex 14.7922 62.2 0
      vertex 58.2678 62.2 0
      vertex 58.274 20.4 0
    endloop
  endfacet
  facet normal 0 0 -1
    outer loop
      vertex 58.2678 62.2 0
      vertex 14.7922 62.2 0
      vertex 58.2553 62.2257 0
    endloop
  endfacet
  facet normal 0 0 -1
    outer loop
      vertex 56.3651 67.19 0
      vertex 16.6949 67.19 0
      vertex 56.3651 67.2 0
    endloop
  endfacet
  facet normal 0 -0 -1
    outer loop
      vertex 14.8047 62.2257 0
      vertex 58.2553 62.2257 0
      vertex 14.7922 62.2 0
    endloop
  endfacet
  facet normal 0 0 -1
    outer loop
      vertex 14.786 20.4 0
      vertex 58.274 20.4 0
      vertex 71.56 0 0
    endloop
  endfacet
  facet normal -0 0 -1
    outer loop
      vertex 56.3651 67.19 0
      vertex 14.8047 62.2257 0
      vertex 16.6949 67.19 0
    endloop
  endfacet
  facet normal 0 0 -1
    outer loop
      vertex 58.2553 62.2257 0
      vertex 14.8047 62.2257 0
      vertex 56.3651 67.19 0
    endloop
  endfacet
  facet normal 0 0 -1
    outer loop
      vertex 58.274 20.4 0
      vertex 14.786 20.4 0
      vertex 14.7922 62.2 0
    endloop
  endfacet
  facet normal 0 0 -1
    outer loop
      vertex 1.5 0 0
      vertex 14.786 20.4 0
      vertex 71.56 0 0
    endloop
  endfacet
  facet normal 0 0 -1
    outer loop
      vertex 10.786 20.4 0
      vertex 10.7798 62.2 0
      vertex 10.786 62.2 0
    endloop
  endfacet
  facet normal 0 0 -1
    outer loop
      vertex 1.5 67.2 0
      vertex 10.7798 62.2 0
      vertex 10.786 20.4 0
    endloop
  endfacet
  facet normal 0 0 -1
    outer loop
      vertex 10.7798 62.2 0
      vertex 1.5 67.2 0
      vertex 10.7673 62.2257 0
    endloop
  endfacet
  facet normal -0 0 -1
    outer loop
      vertex 14.786 20.4 0
      vertex 1.5 0 0
      vertex 10.786 20.4 0
    endloop
  endfacet
  facet normal 0 0 -1
    outer loop
      vertex 1.5 67.2 0
      vertex 10.786 20.4 0
      vertex 1.5 0 0
    endloop
  endfacet
  facet normal 0 0 -1
    outer loop
      vertex 10.7673 62.2257 0
      vertex 1.5 67.2 0
      vertex 8.87712 67.19 0
    endloop
  endfacet
  facet normal 0 0 -1
    outer loop
      vertex 8.87712 67.19 0
      vertex 1.5 67.2 0
      vertex 8.87712 67.2 0
    endloop
  endfacet
  facet normal -0 0 -1
    outer loop
      vertex 71.56 67.2 0
      vertex 64.1829 67.19 0
      vertex 64.1829 67.2 0
    endloop
  endfacet
  facet normal -0 0 -1
    outer loop
      vertex 62.2802 62.2 0
      vertex 62.274 20.4 0
      vertex 62.274 62.2 0
    endloop
  endfacet
  facet normal -0 0 -1
    outer loop
      vertex 56.3651 67.2 0
      vertex 16.6949 67.19 0
      vertex 16.6949 67.2 0
    endloop
  endfacet
  facet normal -0 0 -1
    outer loop
      vertex 14.7922 62.2 0
      vertex 14.786 20.4 0
      vertex 14.786 62.2 0
    endloop
  endfacet
  facet normal 0 0 1
    outer loop
      vertex 8.87712 67.2 74.64
      vertex 1.5 67.2 74.64
      vertex 8.87712 67.19 74.64
    endloop
  endfacet
  facet normal 0 0 1
    outer loop
      vertex 10.786 62.2 74.64
      vertex 10.7798 62.2 74.64
      vertex 10.786 20.4 74.64
    endloop
  endfacet
  facet normal 0 0 1
    outer loop
      vertex 56.3651 67.2 74.64
      vertex 16.6949 67.2 74.64
      vertex 56.3651 67.19 74.64
    endloop
  endfacet
  facet normal 0 0 1
    outer loop
      vertex 58.274 62.2 74.64
      vertex 58.2678 62.2 74.64
      vertex 58.274 20.4 74.64
    endloop
  endfacet
  facet normal 0 0 1
    outer loop
      vertex 64.1829 67.19 74.64
      vertex 71.56 67.2 74.64
      vertex 64.1829 67.2 74.64
    endloop
  endfacet
  facet normal 0 0 1
    outer loop
      vertex 62.2927 62.2257 74.64
      vertex 71.56 67.2 74.64
      vertex 64.1829 67.19 74.64
    endloop
  endfacet
  facet normal 0 0 1
    outer loop
      vertex 62.2802 62.2 74.64
      vertex 71.56 67.2 74.64
      vertex 62.2927 62.2257 74.64
    endloop
  endfacet
  facet normal 0 0 1
    outer loop
      vertex 71.56 67.2 74.64
      vertex 62.2802 62.2 74.64
      vertex 62.274 20.4 74.64
    endloop
  endfacet
  facet normal 0 0 1
    outer loop
      vertex 62.274 20.4 74.64
      vertex 62.2802 62.2 74.64
      vertex 62.274 62.2 74.64
    endloop
  endfacet
  facet normal 0 0 1
    outer loop
      vertex 71.56 67.2 74.64
      vertex 62.274 20.4 74.64
      vertex 71.56 0 74.64
    endloop
  endfacet
  facet normal -0 0 1
    outer loop
      vertex 58.274 20.4 74.64
      vertex 71.56 0 74.64
      vertex 62.274 20.4 74.64
    endloop
  endfacet
  facet normal 0 0 1
    outer loop
      vertex 14.7922 62.2 74.64
      vertex 58.2678 62.2 74.64
      vertex 58.2553 62.2257 74.64
    endloop
  endfacet
  facet normal 0 0 1
    outer loop
      vertex 14.8047 62.2257 74.64
      vertex 58.2553 62.2257 74.64
      vertex 56.3651 67.19 74.64
    endloop
  endfacet
  facet normal 0 0 1
    outer loop
      vertex 16.6949 67.19 74.64
      vertex 56.3651 67.19 74.64
      vertex 16.6949 67.2 74.64
    endloop
  endfacet
  facet normal 0 0 1
    outer loop
      vertex 14.8047 62.2257 74.64
      vertex 56.3651 67.19 74.64
      vertex 16.6949 67.19 74.64
    endloop
  endfacet
  facet normal 0 0 1
    outer loop
      vertex 58.2553 62.2257 74.64
      vertex 14.8047 62.2257 74.64
      vertex 14.7922 62.2 74.64
    endloop
  endfacet
  facet normal 0 0 1
    outer loop
      vertex 58.2678 62.2 74.64
      vertex 14.7922 62.2 74.64
      vertex 58.274 20.4 74.64
    endloop
  endfacet
  facet normal 0 0 1
    outer loop
      vertex 14.786 20.4 74.64
      vertex 58.274 20.4 74.64
      vertex 14.7922 62.2 74.64
    endloop
  endfacet
  facet normal 0 0 1
    outer loop
      vertex 14.786 20.4 74.64
      vertex 14.7922 62.2 74.64
      vertex 14.786 62.2 74.64
    endloop
  endfacet
  facet normal 0 0 1
    outer loop
      vertex 58.274 20.4 74.64
      vertex 14.786 20.4 74.64
      vertex 71.56 0 74.64
    endloop
  endfacet
  facet normal 0 0 1
    outer loop
      vertex 1.5 0 74.64
      vertex 14.786 20.4 74.64
      vertex 10.786 20.4 74.64
    endloop
  endfacet
  facet normal 0 0 1
    outer loop
      vertex 1.5 67.2 74.64
      vertex 10.7798 62.2 74.64
      vertex 10.7673 62.2257 74.64
    endloop
  endfacet
  facet normal 0 0 1
    outer loop
      vertex 1.5 67.2 74.64
      vertex 10.7673 62.2257 74.64
      vertex 8.87712 67.19 74.64
    endloop
  endfacet
  facet normal 0 0 1
    outer loop
      vertex 10.7798 62.2 74.64
      vertex 1.5 67.2 74.64
      vertex 10.786 20.4 74.64
    endloop
  endfacet
  facet normal 0 0 1
    outer loop
      vertex 14.786 20.4 74.64
      vertex 1.5 0 74.64
      vertex 71.56 0 74.64
    endloop
  endfacet
  facet normal 0 0 1
    outer loop
      vertex 1.5 0 74.64
      vertex 10.786 20.4 74.64
      vertex 1.5 67.2 74.64
    endloop
  endfacet
  facet normal 0 -1 0
    outer loop
      vertex 2.4 0 72.24
      vertex 1.5 0 74.64
      vertex 0 0 73.14
    endloop
  endfacet
  facet normal 0 -1 0
    outer loop
      vertex 1.5 0 74.64
      vertex 2.4 0 72.24
      vertex 71.56 0 74.64
    endloop
  endfacet
  facet normal 0 -1 0
    outer loop
      vertex 70.66 0 72.24
      vertex 71.56 0 74.64
      vertex 2.4 0 72.24
    endloop
  endfacet
  facet normal 0 -1 0
    outer loop
      vertex 0 0 73.14
      vertex 2.4 0 2.4
      vertex 2.4 0 72.24
    endloop
  endfacet
  facet normal 0 -1 0
    outer loop
      vertex 1.5 0 0
      vertex 2.4 0 2.4
      vertex 0 0 1.5
    endloop
  endfacet
  facet normal 0 -1 0
    outer loop
      vertex 0 0 1.5
      vertex 2.4 0 2.4
      vertex 0 0 73.14
    endloop
  endfacet
  facet normal 0 -1 -0
    outer loop
      vertex 71.56 0 74.64
      vertex 70.66 0 72.24
      vertex 73.06 0 73.14
    endloop
  endfacet
  facet normal 0 -1 0
    outer loop
      vertex 70.66 0 2.4
      vertex 73.06 0 73.14
      vertex 70.66 0 72.24
    endloop
  endfacet
  facet normal 0 -1 0
    outer loop
      vertex 70.66 0 2.4
      vertex 73.06 0 1.5
      vertex 73.06 0 73.14
    endloop
  endfacet
  facet normal 0 -1 -0
    outer loop
      vertex 2.4 0 2.4
      vertex 1.5 0 0
      vertex 70.66 0 2.4
    endloop
  endfacet
  facet normal 0 -1 0
    outer loop
      vertex 71.56 0 0
      vertex 70.66 0 2.4
      vertex 1.5 0 0
    endloop
  endfacet
  facet normal 0 -1 0
    outer loop
      vertex 70.66 0 2.4
      vertex 71.56 0 0
      vertex 73.06 0 1.5
    endloop
  endfacet
  facet normal 1 -0 0
    outer loop
      vertex 69.66 3.4 56.28
      vertex 69.66 3.41 53.82
      vertex 69.66 3.41 56.28
    endloop
  endfacet
  facet normal 1 0 0
    outer loop
      vertex 69.66 3.41 53.82
      vertex 69.66 3.4 56.28
      vertex 69.66 3.4 53.82
    endloop
  endfacet
  facet normal -1 0 0
    outer loop
      vertex 69.66 3.41 38.82
      vertex 69.66 66.2 53.82
      vertex 69.66 66.2 38.82
    endloop
  endfacet
  facet normal -1 -0 0
    outer loop
      vertex 69.66 66.2 53.82
      vertex 69.66 3.41 38.82
      vertex 69.66 3.41 53.82
    endloop
  endfacet
  facet normal -1 0 0
    outer loop
      vertex 69.66 3.41 56.28
      vertex 69.66 66.2 71.28
      vertex 69.66 66.2 56.28
    endloop
  endfacet
  facet normal -1 -0 0
    outer loop
      vertex 69.66 66.2 71.28
      vertex 69.66 3.41 56.28
      vertex 69.66 3.41 71.28
    endloop
  endfacet
  facet normal 1 -0 0
    outer loop
      vertex 69.66 3.4 21.36
      vertex 69.66 3.41 18.9
      vertex 69.66 3.41 21.36
    endloop
  endfacet
  facet normal 1 0 0
    outer loop
      vertex 69.66 3.41 18.9
      vertex 69.66 3.4 21.36
      vertex 69.66 3.4 18.9
    endloop
  endfacet
  facet normal -1 0 0
    outer loop
      vertex 69.66 3.41 2.4
      vertex 69.66 66.2 18.9
      vertex 69.66 66.2 2.4
    endloop
  endfacet
  facet normal -1 -0 0
    outer loop
      vertex 69.66 66.2 18.9
      vertex 69.66 3.41 2.4
      vertex 69.66 3.41 18.9
    endloop
  endfacet
  facet normal -1 0 0
    outer loop
      vertex 69.66 3.41 21.36
      vertex 69.66 66.2 36.36
      vertex 69.66 66.2 21.36
    endloop
  endfacet
  facet normal -1 -0 0
    outer loop
      vertex 69.66 66.2 36.36
      vertex 69.66 3.41 21.36
      vertex 69.66 3.41 36.36
    endloop
  endfacet
  facet normal 1 -0 0
    outer loop
      vertex 69.66 3.4 38.82
      vertex 69.66 3.41 36.36
      vertex 69.66 3.41 38.82
    endloop
  endfacet
  facet normal 1 0 0
    outer loop
      vertex 69.66 3.41 36.36
      vertex 69.66 3.4 38.82
      vertex 69.66 3.4 36.36
    endloop
  endfacet
  facet normal 0 0 -1
    outer loop
      vertex 65.76 4.99999 71.28
      vertex 69.66 3.41 71.28
      vertex 65.76 3.6 71.28
    endloop
  endfacet
  facet normal 0 0 -1
    outer loop
      vertex 69.66 3.41 71.28
      vertex 62.3 3.6 71.28
      vertex 65.76 3.6 71.28
    endloop
  endfacet
  facet normal 0 0 -1
    outer loop
      vertex 62.3 3.6 71.28
      vertex 10.76 3.6 71.28
      vertex 62.3 4.99999 71.28
    endloop
  endfacet
  facet normal 0 0 -1
    outer loop
      vertex 69.66 3.41 71.28
      vertex 10.76 3.6 71.28
      vertex 62.3 3.6 71.28
    endloop
  endfacet
  facet normal 0 0 -1
    outer loop
      vertex 3.4 3.41 71.28
      vertex 10.76 3.6 71.28
      vertex 69.66 3.41 71.28
    endloop
  endfacet
  facet normal -0 0 -1
    outer loop
      vertex 7.3 3.6 71.28
      vertex 3.4 3.41 71.28
      vertex 7.3 4.99999 71.28
    endloop
  endfacet
  facet normal -0 0 -1
    outer loop
      vertex 10.76 3.6 71.28
      vertex 3.4 3.41 71.28
      vertex 7.3 3.6 71.28
    endloop
  endfacet
  facet normal 0 0 -1
    outer loop
      vertex 69.66 3.41 71.28
      vertex 65.76 4.99999 71.28
      vertex 69.66 66.2 71.28
    endloop
  endfacet
  facet normal 0 0 -1
    outer loop
      vertex 62.3 4.99999 71.28
      vertex 69.66 66.2 71.28
      vertex 65.76 4.99999 71.28
    endloop
  endfacet
  facet normal 0 0 -1
    outer loop
      vertex 10.76 4.99999 71.28
      vertex 62.3 4.99999 71.28
      vertex 10.76 3.6 71.28
    endloop
  endfacet
  facet normal 0 0 -1
    outer loop
      vertex 62.3 4.99999 71.28
      vertex 10.76 4.99999 71.28
      vertex 69.66 66.2 71.28
    endloop
  endfacet
  facet normal 0 0 -1
    outer loop
      vertex 3.4 66.2 71.28
      vertex 10.76 4.99999 71.28
      vertex 7.3 4.99999 71.28
    endloop
  endfacet
  facet normal 0 0 -1
    outer loop
      vertex 3.4 66.2 71.28
      vertex 7.3 4.99999 71.28
      vertex 3.4 3.41 71.28
    endloop
  endfacet
  facet normal 0 0 -1
    outer loop
      vertex 10.76 4.99999 71.28
      vertex 3.4 66.2 71.28
      vertex 69.66 66.2 71.28
    endloop
  endfacet
  facet normal 0 0 1
    outer loop
      vertex 69.66 66.2 2.4
      vertex 3.4 66.2 2.4
      vertex 69.66 3.41 2.4
    endloop
  endfacet
  facet normal -0 0 1
    outer loop
      vertex 69.66 3.41 2.4
      vertex 70.66 0 2.4
      vertex 70.66 3.41 2.4
    endloop
  endfacet
  facet normal 0 0 1
    outer loop
      vertex 3.4 3.41 2.4
      vertex 69.66 3.41 2.4
      vertex 3.4 66.2 2.4
    endloop
  endfacet
  facet normal 0 0 1
    outer loop
      vertex 69.66 3.41 2.4
      vertex 3.4 3.41 2.4
      vertex 70.66 0 2.4
    endloop
  endfacet
  facet normal 0 0 1
    outer loop
      vertex 2.4 0 2.4
      vertex 3.4 3.41 2.4
      vertex 2.4 3.41 2.4
    endloop
  endfacet
  facet normal 0 0 1
    outer loop
      vertex 3.4 3.41 2.4
      vertex 2.4 0 2.4
      vertex 70.66 0 2.4
    endloop
  endfacet
  facet normal -1 0 0
    outer loop
      vertex 3.4 3.4 53.82
      vertex 3.4 3.41 56.28
      vertex 3.4 3.41 53.82
    endloop
  endfacet
  facet normal -1 -0 0
    outer loop
      vertex 3.4 3.41 56.28
      vertex 3.4 3.4 53.82
      vertex 3.4 3.4 56.28
    endloop
  endfacet
  facet normal 1 -0 0
    outer loop
      vertex 3.4 3.41 53.82
      vertex 3.4 66.2 38.82
      vertex 3.4 66.2 53.82
    endloop
  endfacet
  facet normal 1 0 0
    outer loop
      vertex 3.4 66.2 38.82
      vertex 3.4 3.41 53.82
      vertex 3.4 3.41 38.82
    endloop
  endfacet
  facet normal 1 -0 0
    outer loop
      vertex 3.4 3.41 71.28
      vertex 3.4 66.2 56.28
      vertex 3.4 66.2 71.28
    endloop
  endfacet
  facet normal 1 0 0
    outer loop
      vertex 3.4 66.2 56.28
      vertex 3.4 3.41 71.28
      vertex 3.4 3.41 56.28
    endloop
  endfacet
  facet normal -1 0 0
    outer loop
      vertex 3.4 3.4 18.9
      vertex 3.4 3.41 21.36
      vertex 3.4 3.41 18.9
    endloop
  endfacet
  facet normal -1 -0 0
    outer loop
      vertex 3.4 3.41 21.36
      vertex 3.4 3.4 18.9
      vertex 3.4 3.4 21.36
    endloop
  endfacet
  facet normal 1 -0 0
    outer loop
      vertex 3.4 3.41 18.9
      vertex 3.4 66.2 2.4
      vertex 3.4 66.2 18.9
    endloop
  endfacet
  facet normal 1 0 0
    outer loop
      vertex 3.4 66.2 2.4
      vertex 3.4 3.41 18.9
      vertex 3.4 3.41 2.4
    endloop
  endfacet
  facet normal 1 -0 0
    outer loop
      vertex 3.4 3.41 36.36
      vertex 3.4 66.2 21.36
      vertex 3.4 66.2 36.36
    endloop
  endfacet
  facet normal 1 0 0
    outer loop
      vertex 3.4 66.2 21.36
      vertex 3.4 3.41 36.36
      vertex 3.4 3.41 21.36
    endloop
  endfacet
  facet normal -1 0 0
    outer loop
      vertex 3.4 3.4 36.36
      vertex 3.4 3.41 38.82
      vertex 3.4 3.41 36.36
    endloop
  endfacet
  facet normal -1 -0 0
    outer loop
      vertex 3.4 3.41 38.82
      vertex 3.4 3.4 36.36
      vertex 3.4 3.4 38.82
    endloop
  endfacet
  facet normal 0 -1 0
    outer loop
      vertex 12.47 66.2 54.78
      vertex 3.4 66.2 71.28
      vertex 3.4 66.2 56.28
    endloop
  endfacet
  facet normal 0 -1 0
    outer loop
      vertex 3.4 66.2 71.28
      vertex 12.47 66.2 54.78
      vertex 69.66 66.2 71.28
    endloop
  endfacet
  facet normal 0 -1 0
    outer loop
      vertex 4.9 66.2 54.78
      vertex 3.4 66.2 56.28
      vertex 3.4511 66.2 55.8918
    endloop
  endfacet
  facet normal 0 -1 0
    outer loop
      vertex 60.59 66.2 54.78
      vertex 69.66 66.2 71.28
      vertex 12.47 66.2 54.78
    endloop
  endfacet
  facet normal 0 -1 0
    outer loop
      vertex 4.9 66.2 54.78
      vertex 3.4511 66.2 55.8918
      vertex 3.60096 66.2 55.53
    endloop
  endfacet
  facet normal 0 -1 -0
    outer loop
      vertex 69.66 66.2 71.28
      vertex 60.59 66.2 54.78
      vertex 69.66 66.2 56.28
    endloop
  endfacet
  facet normal 0 -1 0
    outer loop
      vertex 4.9 66.2 54.78
      vertex 3.60096 66.2 55.53
      vertex 3.83933 66.2 55.2193
    endloop
  endfacet
  facet normal 0 -1 0
    outer loop
      vertex 68.16 66.2 54.78
      vertex 69.66 66.2 56.28
      vertex 60.59 66.2 54.78
    endloop
  endfacet
  facet normal 0 -1 0
    outer loop
      vertex 4.9 66.2 54.78
      vertex 3.83933 66.2 55.2193
      vertex 4.15 66.2 54.9809
    endloop
  endfacet
  facet normal 0 -1 0
    outer loop
      vertex 69.66 66.2 56.28
      vertex 68.16 66.2 54.78
      vertex 69.6089 66.2 55.8918
    endloop
  endfacet
  facet normal 0 -1 0
    outer loop
      vertex 4.9 66.2 54.78
      vertex 4.15 66.2 54.9809
      vertex 4.51177 66.2 54.8311
    endloop
  endfacet
  facet normal 0 -1 0
    outer loop
      vertex 69.6089 66.2 55.8918
      vertex 68.16 66.2 54.78
      vertex 69.459 66.2 55.53
    endloop
  endfacet
  facet normal 0 -1 0
    outer loop
      vertex 69.459 66.2 55.53
      vertex 68.16 66.2 54.78
      vertex 69.2207 66.2 55.2193
    endloop
  endfacet
  facet normal 0 -1 0
    outer loop
      vertex 3.4 66.2 56.28
      vertex 4.9 66.2 54.78
      vertex 12.47 66.2 54.78
    endloop
  endfacet
  facet normal 0 -1 0
    outer loop
      vertex 69.2207 66.2 55.2193
      vertex 68.16 66.2 54.78
      vertex 68.91 66.2 54.9809
    endloop
  endfacet
  facet normal 0 -1 0
    outer loop
      vertex 68.91 66.2 54.9809
      vertex 68.16 66.2 54.78
      vertex 68.5482 66.2 54.8311
    endloop
  endfacet
  facet normal 0 -1 0
    outer loop
      vertex 12.47 66.2 37.32
      vertex 3.4 66.2 53.82
      vertex 3.4 66.2 38.82
    endloop
  endfacet
  facet normal 0 -1 0
    outer loop
      vertex 3.4 66.2 53.82
      vertex 12.47 66.2 37.32
      vertex 69.66 66.2 53.82
    endloop
  endfacet
  facet normal 0 -1 0
    outer loop
      vertex 4.9 66.2 37.32
      vertex 3.4 66.2 38.82
      vertex 3.4511 66.2 38.4318
    endloop
  endfacet
  facet normal 0 -1 0
    outer loop
      vertex 60.59 66.2 37.32
      vertex 69.66 66.2 53.82
      vertex 12.47 66.2 37.32
    endloop
  endfacet
  facet normal 0 -1 0
    outer loop
      vertex 4.9 66.2 37.32
      vertex 3.4511 66.2 38.4318
      vertex 3.60096 66.2 38.07
    endloop
  endfacet
  facet normal 0 -1 -0
    outer loop
      vertex 69.66 66.2 53.82
      vertex 60.59 66.2 37.32
      vertex 69.66 66.2 38.82
    endloop
  endfacet
  facet normal 0 -1 0
    outer loop
      vertex 4.9 66.2 37.32
      vertex 3.60096 66.2 38.07
      vertex 3.83933 66.2 37.7593
    endloop
  endfacet
  facet normal 0 -1 0
    outer loop
      vertex 68.16 66.2 37.32
      vertex 69.66 66.2 38.82
      vertex 60.59 66.2 37.32
    endloop
  endfacet
  facet normal 0 -1 0
    outer loop
      vertex 4.9 66.2 37.32
      vertex 3.83933 66.2 37.7593
      vertex 4.15 66.2 37.521
    endloop
  endfacet
  facet normal 0 -1 0
    outer loop
      vertex 69.66 66.2 38.82
      vertex 68.16 66.2 37.32
      vertex 69.6089 66.2 38.4318
    endloop
  endfacet
  facet normal 0 -1 0
    outer loop
      vertex 4.9 66.2 37.32
      vertex 4.15 66.2 37.521
      vertex 4.51177 66.2 37.3711
    endloop
  endfacet
  facet normal 0 -1 0
    outer loop
      vertex 69.6089 66.2 38.4318
      vertex 68.16 66.2 37.32
      vertex 69.459 66.2 38.07
    endloop
  endfacet
  facet normal 0 -1 0
    outer loop
      vertex 69.459 66.2 38.07
      vertex 68.16 66.2 37.32
      vertex 69.2207 66.2 37.7593
    endloop
  endfacet
  facet normal 0 -1 0
    outer loop
      vertex 3.4 66.2 38.82
      vertex 4.9 66.2 37.32
      vertex 12.47 66.2 37.32
    endloop
  endfacet
  facet normal 0 -1 0
    outer loop
      vertex 69.2207 66.2 37.7593
      vertex 68.16 66.2 37.32
      vertex 68.91 66.2 37.521
    endloop
  endfacet
  facet normal 0 -1 0
    outer loop
      vertex 68.91 66.2 37.521
      vertex 68.16 66.2 37.32
      vertex 68.5482 66.2 37.3711
    endloop
  endfacet
  facet normal 0 -1 0
    outer loop
      vertex 12.47 66.2 19.86
      vertex 3.4 66.2 36.36
      vertex 3.4 66.2 21.36
    endloop
  endfacet
  facet normal 0 -1 0
    outer loop
      vertex 3.4 66.2 36.36
      vertex 12.47 66.2 19.86
      vertex 69.66 66.2 36.36
    endloop
  endfacet
  facet normal 0 -1 0
    outer loop
      vertex 4.9 66.2 19.86
      vertex 3.4 66.2 21.36
      vertex 3.4511 66.2 20.9718
    endloop
  endfacet
  facet normal 0 -1 0
    outer loop
      vertex 60.59 66.2 19.86
      vertex 69.66 66.2 36.36
      vertex 12.47 66.2 19.86
    endloop
  endfacet
  facet normal 0 -1 0
    outer loop
      vertex 4.9 66.2 19.86
      vertex 3.4511 66.2 20.9718
      vertex 3.60096 66.2 20.61
    endloop
  endfacet
  facet normal 0 -1 -0
    outer loop
      vertex 69.66 66.2 36.36
      vertex 60.59 66.2 19.86
      vertex 69.66 66.2 21.36
    endloop
  endfacet
  facet normal 0 -1 0
    outer loop
      vertex 4.9 66.2 19.86
      vertex 3.60096 66.2 20.61
      vertex 3.83933 66.2 20.2993
    endloop
  endfacet
  facet normal 0 -1 0
    outer loop
      vertex 68.16 66.2 19.86
      vertex 69.66 66.2 21.36
      vertex 60.59 66.2 19.86
    endloop
  endfacet
  facet normal 0 -1 0
    outer loop
      vertex 4.9 66.2 19.86
      vertex 3.83933 66.2 20.2993
      vertex 4.15 66.2 20.0609
    endloop
  endfacet
  facet normal 0 -1 0
    outer loop
      vertex 69.66 66.2 21.36
      vertex 68.16 66.2 19.86
      vertex 69.6089 66.2 20.9718
    endloop
  endfacet
  facet normal 0 -1 0
    outer loop
      vertex 4.9 66.2 19.86
      vertex 4.15 66.2 20.0609
      vertex 4.51177 66.2 19.9111
    endloop
  endfacet
  facet normal 0 -1 0
    outer loop
      vertex 69.6089 66.2 20.9718
      vertex 68.16 66.2 19.86
      vertex 69.459 66.2 20.61
    endloop
  endfacet
  facet normal 0 -1 0
    outer loop
      vertex 69.459 66.2 20.61
      vertex 68.16 66.2 19.86
      vertex 69.2207 66.2 20.2993
    endloop
  endfacet
  facet normal 0 -1 0
    outer loop
      vertex 3.4 66.2 21.36
      vertex 4.9 66.2 19.86
      vertex 12.47 66.2 19.86
    endloop
  endfacet
  facet normal 0 -1 0
    outer loop
      vertex 69.2207 66.2 20.2993
      vertex 68.16 66.2 19.86
      vertex 68.91 66.2 20.0609
    endloop
  endfacet
  facet normal 0 -1 0
    outer loop
      vertex 68.91 66.2 20.0609
      vertex 68.16 66.2 19.86
      vertex 68.5482 66.2 19.9111
    endloop
  endfacet
  facet normal 0 -1 0
    outer loop
      vertex 3.4 66.2 2.4
      vertex 69.66 66.2 18.9
      vertex 3.4 66.2 18.9
    endloop
  endfacet
  facet normal 0 -1 -0
    outer loop
      vertex 69.66 66.2 18.9
      vertex 3.4 66.2 2.4
      vertex 69.66 66.2 2.4
    endloop
  endfacet
  facet normal -1 0 0
    outer loop
      vertex 70.66 0 2.4
      vertex 70.66 3.41 72.24
      vertex 70.66 3.41 2.4
    endloop
  endfacet
  facet normal -1 -0 0
    outer loop
      vertex 70.66 3.41 72.24
      vertex 70.66 0 2.4
      vertex 70.66 0 72.24
    endloop
  endfacet
  facet normal 0 0 -1
    outer loop
      vertex 2.4 0 72.24
      vertex 70.66 3.41 72.24
      vertex 70.66 0 72.24
    endloop
  endfacet
  facet normal -0 0 -1
    outer loop
      vertex 70.66 3.41 72.24
      vertex 2.4 0 72.24
      vertex 2.4 3.41 72.24
    endloop
  endfacet
  facet normal 1 -0 0
    outer loop
      vertex 2.4 0 72.24
      vertex 2.4 3.41 2.4
      vertex 2.4 3.41 72.24
    endloop
  endfacet
  facet normal 1 0 0
    outer loop
      vertex 2.4 3.41 2.4
      vertex 2.4 0 72.24
      vertex 2.4 0 2.4
    endloop
  endfacet
  facet normal 0 -1 0
    outer loop
      vertex 2.4 3.41 72.24
      vertex 3.4 3.41 71.28
      vertex 70.66 3.41 72.24
    endloop
  endfacet
  facet normal 0 -1 0
    outer loop
      vertex 2.4 3.41 72.24
      vertex 3.4 3.41 56.28
      vertex 3.4 3.41 71.28
    endloop
  endfacet
  facet normal 0 -1 0
    outer loop
      vertex 2.4 3.41 72.24
      vertex 3.4 3.41 53.82
      vertex 3.4 3.41 56.28
    endloop
  endfacet
  facet normal 0 -1 0
    outer loop
      vertex 2.4 3.41 72.24
      vertex 3.4 3.41 38.82
      vertex 3.4 3.41 53.82
    endloop
  endfacet
  facet normal 0 -1 0
    outer loop
      vertex 2.4 3.41 72.24
      vertex 3.4 3.41 36.36
      vertex 3.4 3.41 38.82
    endloop
  endfacet
  facet normal 0 -1 0
    outer loop
      vertex 2.4 3.41 2.4
      vertex 3.4 3.41 36.36
      vertex 2.4 3.41 72.24
    endloop
  endfacet
  facet normal 0 -1 -0
    outer loop
      vertex 3.4 3.41 36.36
      vertex 2.4 3.41 2.4
      vertex 3.4 3.41 21.36
    endloop
  endfacet
  facet normal 0 -1 -0
    outer loop
      vertex 3.4 3.41 21.36
      vertex 2.4 3.41 2.4
      vertex 3.4 3.41 18.9
    endloop
  endfacet
  facet normal 0 -1 -0
    outer loop
      vertex 3.4 3.41 18.9
      vertex 2.4 3.41 2.4
      vertex 3.4 3.41 2.4
    endloop
  endfacet
  facet normal 0 -1 0
    outer loop
      vertex 69.66 3.41 71.28
      vertex 70.66 3.41 72.24
      vertex 3.4 3.41 71.28
    endloop
  endfacet
  facet normal 0 -1 0
    outer loop
      vertex 69.66 3.41 56.28
      vertex 70.66 3.41 72.24
      vertex 69.66 3.41 71.28
    endloop
  endfacet
  facet normal 0 -1 0
    outer loop
      vertex 69.66 3.41 53.82
      vertex 70.66 3.41 72.24
      vertex 69.66 3.41 56.28
    endloop
  endfacet
  facet normal 0 -1 0
    outer loop
      vertex 69.66 3.41 38.82
      vertex 70.66 3.41 72.24
      vertex 69.66 3.41 53.82
    endloop
  endfacet
  facet normal 0 -1 0
    outer loop
      vertex 69.66 3.41 36.36
      vertex 70.66 3.41 72.24
      vertex 69.66 3.41 38.82
    endloop
  endfacet
  facet normal 0 -1 0
    outer loop
      vertex 70.66 3.41 2.4
      vertex 69.66 3.41 36.36
      vertex 69.66 3.41 21.36
    endloop
  endfacet
  facet normal 0 -1 0
    outer loop
      vertex 70.66 3.41 2.4
      vertex 69.66 3.41 21.36
      vertex 69.66 3.41 18.9
    endloop
  endfacet
  facet normal 0 -1 0
    outer loop
      vertex 70.66 3.41 2.4
      vertex 69.66 3.41 18.9
      vertex 69.66 3.41 2.4
    endloop
  endfacet
  facet normal 0 -1 0
    outer loop
      vertex 69.66 3.41 36.36
      vertex 70.66 3.41 2.4
      vertex 70.66 3.41 72.24
    endloop
  endfacet
  facet normal 0 -1 0
    outer loop
      vertex 3.4 3.4 18.9
      vertex 3.4511 3.4 20.9718
      vertex 3.4 3.4 21.36
    endloop
  endfacet
  facet normal 0 -1 0
    outer loop
      vertex 3.4 3.4 18.9
      vertex 3.60096 3.4 20.61
      vertex 3.4511 3.4 20.9718
    endloop
  endfacet
  facet normal 0 -1 0
    outer loop
      vertex 3.4 3.4 18.9
      vertex 3.83933 3.4 20.2993
      vertex 3.60096 3.4 20.61
    endloop
  endfacet
  facet normal 0 -1 0
    outer loop
      vertex 3.4 3.4 18.9
      vertex 4.15 3.4 20.0609
      vertex 3.83933 3.4 20.2993
    endloop
  endfacet
  facet normal 0 -1 0
    outer loop
      vertex 3.4 3.4 18.9
      vertex 4.51177 3.4 19.9111
      vertex 4.15 3.4 20.0609
    endloop
  endfacet
  facet normal 0 -1 0
    outer loop
      vertex 3.4 3.4 18.9
      vertex 4.9 3.4 19.86
      vertex 4.51177 3.4 19.9111
    endloop
  endfacet
  facet normal 0 -1 0
    outer loop
      vertex 12.48 3.4 18.9
      vertex 4.9 3.4 19.86
      vertex 3.4 3.4 18.9
    endloop
  endfacet
  facet normal 0 -1 0
    outer loop
      vertex 4.9 3.4 19.86
      vertex 12.48 3.4 18.9
      vertex 12.48 3.4 19.86
    endloop
  endfacet
  facet normal 0.923882 -0 0.382678
    outer loop
      vertex 3.4511 3.4 20.9718
      vertex 3.60096 66.2 20.61
      vertex 3.4511 66.2 20.9718
    endloop
  endfacet
  facet normal 0.923882 0 0.382678
    outer loop
      vertex 3.60096 66.2 20.61
      vertex 3.4511 3.4 20.9718
      vertex 3.60096 3.4 20.61
    endloop
  endfacet
  facet normal 0.793401 -0 0.6087
    outer loop
      vertex 3.60096 3.4 20.61
      vertex 3.83933 66.2 20.2993
      vertex 3.60096 66.2 20.61
    endloop
  endfacet
  facet normal 0.793401 0 0.6087
    outer loop
      vertex 3.83933 66.2 20.2993
      vertex 3.60096 3.4 20.61
      vertex 3.83933 3.4 20.2993
    endloop
  endfacet
  facet normal 0.608785 0 0.793335
    outer loop
      vertex 3.83933 66.2 20.2993
      vertex 4.15 3.4 20.0609
      vertex 4.15 66.2 20.0609
    endloop
  endfacet
  facet normal 0.608785 0 0.793335
    outer loop
      vertex 4.15 3.4 20.0609
      vertex 3.83933 66.2 20.2993
      vertex 3.83933 3.4 20.2993
    endloop
  endfacet
  facet normal 0.382574 0 0.923925
    outer loop
      vertex 4.15 66.2 20.0609
      vertex 4.51177 3.4 19.9111
      vertex 4.51177 66.2 19.9111
    endloop
  endfacet
  facet normal 0.382574 0 0.923925
    outer loop
      vertex 4.51177 3.4 19.9111
      vertex 4.15 66.2 20.0609
      vertex 4.15 3.4 20.0609
    endloop
  endfacet
  facet normal 0.130497 0 0.991449
    outer loop
      vertex 4.51177 66.2 19.9111
      vertex 4.9 3.4 19.86
      vertex 4.9 66.2 19.86
    endloop
  endfacet
  facet normal 0.130497 0 0.991449
    outer loop
      vertex 4.9 3.4 19.86
      vertex 4.51177 66.2 19.9111
      vertex 4.51177 3.4 19.9111
    endloop
  endfacet
  facet normal 0 0 1
    outer loop
      vertex 12.47 66.2 19.86
      vertex 4.9 66.2 19.86
      vertex 12.47 64.7 19.86
    endloop
  endfacet
  facet normal -0 0 1
    outer loop
      vertex 12.47 64.7 19.86
      vertex 12.48 3.4 19.86
      vertex 12.48 64.7 19.86
    endloop
  endfacet
  facet normal 0 0 1
    outer loop
      vertex 4.9 3.4 19.86
      vertex 12.47 64.7 19.86
      vertex 4.9 66.2 19.86
    endloop
  endfacet
  facet normal 0 0 1
    outer loop
      vertex 12.47 64.7 19.86
      vertex 4.9 3.4 19.86
      vertex 12.48 3.4 19.86
    endloop
  endfacet
  facet normal 1 -0 0
    outer loop
      vertex 12.48 3.4 19.86
      vertex 12.48 64.7 18.9
      vertex 12.48 64.7 19.86
    endloop
  endfacet
  facet normal 1 0 0
    outer loop
      vertex 12.48 64.7 18.9
      vertex 12.48 3.4 19.86
      vertex 12.48 3.4 18.9
    endloop
  endfacet
  facet normal 0 0 -1
    outer loop
      vertex 10.76 4.99999 18.9
      vertex 12.48 3.4 18.9
      vertex 10.76 3.6 18.9
    endloop
  endfacet
  facet normal 0 0 -1
    outer loop
      vertex 12.48 3.4 18.9
      vertex 7.3 3.6 18.9
      vertex 10.76 3.6 18.9
    endloop
  endfacet
  facet normal 0 0 -1
    outer loop
      vertex 3.4 3.41 18.9
      vertex 7.3 3.6 18.9
      vertex 3.4 3.4 18.9
    endloop
  endfacet
  facet normal 0 0 -1
    outer loop
      vertex 3.4 3.4 18.9
      vertex 7.3 3.6 18.9
      vertex 12.48 3.4 18.9
    endloop
  endfacet
  facet normal 0 0 -1
    outer loop
      vertex 65.76 3.6 18.9
      vertex 69.66 3.41 18.9
      vertex 69.66 3.4 18.9
    endloop
  endfacet
  facet normal 0 0 -1
    outer loop
      vertex 69.66 3.41 18.9
      vertex 65.76 3.6 18.9
      vertex 65.76 4.99999 18.9
    endloop
  endfacet
  facet normal 0 0 -1
    outer loop
      vertex 60.58 3.4 18.9
      vertex 65.76 3.6 18.9
      vertex 69.66 3.4 18.9
    endloop
  endfacet
  facet normal -0 0 -1
    outer loop
      vertex 62.3 3.6 18.9
      vertex 60.58 3.4 18.9
      vertex 62.3 4.99999 18.9
    endloop
  endfacet
  facet normal -0 0 -1
    outer loop
      vertex 65.76 3.6 18.9
      vertex 60.58 3.4 18.9
      vertex 62.3 3.6 18.9
    endloop
  endfacet
  facet normal 0 0 -1
    outer loop
      vertex 69.66 3.41 18.9
      vertex 65.76 4.99999 18.9
      vertex 69.66 66.2 18.9
    endloop
  endfacet
  facet normal 0 0 -1
    outer loop
      vertex 60.58 64.7 18.9
      vertex 65.76 4.99999 18.9
      vertex 62.3 4.99999 18.9
    endloop
  endfacet
  facet normal 0 0 -1
    outer loop
      vertex 60.58 64.7 18.9
      vertex 62.3 4.99999 18.9
      vertex 60.58 3.4 18.9
    endloop
  endfacet
  facet normal 0 0 -1
    outer loop
      vertex 65.76 4.99999 18.9
      vertex 60.58 64.7 18.9
      vertex 69.66 66.2 18.9
    endloop
  endfacet
  facet normal 0 0 -1
    outer loop
      vertex 12.48 64.7 18.9
      vertex 69.66 66.2 18.9
      vertex 60.58 64.7 18.9
    endloop
  endfacet
  facet normal 0 0 -1
    outer loop
      vertex 12.48 3.4 18.9
      vertex 10.76 4.99999 18.9
      vertex 12.48 64.7 18.9
    endloop
  endfacet
  facet normal 0 0 -1
    outer loop
      vertex 7.3 4.99999 18.9
      vertex 12.48 64.7 18.9
      vertex 10.76 4.99999 18.9
    endloop
  endfacet
  facet normal -0 0 -1
    outer loop
      vertex 7.3 3.6 18.9
      vertex 3.4 3.41 18.9
      vertex 7.3 4.99999 18.9
    endloop
  endfacet
  facet normal 0 0 -1
    outer loop
      vertex 3.4 66.2 18.9
      vertex 7.3 4.99999 18.9
      vertex 3.4 3.41 18.9
    endloop
  endfacet
  facet normal 0 0 -1
    outer loop
      vertex 12.48 64.7 18.9
      vertex 3.4 66.2 18.9
      vertex 69.66 66.2 18.9
    endloop
  endfacet
  facet normal 0 0 -1
    outer loop
      vertex 7.3 4.99999 18.9
      vertex 3.4 66.2 18.9
      vertex 12.48 64.7 18.9
    endloop
  endfacet
  facet normal 0.991447 -0 0.130507
    outer loop
      vertex 3.4 3.41 21.36
      vertex 3.4511 66.2 20.9718
      vertex 3.4 66.2 21.36
    endloop
  endfacet
  facet normal 0.991447 0 0.130507
    outer loop
      vertex 3.4511 3.4 20.9718
      vertex 3.4 3.41 21.36
      vertex 3.4 3.4 21.36
    endloop
  endfacet
  facet normal 0.991447 0 0.130507
    outer loop
      vertex 3.4 3.41 21.36
      vertex 3.4511 3.4 20.9718
      vertex 3.4511 66.2 20.9718
    endloop
  endfacet
  facet normal 0 -1 0
    outer loop
      vertex 60.58 3.4 19.86
      vertex 60.58 3.4 18.9
      vertex 68.16 3.4 19.86
    endloop
  endfacet
  facet normal 0 -1 0
    outer loop
      vertex 69.6089 3.4 20.9718
      vertex 69.66 3.4 18.9
      vertex 69.66 3.4 21.36
    endloop
  endfacet
  facet normal 0 -1 0
    outer loop
      vertex 69.459 3.4 20.61
      vertex 69.66 3.4 18.9
      vertex 69.6089 3.4 20.9718
    endloop
  endfacet
  facet normal 0 -1 0
    outer loop
      vertex 69.2207 3.4 20.2993
      vertex 69.66 3.4 18.9
      vertex 69.459 3.4 20.61
    endloop
  endfacet
  facet normal 0 -1 0
    outer loop
      vertex 68.91 3.4 20.0609
      vertex 69.66 3.4 18.9
      vertex 69.2207 3.4 20.2993
    endloop
  endfacet
  facet normal 0 -1 0
    outer loop
      vertex 68.5482 3.4 19.9111
      vertex 69.66 3.4 18.9
      vertex 68.91 3.4 20.0609
    endloop
  endfacet
  facet normal 0 -1 0
    outer loop
      vertex 68.16 3.4 19.86
      vertex 69.66 3.4 18.9
      vertex 68.5482 3.4 19.9111
    endloop
  endfacet
  facet normal 0 -1 0
    outer loop
      vertex 69.66 3.4 18.9
      vertex 68.16 3.4 19.86
      vertex 60.58 3.4 18.9
    endloop
  endfacet
  facet normal -0.923846 0 0.382765
    outer loop
      vertex 69.459 3.4 20.61
      vertex 69.6089 66.2 20.9718
      vertex 69.459 66.2 20.61
    endloop
  endfacet
  facet normal -0.923846 0 0.382765
    outer loop
      vertex 69.6089 66.2 20.9718
      vertex 69.459 3.4 20.61
      vertex 69.6089 3.4 20.9718
    endloop
  endfacet
  facet normal -0.793487 0 0.608587
    outer loop
      vertex 69.2207 3.4 20.2993
      vertex 69.459 66.2 20.61
      vertex 69.2207 66.2 20.2993
    endloop
  endfacet
  facet normal -0.793487 0 0.608587
    outer loop
      vertex 69.459 66.2 20.61
      vertex 69.2207 3.4 20.2993
      vertex 69.459 3.4 20.61
    endloop
  endfacet
  facet normal -0.608748 0 0.793364
    outer loop
      vertex 68.91 66.2 20.0609
      vertex 69.2207 3.4 20.2993
      vertex 69.2207 66.2 20.2993
    endloop
  endfacet
  facet normal -0.608748 0 0.793364
    outer loop
      vertex 69.2207 3.4 20.2993
      vertex 68.91 66.2 20.0609
      vertex 68.91 3.4 20.0609
    endloop
  endfacet
  facet normal -0.382547 0 0.923936
    outer loop
      vertex 68.5482 66.2 19.9111
      vertex 68.91 3.4 20.0609
      vertex 68.91 66.2 20.0609
    endloop
  endfacet
  facet normal -0.382547 0 0.923936
    outer loop
      vertex 68.91 3.4 20.0609
      vertex 68.5482 66.2 19.9111
      vertex 68.5482 3.4 19.9111
    endloop
  endfacet
  facet normal -0.130507 0 0.991447
    outer loop
      vertex 68.16 66.2 19.86
      vertex 68.5482 3.4 19.9111
      vertex 68.5482 66.2 19.9111
    endloop
  endfacet
  facet normal -0.130507 0 0.991447
    outer loop
      vertex 68.5482 3.4 19.9111
      vertex 68.16 66.2 19.86
      vertex 68.16 3.4 19.86
    endloop
  endfacet
  facet normal 0 0 1
    outer loop
      vertex 60.59 64.7 19.86
      vertex 68.16 66.2 19.86
      vertex 60.59 66.2 19.86
    endloop
  endfacet
  facet normal 0 0 1
    outer loop
      vertex 68.16 66.2 19.86
      vertex 60.59 64.7 19.86
      vertex 68.16 3.4 19.86
    endloop
  endfacet
  facet normal 0 0 1
    outer loop
      vertex 60.58 3.4 19.86
      vertex 60.59 64.7 19.86
      vertex 60.58 64.7 19.86
    endloop
  endfacet
  facet normal 0 0 1
    outer loop
      vertex 60.59 64.7 19.86
      vertex 60.58 3.4 19.86
      vertex 68.16 3.4 19.86
    endloop
  endfacet
  facet normal -1 0 0
    outer loop
      vertex 60.58 3.4 18.9
      vertex 60.58 64.7 19.86
      vertex 60.58 64.7 18.9
    endloop
  endfacet
  facet normal -1 -0 0
    outer loop
      vertex 60.58 64.7 19.86
      vertex 60.58 3.4 18.9
      vertex 60.58 3.4 19.86
    endloop
  endfacet
  facet normal -0.991447 0 0.130507
    outer loop
      vertex 69.6089 66.2 20.9718
      vertex 69.66 3.41 21.36
      vertex 69.66 66.2 21.36
    endloop
  endfacet
  facet normal -0.991447 0 0.130507
    outer loop
      vertex 69.6089 3.4 20.9718
      vertex 69.66 3.41 21.36
      vertex 69.6089 66.2 20.9718
    endloop
  endfacet
  facet normal -0.991447 0 0.130507
    outer loop
      vertex 69.66 3.41 21.36
      vertex 69.6089 3.4 20.9718
      vertex 69.66 3.4 21.36
    endloop
  endfacet
  facet normal -0 0 1
    outer loop
      vertex 12.47 66.2 19.86
      vertex 60.59 64.7 19.86
      vertex 60.59 66.2 19.86
    endloop
  endfacet
  facet normal 0 0 1
    outer loop
      vertex 60.59 64.7 19.86
      vertex 12.47 66.2 19.86
      vertex 12.47 64.7 19.86
    endloop
  endfacet
  facet normal 0 -1 0
    outer loop
      vertex 12.48 64.7 18.9
      vertex 60.58 64.7 19.86
      vertex 12.48 64.7 19.86
    endloop
  endfacet
  facet normal 0 -1 -0
    outer loop
      vertex 60.58 64.7 19.86
      vertex 12.48 64.7 18.9
      vertex 60.58 64.7 18.9
    endloop
  endfacet
  facet normal 0 0 0
    outer loop
      vertex 12.47 64.7 19.86
      vertex 12.48 64.7 19.86
      vertex 60.59 64.7 19.86
    endloop
  endfacet
  facet normal 0 -0 0
    outer loop
      vertex 60.58 64.7 19.86
      vertex 60.59 64.7 19.86
      vertex 12.48 64.7 19.86
    endloop
  endfacet
  facet normal 0 -1 0
    outer loop
      vertex 3.4 3.4 36.36
      vertex 3.4511 3.4 38.4318
      vertex 3.4 3.4 38.82
    endloop
  endfacet
  facet normal 0 -1 0
    outer loop
      vertex 3.4 3.4 36.36
      vertex 3.60096 3.4 38.07
      vertex 3.4511 3.4 38.4318
    endloop
  endfacet
  facet normal 0 -1 0
    outer loop
      vertex 3.4 3.4 36.36
      vertex 3.83933 3.4 37.7593
      vertex 3.60096 3.4 38.07
    endloop
  endfacet
  facet normal 0 -1 0
    outer loop
      vertex 3.4 3.4 36.36
      vertex 4.15 3.4 37.521
      vertex 3.83933 3.4 37.7593
    endloop
  endfacet
  facet normal 0 -1 0
    outer loop
      vertex 3.4 3.4 36.36
      vertex 4.51177 3.4 37.3711
      vertex 4.15 3.4 37.521
    endloop
  endfacet
  facet normal 0 -1 0
    outer loop
      vertex 3.4 3.4 36.36
      vertex 4.9 3.4 37.32
      vertex 4.51177 3.4 37.3711
    endloop
  endfacet
  facet normal 0 -1 0
    outer loop
      vertex 12.48 3.4 36.36
      vertex 4.9 3.4 37.32
      vertex 3.4 3.4 36.36
    endloop
  endfacet
  facet normal 0 -1 0
    outer loop
      vertex 4.9 3.4 37.32
      vertex 12.48 3.4 36.36
      vertex 12.48 3.4 37.32
    endloop
  endfacet
  facet normal 0.923882 -0 0.382678
    outer loop
      vertex 3.4511 3.4 38.4318
      vertex 3.60096 66.2 38.07
      vertex 3.4511 66.2 38.4318
    endloop
  endfacet
  facet normal 0.923882 0 0.382678
    outer loop
      vertex 3.60096 66.2 38.07
      vertex 3.4511 3.4 38.4318
      vertex 3.60096 3.4 38.07
    endloop
  endfacet
  facet normal 0.793401 -0 0.6087
    outer loop
      vertex 3.60096 3.4 38.07
      vertex 3.83933 66.2 37.7593
      vertex 3.60096 66.2 38.07
    endloop
  endfacet
  facet normal 0.793401 0 0.6087
    outer loop
      vertex 3.83933 66.2 37.7593
      vertex 3.60096 3.4 38.07
      vertex 3.83933 3.4 37.7593
    endloop
  endfacet
  facet normal 0.608624 0 0.793459
    outer loop
      vertex 3.83933 66.2 37.7593
      vertex 4.15 3.4 37.521
      vertex 4.15 66.2 37.521
    endloop
  endfacet
  facet normal 0.608624 0 0.793459
    outer loop
      vertex 4.15 3.4 37.521
      vertex 3.83933 66.2 37.7593
      vertex 3.83933 3.4 37.7593
    endloop
  endfacet
  facet normal 0.382792 0 0.923834
    outer loop
      vertex 4.15 66.2 37.521
      vertex 4.51177 3.4 37.3711
      vertex 4.51177 66.2 37.3711
    endloop
  endfacet
  facet normal 0.382792 0 0.923834
    outer loop
      vertex 4.51177 3.4 37.3711
      vertex 4.15 66.2 37.521
      vertex 4.15 3.4 37.521
    endloop
  endfacet
  facet normal 0.130497 0 0.991449
    outer loop
      vertex 4.51177 66.2 37.3711
      vertex 4.9 3.4 37.32
      vertex 4.9 66.2 37.32
    endloop
  endfacet
  facet normal 0.130497 0 0.991449
    outer loop
      vertex 4.9 3.4 37.32
      vertex 4.51177 66.2 37.3711
      vertex 4.51177 3.4 37.3711
    endloop
  endfacet
  facet normal 0 0 1
    outer loop
      vertex 12.47 66.2 37.32
      vertex 4.9 66.2 37.32
      vertex 12.47 64.7 37.32
    endloop
  endfacet
  facet normal -0 0 1
    outer loop
      vertex 12.47 64.7 37.32
      vertex 12.48 3.4 37.32
      vertex 12.48 64.7 37.32
    endloop
  endfacet
  facet normal 0 0 1
    outer loop
      vertex 4.9 3.4 37.32
      vertex 12.47 64.7 37.32
      vertex 4.9 66.2 37.32
    endloop
  endfacet
  facet normal 0 0 1
    outer loop
      vertex 12.47 64.7 37.32
      vertex 4.9 3.4 37.32
      vertex 12.48 3.4 37.32
    endloop
  endfacet
  facet normal 1 -0 0
    outer loop
      vertex 12.48 3.4 37.32
      vertex 12.48 64.7 36.36
      vertex 12.48 64.7 37.32
    endloop
  endfacet
  facet normal 1 0 0
    outer loop
      vertex 12.48 64.7 36.36
      vertex 12.48 3.4 37.32
      vertex 12.48 3.4 36.36
    endloop
  endfacet
  facet normal 0 0 -1
    outer loop
      vertex 10.76 4.99999 36.36
      vertex 12.48 3.4 36.36
      vertex 10.76 3.6 36.36
    endloop
  endfacet
  facet normal 0 0 -1
    outer loop
      vertex 12.48 3.4 36.36
      vertex 7.3 3.6 36.36
      vertex 10.76 3.6 36.36
    endloop
  endfacet
  facet normal 0 0 -1
    outer loop
      vertex 3.4 3.41 36.36
      vertex 7.3 3.6 36.36
      vertex 3.4 3.4 36.36
    endloop
  endfacet
  facet normal 0 0 -1
    outer loop
      vertex 3.4 3.4 36.36
      vertex 7.3 3.6 36.36
      vertex 12.48 3.4 36.36
    endloop
  endfacet
  facet normal 0 0 -1
    outer loop
      vertex 65.76 3.6 36.36
      vertex 69.66 3.41 36.36
      vertex 69.66 3.4 36.36
    endloop
  endfacet
  facet normal 0 0 -1
    outer loop
      vertex 69.66 3.41 36.36
      vertex 65.76 3.6 36.36
      vertex 65.76 4.99999 36.36
    endloop
  endfacet
  facet normal 0 0 -1
    outer loop
      vertex 60.58 3.4 36.36
      vertex 65.76 3.6 36.36
      vertex 69.66 3.4 36.36
    endloop
  endfacet
  facet normal -0 0 -1
    outer loop
      vertex 62.3 3.6 36.36
      vertex 60.58 3.4 36.36
      vertex 62.3 4.99999 36.36
    endloop
  endfacet
  facet normal -0 0 -1
    outer loop
      vertex 65.76 3.6 36.36
      vertex 60.58 3.4 36.36
      vertex 62.3 3.6 36.36
    endloop
  endfacet
  facet normal 0 0 -1
    outer loop
      vertex 69.66 3.41 36.36
      vertex 65.76 4.99999 36.36
      vertex 69.66 66.2 36.36
    endloop
  endfacet
  facet normal 0 0 -1
    outer loop
      vertex 60.58 64.7 36.36
      vertex 65.76 4.99999 36.36
      vertex 62.3 4.99999 36.36
    endloop
  endfacet
  facet normal 0 0 -1
    outer loop
      vertex 60.58 64.7 36.36
      vertex 62.3 4.99999 36.36
      vertex 60.58 3.4 36.36
    endloop
  endfacet
  facet normal 0 0 -1
    outer loop
      vertex 65.76 4.99999 36.36
      vertex 60.58 64.7 36.36
      vertex 69.66 66.2 36.36
    endloop
  endfacet
  facet normal 0 0 -1
    outer loop
      vertex 12.48 64.7 36.36
      vertex 69.66 66.2 36.36
      vertex 60.58 64.7 36.36
    endloop
  endfacet
  facet normal 0 0 -1
    outer loop
      vertex 12.48 3.4 36.36
      vertex 10.76 4.99999 36.36
      vertex 12.48 64.7 36.36
    endloop
  endfacet
  facet normal 0 0 -1
    outer loop
      vertex 7.3 4.99999 36.36
      vertex 12.48 64.7 36.36
      vertex 10.76 4.99999 36.36
    endloop
  endfacet
  facet normal -0 0 -1
    outer loop
      vertex 7.3 3.6 36.36
      vertex 3.4 3.41 36.36
      vertex 7.3 4.99999 36.36
    endloop
  endfacet
  facet normal 0 0 -1
    outer loop
      vertex 3.4 66.2 36.36
      vertex 7.3 4.99999 36.36
      vertex 3.4 3.41 36.36
    endloop
  endfacet
  facet normal 0 0 -1
    outer loop
      vertex 12.48 64.7 36.36
      vertex 3.4 66.2 36.36
      vertex 69.66 66.2 36.36
    endloop
  endfacet
  facet normal 0 0 -1
    outer loop
      vertex 7.3 4.99999 36.36
      vertex 3.4 66.2 36.36
      vertex 12.48 64.7 36.36
    endloop
  endfacet
  facet normal 0.991447 -0 0.130507
    outer loop
      vertex 3.4 3.41 38.82
      vertex 3.4511 66.2 38.4318
      vertex 3.4 66.2 38.82
    endloop
  endfacet
  facet normal 0.991447 0 0.130507
    outer loop
      vertex 3.4511 3.4 38.4318
      vertex 3.4 3.41 38.82
      vertex 3.4 3.4 38.82
    endloop
  endfacet
  facet normal 0.991447 0 0.130507
    outer loop
      vertex 3.4 3.41 38.82
      vertex 3.4511 3.4 38.4318
      vertex 3.4511 66.2 38.4318
    endloop
  endfacet
  facet normal 0 -1 0
    outer loop
      vertex 60.58 3.4 37.32
      vertex 60.58 3.4 36.36
      vertex 68.16 3.4 37.32
    endloop
  endfacet
  facet normal 0 -1 0
    outer loop
      vertex 69.6089 3.4 38.4318
      vertex 69.66 3.4 36.36
      vertex 69.66 3.4 38.82
    endloop
  endfacet
  facet normal 0 -1 0
    outer loop
      vertex 69.459 3.4 38.07
      vertex 69.66 3.4 36.36
      vertex 69.6089 3.4 38.4318
    endloop
  endfacet
  facet normal 0 -1 0
    outer loop
      vertex 69.2207 3.4 37.7593
      vertex 69.66 3.4 36.36
      vertex 69.459 3.4 38.07
    endloop
  endfacet
  facet normal 0 -1 0
    outer loop
      vertex 68.91 3.4 37.521
      vertex 69.66 3.4 36.36
      vertex 69.2207 3.4 37.7593
    endloop
  endfacet
  facet normal 0 -1 0
    outer loop
      vertex 68.5482 3.4 37.3711
      vertex 69.66 3.4 36.36
      vertex 68.91 3.4 37.521
    endloop
  endfacet
  facet normal 0 -1 0
    outer loop
      vertex 68.16 3.4 37.32
      vertex 69.66 3.4 36.36
      vertex 68.5482 3.4 37.3711
    endloop
  endfacet
  facet normal 0 -1 0
    outer loop
      vertex 69.66 3.4 36.36
      vertex 68.16 3.4 37.32
      vertex 60.58 3.4 36.36
    endloop
  endfacet
  facet normal -0.923846 0 0.382765
    outer loop
      vertex 69.459 3.4 38.07
      vertex 69.6089 66.2 38.4318
      vertex 69.459 66.2 38.07
    endloop
  endfacet
  facet normal -0.923846 0 0.382765
    outer loop
      vertex 69.6089 66.2 38.4318
      vertex 69.459 3.4 38.07
      vertex 69.6089 3.4 38.4318
    endloop
  endfacet
  facet normal -0.793487 0 0.608587
    outer loop
      vertex 69.2207 3.4 37.7593
      vertex 69.459 66.2 38.07
      vertex 69.2207 66.2 37.7593
    endloop
  endfacet
  facet normal -0.793487 0 0.608587
    outer loop
      vertex 69.459 66.2 38.07
      vertex 69.2207 3.4 37.7593
      vertex 69.459 3.4 38.07
    endloop
  endfacet
  facet normal -0.608587 0 0.793487
    outer loop
      vertex 68.91 66.2 37.521
      vertex 69.2207 3.4 37.7593
      vertex 69.2207 66.2 37.7593
    endloop
  endfacet
  facet normal -0.608587 0 0.793487
    outer loop
      vertex 69.2207 3.4 37.7593
      vertex 68.91 66.2 37.521
      vertex 68.91 3.4 37.521
    endloop
  endfacet
  facet normal -0.382765 0 0.923846
    outer loop
      vertex 68.5482 66.2 37.3711
      vertex 68.91 3.4 37.521
      vertex 68.91 66.2 37.521
    endloop
  endfacet
  facet normal -0.382765 0 0.923846
    outer loop
      vertex 68.91 3.4 37.521
      vertex 68.5482 66.2 37.3711
      vertex 68.5482 3.4 37.3711
    endloop
  endfacet
  facet normal -0.130507 0 0.991447
    outer loop
      vertex 68.16 66.2 37.32
      vertex 68.5482 3.4 37.3711
      vertex 68.5482 66.2 37.3711
    endloop
  endfacet
  facet normal -0.130507 0 0.991447
    outer loop
      vertex 68.5482 3.4 37.3711
      vertex 68.16 66.2 37.32
      vertex 68.16 3.4 37.32
    endloop
  endfacet
  facet normal 0 0 1
    outer loop
      vertex 60.59 64.7 37.32
      vertex 68.16 66.2 37.32
      vertex 60.59 66.2 37.32
    endloop
  endfacet
  facet normal 0 0 1
    outer loop
      vertex 68.16 66.2 37.32
      vertex 60.59 64.7 37.32
      vertex 68.16 3.4 37.32
    endloop
  endfacet
  facet normal 0 0 1
    outer loop
      vertex 60.58 3.4 37.32
      vertex 60.59 64.7 37.32
      vertex 60.58 64.7 37.32
    endloop
  endfacet
  facet normal 0 0 1
    outer loop
      vertex 60.59 64.7 37.32
      vertex 60.58 3.4 37.32
      vertex 68.16 3.4 37.32
    endloop
  endfacet
  facet normal -1 0 0
    outer loop
      vertex 60.58 3.4 36.36
      vertex 60.58 64.7 37.32
      vertex 60.58 64.7 36.36
    endloop
  endfacet
  facet normal -1 -0 0
    outer loop
      vertex 60.58 64.7 37.32
      vertex 60.58 3.4 36.36
      vertex 60.58 3.4 37.32
    endloop
  endfacet
  facet normal -0.991447 0 0.130507
    outer loop
      vertex 69.6089 66.2 38.4318
      vertex 69.66 3.41 38.82
      vertex 69.66 66.2 38.82
    endloop
  endfacet
  facet normal -0.991447 0 0.130507
    outer loop
      vertex 69.6089 3.4 38.4318
      vertex 69.66 3.41 38.82
      vertex 69.6089 66.2 38.4318
    endloop
  endfacet
  facet normal -0.991447 0 0.130507
    outer loop
      vertex 69.66 3.41 38.82
      vertex 69.6089 3.4 38.4318
      vertex 69.66 3.4 38.82
    endloop
  endfacet
  facet normal -0 0 1
    outer loop
      vertex 12.47 66.2 37.32
      vertex 60.59 64.7 37.32
      vertex 60.59 66.2 37.32
    endloop
  endfacet
  facet normal 0 0 1
    outer loop
      vertex 60.59 64.7 37.32
      vertex 12.47 66.2 37.32
      vertex 12.47 64.7 37.32
    endloop
  endfacet
  facet normal 0 -1 0
    outer loop
      vertex 12.48 64.7 36.36
      vertex 60.58 64.7 37.32
      vertex 12.48 64.7 37.32
    endloop
  endfacet
  facet normal 0 -1 -0
    outer loop
      vertex 60.58 64.7 37.32
      vertex 12.48 64.7 36.36
      vertex 60.58 64.7 36.36
    endloop
  endfacet
  facet normal 0 0 0
    outer loop
      vertex 12.47 64.7 37.32
      vertex 12.48 64.7 37.32
      vertex 60.59 64.7 37.32
    endloop
  endfacet
  facet normal 0 -0 0
    outer loop
      vertex 60.58 64.7 37.32
      vertex 60.59 64.7 37.32
      vertex 12.48 64.7 37.32
    endloop
  endfacet
  facet normal 0 -1 0
    outer loop
      vertex 3.4 3.4 53.82
      vertex 3.4511 3.4 55.8918
      vertex 3.4 3.4 56.28
    endloop
  endfacet
  facet normal 0 -1 0
    outer loop
      vertex 3.4 3.4 53.82
      vertex 3.60096 3.4 55.53
      vertex 3.4511 3.4 55.8918
    endloop
  endfacet
  facet normal 0 -1 0
    outer loop
      vertex 3.4 3.4 53.82
      vertex 3.83933 3.4 55.2193
      vertex 3.60096 3.4 55.53
    endloop
  endfacet
  facet normal 0 -1 0
    outer loop
      vertex 3.4 3.4 53.82
      vertex 4.15 3.4 54.9809
      vertex 3.83933 3.4 55.2193
    endloop
  endfacet
  facet normal 0 -1 0
    outer loop
      vertex 3.4 3.4 53.82
      vertex 4.51177 3.4 54.8311
      vertex 4.15 3.4 54.9809
    endloop
  endfacet
  facet normal 0 -1 0
    outer loop
      vertex 3.4 3.4 53.82
      vertex 4.9 3.4 54.78
      vertex 4.51177 3.4 54.8311
    endloop
  endfacet
  facet normal 0 -1 0
    outer loop
      vertex 12.48 3.4 53.82
      vertex 4.9 3.4 54.78
      vertex 3.4 3.4 53.82
    endloop
  endfacet
  facet normal 0 -1 0
    outer loop
      vertex 4.9 3.4 54.78
      vertex 12.48 3.4 53.82
      vertex 12.48 3.4 54.78
    endloop
  endfacet
  facet normal 0.923882 -0 0.382678
    outer loop
      vertex 3.4511 3.4 55.8918
      vertex 3.60096 66.2 55.53
      vertex 3.4511 66.2 55.8918
    endloop
  endfacet
  facet normal 0.923882 0 0.382678
    outer loop
      vertex 3.60096 66.2 55.53
      vertex 3.4511 3.4 55.8918
      vertex 3.60096 3.4 55.53
    endloop
  endfacet
  facet normal 0.793401 -0 0.6087
    outer loop
      vertex 3.60096 3.4 55.53
      vertex 3.83933 66.2 55.2193
      vertex 3.60096 66.2 55.53
    endloop
  endfacet
  facet normal 0.793401 0 0.6087
    outer loop
      vertex 3.83933 66.2 55.2193
      vertex 3.60096 3.4 55.53
      vertex 3.83933 3.4 55.2193
    endloop
  endfacet
  facet normal 0.608785 0 0.793335
    outer loop
      vertex 3.83933 66.2 55.2193
      vertex 4.15 3.4 54.9809
      vertex 4.15 66.2 54.9809
    endloop
  endfacet
  facet normal 0.608785 0 0.793335
    outer loop
      vertex 4.15 3.4 54.9809
      vertex 3.83933 66.2 55.2193
      vertex 3.83933 3.4 55.2193
    endloop
  endfacet
  facet normal 0.382574 0 0.923925
    outer loop
      vertex 4.15 66.2 54.9809
      vertex 4.51177 3.4 54.8311
      vertex 4.51177 66.2 54.8311
    endloop
  endfacet
  facet normal 0.382574 0 0.923925
    outer loop
      vertex 4.51177 3.4 54.8311
      vertex 4.15 66.2 54.9809
      vertex 4.15 3.4 54.9809
    endloop
  endfacet
  facet normal 0.130497 0 0.991449
    outer loop
      vertex 4.51177 66.2 54.8311
      vertex 4.9 3.4 54.78
      vertex 4.9 66.2 54.78
    endloop
  endfacet
  facet normal 0.130497 0 0.991449
    outer loop
      vertex 4.9 3.4 54.78
      vertex 4.51177 66.2 54.8311
      vertex 4.51177 3.4 54.8311
    endloop
  endfacet
  facet normal 0 0 1
    outer loop
      vertex 12.47 66.2 54.78
      vertex 4.9 66.2 54.78
      vertex 12.47 64.7 54.78
    endloop
  endfacet
  facet normal -0 0 1
    outer loop
      vertex 12.47 64.7 54.78
      vertex 12.48 3.4 54.78
      vertex 12.48 64.7 54.78
    endloop
  endfacet
  facet normal 0 0 1
    outer loop
      vertex 4.9 3.4 54.78
      vertex 12.47 64.7 54.78
      vertex 4.9 66.2 54.78
    endloop
  endfacet
  facet normal 0 0 1
    outer loop
      vertex 12.47 64.7 54.78
      vertex 4.9 3.4 54.78
      vertex 12.48 3.4 54.78
    endloop
  endfacet
  facet normal 1 -0 0
    outer loop
      vertex 12.48 3.4 54.78
      vertex 12.48 64.7 53.82
      vertex 12.48 64.7 54.78
    endloop
  endfacet
  facet normal 1 0 0
    outer loop
      vertex 12.48 64.7 53.82
      vertex 12.48 3.4 54.78
      vertex 12.48 3.4 53.82
    endloop
  endfacet
  facet normal 0 0 -1
    outer loop
      vertex 10.76 4.99999 53.82
      vertex 12.48 3.4 53.82
      vertex 10.76 3.6 53.82
    endloop
  endfacet
  facet normal 0 0 -1
    outer loop
      vertex 12.48 3.4 53.82
      vertex 7.3 3.6 53.82
      vertex 10.76 3.6 53.82
    endloop
  endfacet
  facet normal 0 0 -1
    outer loop
      vertex 3.4 3.41 53.82
      vertex 7.3 3.6 53.82
      vertex 3.4 3.4 53.82
    endloop
  endfacet
  facet normal 0 0 -1
    outer loop
      vertex 3.4 3.4 53.82
      vertex 7.3 3.6 53.82
      vertex 12.48 3.4 53.82
    endloop
  endfacet
  facet normal 0 0 -1
    outer loop
      vertex 65.76 3.6 53.82
      vertex 69.66 3.41 53.82
      vertex 69.66 3.4 53.82
    endloop
  endfacet
  facet normal 0 0 -1
    outer loop
      vertex 69.66 3.41 53.82
      vertex 65.76 3.6 53.82
      vertex 65.76 4.99999 53.82
    endloop
  endfacet
  facet normal 0 0 -1
    outer loop
      vertex 60.58 3.4 53.82
      vertex 65.76 3.6 53.82
      vertex 69.66 3.4 53.82
    endloop
  endfacet
  facet normal -0 0 -1
    outer loop
      vertex 62.3 3.6 53.82
      vertex 60.58 3.4 53.82
      vertex 62.3 4.99999 53.82
    endloop
  endfacet
  facet normal -0 0 -1
    outer loop
      vertex 65.76 3.6 53.82
      vertex 60.58 3.4 53.82
      vertex 62.3 3.6 53.82
    endloop
  endfacet
  facet normal 0 0 -1
    outer loop
      vertex 69.66 3.41 53.82
      vertex 65.76 4.99999 53.82
      vertex 69.66 66.2 53.82
    endloop
  endfacet
  facet normal 0 0 -1
    outer loop
      vertex 60.58 64.7 53.82
      vertex 65.76 4.99999 53.82
      vertex 62.3 4.99999 53.82
    endloop
  endfacet
  facet normal 0 0 -1
    outer loop
      vertex 60.58 64.7 53.82
      vertex 62.3 4.99999 53.82
      vertex 60.58 3.4 53.82
    endloop
  endfacet
  facet normal 0 0 -1
    outer loop
      vertex 65.76 4.99999 53.82
      vertex 60.58 64.7 53.82
      vertex 69.66 66.2 53.82
    endloop
  endfacet
  facet normal 0 0 -1
    outer loop
      vertex 12.48 64.7 53.82
      vertex 69.66 66.2 53.82
      vertex 60.58 64.7 53.82
    endloop
  endfacet
  facet normal 0 0 -1
    outer loop
      vertex 12.48 3.4 53.82
      vertex 10.76 4.99999 53.82
      vertex 12.48 64.7 53.82
    endloop
  endfacet
  facet normal 0 0 -1
    outer loop
      vertex 7.3 4.99999 53.82
      vertex 12.48 64.7 53.82
      vertex 10.76 4.99999 53.82
    endloop
  endfacet
  facet normal -0 0 -1
    outer loop
      vertex 7.3 3.6 53.82
      vertex 3.4 3.41 53.82
      vertex 7.3 4.99999 53.82
    endloop
  endfacet
  facet normal 0 0 -1
    outer loop
      vertex 3.4 66.2 53.82
      vertex 7.3 4.99999 53.82
      vertex 3.4 3.41 53.82
    endloop
  endfacet
  facet normal 0 0 -1
    outer loop
      vertex 12.48 64.7 53.82
      vertex 3.4 66.2 53.82
      vertex 69.66 66.2 53.82
    endloop
  endfacet
  facet normal 0 0 -1
    outer loop
      vertex 7.3 4.99999 53.82
      vertex 3.4 66.2 53.82
      vertex 12.48 64.7 53.82
    endloop
  endfacet
  facet normal 0.991447 -0 0.130507
    outer loop
      vertex 3.4 3.41 56.28
      vertex 3.4511 66.2 55.8918
      vertex 3.4 66.2 56.28
    endloop
  endfacet
  facet normal 0.991447 0 0.130507
    outer loop
      vertex 3.4511 3.4 55.8918
      vertex 3.4 3.41 56.28
      vertex 3.4 3.4 56.28
    endloop
  endfacet
  facet normal 0.991447 0 0.130507
    outer loop
      vertex 3.4 3.41 56.28
      vertex 3.4511 3.4 55.8918
      vertex 3.4511 66.2 55.8918
    endloop
  endfacet
  facet normal 0 -1 0
    outer loop
      vertex 60.58 3.4 54.78
      vertex 60.58 3.4 53.82
      vertex 68.16 3.4 54.78
    endloop
  endfacet
  facet normal 0 -1 0
    outer loop
      vertex 69.6089 3.4 55.8918
      vertex 69.66 3.4 53.82
      vertex 69.66 3.4 56.28
    endloop
  endfacet
  facet normal 0 -1 0
    outer loop
      vertex 69.459 3.4 55.53
      vertex 69.66 3.4 53.82
      vertex 69.6089 3.4 55.8918
    endloop
  endfacet
  facet normal 0 -1 0
    outer loop
      vertex 69.2207 3.4 55.2193
      vertex 69.66 3.4 53.82
      vertex 69.459 3.4 55.53
    endloop
  endfacet
  facet normal 0 -1 0
    outer loop
      vertex 68.91 3.4 54.9809
      vertex 69.66 3.4 53.82
      vertex 69.2207 3.4 55.2193
    endloop
  endfacet
  facet normal 0 -1 0
    outer loop
      vertex 68.5482 3.4 54.8311
      vertex 69.66 3.4 53.82
      vertex 68.91 3.4 54.9809
    endloop
  endfacet
  facet normal 0 -1 0
    outer loop
      vertex 68.16 3.4 54.78
      vertex 69.66 3.4 53.82
      vertex 68.5482 3.4 54.8311
    endloop
  endfacet
  facet normal 0 -1 0
    outer loop
      vertex 69.66 3.4 53.82
      vertex 68.16 3.4 54.78
      vertex 60.58 3.4 53.82
    endloop
  endfacet
  facet normal -0.923846 0 0.382765
    outer loop
      vertex 69.459 3.4 55.53
      vertex 69.6089 66.2 55.8918
      vertex 69.459 66.2 55.53
    endloop
  endfacet
  facet normal -0.923846 0 0.382765
    outer loop
      vertex 69.6089 66.2 55.8918
      vertex 69.459 3.4 55.53
      vertex 69.6089 3.4 55.8918
    endloop
  endfacet
  facet normal -0.793487 0 0.608587
    outer loop
      vertex 69.2207 3.4 55.2193
      vertex 69.459 66.2 55.53
      vertex 69.2207 66.2 55.2193
    endloop
  endfacet
  facet normal -0.793487 0 0.608587
    outer loop
      vertex 69.459 66.2 55.53
      vertex 69.2207 3.4 55.2193
      vertex 69.459 3.4 55.53
    endloop
  endfacet
  facet normal -0.608748 0 0.793364
    outer loop
      vertex 68.91 66.2 54.9809
      vertex 69.2207 3.4 55.2193
      vertex 69.2207 66.2 55.2193
    endloop
  endfacet
  facet normal -0.608748 0 0.793364
    outer loop
      vertex 69.2207 3.4 55.2193
      vertex 68.91 66.2 54.9809
      vertex 68.91 3.4 54.9809
    endloop
  endfacet
  facet normal -0.382547 0 0.923936
    outer loop
      vertex 68.5482 66.2 54.8311
      vertex 68.91 3.4 54.9809
      vertex 68.91 66.2 54.9809
    endloop
  endfacet
  facet normal -0.382547 0 0.923936
    outer loop
      vertex 68.91 3.4 54.9809
      vertex 68.5482 66.2 54.8311
      vertex 68.5482 3.4 54.8311
    endloop
  endfacet
  facet normal -0.130507 0 0.991447
    outer loop
      vertex 68.16 66.2 54.78
      vertex 68.5482 3.4 54.8311
      vertex 68.5482 66.2 54.8311
    endloop
  endfacet
  facet normal -0.130507 0 0.991447
    outer loop
      vertex 68.5482 3.4 54.8311
      vertex 68.16 66.2 54.78
      vertex 68.16 3.4 54.78
    endloop
  endfacet
  facet normal 0 0 1
    outer loop
      vertex 60.59 64.7 54.78
      vertex 68.16 66.2 54.78
      vertex 60.59 66.2 54.78
    endloop
  endfacet
  facet normal 0 0 1
    outer loop
      vertex 68.16 66.2 54.78
      vertex 60.59 64.7 54.78
      vertex 68.16 3.4 54.78
    endloop
  endfacet
  facet normal 0 0 1
    outer loop
      vertex 60.58 3.4 54.78
      vertex 60.59 64.7 54.78
      vertex 60.58 64.7 54.78
    endloop
  endfacet
  facet normal 0 0 1
    outer loop
      vertex 60.59 64.7 54.78
      vertex 60.58 3.4 54.78
      vertex 68.16 3.4 54.78
    endloop
  endfacet
  facet normal -1 0 0
    outer loop
      vertex 60.58 3.4 53.82
      vertex 60.58 64.7 54.78
      vertex 60.58 64.7 53.82
    endloop
  endfacet
  facet normal -1 -0 0
    outer loop
      vertex 60.58 64.7 54.78
      vertex 60.58 3.4 53.82
      vertex 60.58 3.4 54.78
    endloop
  endfacet
  facet normal -0.991447 0 0.130507
    outer loop
      vertex 69.6089 66.2 55.8918
      vertex 69.66 3.41 56.28
      vertex 69.66 66.2 56.28
    endloop
  endfacet
  facet normal -0.991447 0 0.130507
    outer loop
      vertex 69.6089 3.4 55.8918
      vertex 69.66 3.41 56.28
      vertex 69.6089 66.2 55.8918
    endloop
  endfacet
  facet normal -0.991447 0 0.130507
    outer loop
      vertex 69.66 3.41 56.28
      vertex 69.6089 3.4 55.8918
      vertex 69.66 3.4 56.28
    endloop
  endfacet
  facet normal -0 0 1
    outer loop
      vertex 12.47 66.2 54.78
      vertex 60.59 64.7 54.78
      vertex 60.59 66.2 54.78
    endloop
  endfacet
  facet normal 0 0 1
    outer loop
      vertex 60.59 64.7 54.78
      vertex 12.47 66.2 54.78
      vertex 12.47 64.7 54.78
    endloop
  endfacet
  facet normal 0 -1 0
    outer loop
      vertex 12.48 64.7 53.82
      vertex 60.58 64.7 54.78
      vertex 12.48 64.7 54.78
    endloop
  endfacet
  facet normal 0 -1 -0
    outer loop
      vertex 60.58 64.7 54.78
      vertex 12.48 64.7 53.82
      vertex 60.58 64.7 53.82
    endloop
  endfacet
  facet normal 0 0 0
    outer loop
      vertex 12.47 64.7 54.78
      vertex 12.48 64.7 54.78
      vertex 60.59 64.7 54.78
    endloop
  endfacet
  facet normal 0 -0 0
    outer loop
      vertex 60.58 64.7 54.78
      vertex 60.59 64.7 54.78
      vertex 12.48 64.7 54.78
    endloop
  endfacet
  facet normal 1 -0 0
    outer loop
      vertex 10.76 3.6 18.9
      vertex 10.76 3.79999 16.6
      vertex 10.76 4.99999 18.9
    endloop
  endfacet
  facet normal 1 0 0
    outer loop
      vertex 10.76 3.79999 16.6
      vertex 10.76 3.6 18.9
      vertex 10.76 3.6 16.6
    endloop
  endfacet
  facet normal 0 0.886585 -0.462566
    outer loop
      vertex 10.76 3.79999 16.6
      vertex 7.3 4.99999 18.9
      vertex 10.76 4.99999 18.9
    endloop
  endfacet
  facet normal 0 0.886585 -0.462566
    outer loop
      vertex 7.3 4.99999 18.9
      vertex 10.76 3.79999 16.6
      vertex 7.3 3.79999 16.6
    endloop
  endfacet
  facet normal 0 0 -1
    outer loop
      vertex 7.3 3.6 16.6
      vertex 10.76 3.79999 16.6
      vertex 10.76 3.6 16.6
    endloop
  endfacet
  facet normal -0 0 -1
    outer loop
      vertex 10.76 3.79999 16.6
      vertex 7.3 3.6 16.6
      vertex 7.3 3.79999 16.6
    endloop
  endfacet
  facet normal -1 0 0
    outer loop
      vertex 7.3 3.6 18.9
      vertex 7.3 3.79999 16.6
      vertex 7.3 3.6 16.6
    endloop
  endfacet
  facet normal -1 0 0
    outer loop
      vertex 7.3 3.79999 16.6
      vertex 7.3 3.6 18.9
      vertex 7.3 4.99999 18.9
    endloop
  endfacet
  facet normal 0 -1 0
    outer loop
      vertex 7.3 3.6 16.6
      vertex 10.76 3.6 18.9
      vertex 7.3 3.6 18.9
    endloop
  endfacet
  facet normal 0 -1 -0
    outer loop
      vertex 10.76 3.6 18.9
      vertex 7.3 3.6 16.6
      vertex 10.76 3.6 16.6
    endloop
  endfacet
  facet normal 0 0 -1
    outer loop
      vertex 62.3 3.6 16.6
      vertex 65.76 3.79999 16.6
      vertex 65.76 3.6 16.6
    endloop
  endfacet
  facet normal -0 0 -1
    outer loop
      vertex 65.76 3.79999 16.6
      vertex 62.3 3.6 16.6
      vertex 62.3 3.79999 16.6
    endloop
  endfacet
  facet normal -1 0 0
    outer loop
      vertex 62.3 3.6 18.9
      vertex 62.3 3.79999 16.6
      vertex 62.3 3.6 16.6
    endloop
  endfacet
  facet normal -1 0 0
    outer loop
      vertex 62.3 3.79999 16.6
      vertex 62.3 3.6 18.9
      vertex 62.3 4.99999 18.9
    endloop
  endfacet
  facet normal 0 -1 0
    outer loop
      vertex 62.3 3.6 16.6
      vertex 65.76 3.6 18.9
      vertex 62.3 3.6 18.9
    endloop
  endfacet
  facet normal 0 -1 -0
    outer loop
      vertex 65.76 3.6 18.9
      vertex 62.3 3.6 16.6
      vertex 65.76 3.6 16.6
    endloop
  endfacet
  facet normal 0 0.886585 -0.462566
    outer loop
      vertex 65.76 3.79999 16.6
      vertex 62.3 4.99999 18.9
      vertex 65.76 4.99999 18.9
    endloop
  endfacet
  facet normal 0 0.886585 -0.462566
    outer loop
      vertex 62.3 4.99999 18.9
      vertex 65.76 3.79999 16.6
      vertex 62.3 3.79999 16.6
    endloop
  endfacet
  facet normal 1 -0 0
    outer loop
      vertex 65.76 3.6 18.9
      vertex 65.76 3.79999 16.6
      vertex 65.76 4.99999 18.9
    endloop
  endfacet
  facet normal 1 0 0
    outer loop
      vertex 65.76 3.79999 16.6
      vertex 65.76 3.6 18.9
      vertex 65.76 3.6 16.6
    endloop
  endfacet
  facet normal 0 -1 0
    outer loop
      vertex 7.3 3.6 34.06
      vertex 10.76 3.6 36.36
      vertex 7.3 3.6 36.36
    endloop
  endfacet
  facet normal 0 -1 -0
    outer loop
      vertex 10.76 3.6 36.36
      vertex 7.3 3.6 34.06
      vertex 10.76 3.6 34.06
    endloop
  endfacet
  facet normal 1 -0 0
    outer loop
      vertex 10.76 3.6 36.36
      vertex 10.76 3.79999 34.06
      vertex 10.76 4.99999 36.36
    endloop
  endfacet
  facet normal 1 0 0
    outer loop
      vertex 10.76 3.79999 34.06
      vertex 10.76 3.6 36.36
      vertex 10.76 3.6 34.06
    endloop
  endfacet
  facet normal 0 0.886585 -0.462566
    outer loop
      vertex 10.76 3.79999 34.06
      vertex 7.3 4.99999 36.36
      vertex 10.76 4.99999 36.36
    endloop
  endfacet
  facet normal 0 0.886585 -0.462566
    outer loop
      vertex 7.3 4.99999 36.36
      vertex 10.76 3.79999 34.06
      vertex 7.3 3.79999 34.06
    endloop
  endfacet
  facet normal 0 0 -1
    outer loop
      vertex 7.3 3.6 34.06
      vertex 10.76 3.79999 34.06
      vertex 10.76 3.6 34.06
    endloop
  endfacet
  facet normal -0 0 -1
    outer loop
      vertex 10.76 3.79999 34.06
      vertex 7.3 3.6 34.06
      vertex 7.3 3.79999 34.06
    endloop
  endfacet
  facet normal -1 0 0
    outer loop
      vertex 7.3 3.6 36.36
      vertex 7.3 3.79999 34.06
      vertex 7.3 3.6 34.06
    endloop
  endfacet
  facet normal -1 0 0
    outer loop
      vertex 7.3 3.79999 34.06
      vertex 7.3 3.6 36.36
      vertex 7.3 4.99999 36.36
    endloop
  endfacet
  facet normal 0 0 -1
    outer loop
      vertex 62.3 3.6 34.06
      vertex 65.76 3.79999 34.06
      vertex 65.76 3.6 34.06
    endloop
  endfacet
  facet normal -0 0 -1
    outer loop
      vertex 65.76 3.79999 34.06
      vertex 62.3 3.6 34.06
      vertex 62.3 3.79999 34.06
    endloop
  endfacet
  facet normal -1 0 0
    outer loop
      vertex 62.3 3.6 36.36
      vertex 62.3 3.79999 34.06
      vertex 62.3 3.6 34.06
    endloop
  endfacet
  facet normal -1 0 0
    outer loop
      vertex 62.3 3.79999 34.06
      vertex 62.3 3.6 36.36
      vertex 62.3 4.99999 36.36
    endloop
  endfacet
  facet normal 0 -1 0
    outer loop
      vertex 62.3 3.6 34.06
      vertex 65.76 3.6 36.36
      vertex 62.3 3.6 36.36
    endloop
  endfacet
  facet normal 0 -1 -0
    outer loop
      vertex 65.76 3.6 36.36
      vertex 62.3 3.6 34.06
      vertex 65.76 3.6 34.06
    endloop
  endfacet
  facet normal 0 0.886585 -0.462566
    outer loop
      vertex 65.76 3.79999 34.06
      vertex 62.3 4.99999 36.36
      vertex 65.76 4.99999 36.36
    endloop
  endfacet
  facet normal 0 0.886585 -0.462566
    outer loop
      vertex 62.3 4.99999 36.36
      vertex 65.76 3.79999 34.06
      vertex 62.3 3.79999 34.06
    endloop
  endfacet
  facet normal 1 -0 0
    outer loop
      vertex 65.76 3.6 36.36
      vertex 65.76 3.79999 34.06
      vertex 65.76 4.99999 36.36
    endloop
  endfacet
  facet normal 1 0 0
    outer loop
      vertex 65.76 3.79999 34.06
      vertex 65.76 3.6 36.36
      vertex 65.76 3.6 34.06
    endloop
  endfacet
  facet normal 0 -1 0
    outer loop
      vertex 7.3 3.6 51.52
      vertex 10.76 3.6 53.82
      vertex 7.3 3.6 53.82
    endloop
  endfacet
  facet normal 0 -1 -0
    outer loop
      vertex 10.76 3.6 53.82
      vertex 7.3 3.6 51.52
      vertex 10.76 3.6 51.52
    endloop
  endfacet
  facet normal 0 0 -1
    outer loop
      vertex 7.3 3.6 51.52
      vertex 10.76 3.79999 51.52
      vertex 10.76 3.6 51.52
    endloop
  endfacet
  facet normal -0 0 -1
    outer loop
      vertex 10.76 3.79999 51.52
      vertex 7.3 3.6 51.52
      vertex 7.3 3.79999 51.52
    endloop
  endfacet
  facet normal 1 -0 0
    outer loop
      vertex 10.76 3.6 53.82
      vertex 10.76 3.79999 51.52
      vertex 10.76 4.99999 53.82
    endloop
  endfacet
  facet normal 1 0 0
    outer loop
      vertex 10.76 3.79999 51.52
      vertex 10.76 3.6 53.82
      vertex 10.76 3.6 51.52
    endloop
  endfacet
  facet normal 0 0.886585 -0.462566
    outer loop
      vertex 10.76 3.79999 51.52
      vertex 7.3 4.99999 53.82
      vertex 10.76 4.99999 53.82
    endloop
  endfacet
  facet normal 0 0.886585 -0.462566
    outer loop
      vertex 7.3 4.99999 53.82
      vertex 10.76 3.79999 51.52
      vertex 7.3 3.79999 51.52
    endloop
  endfacet
  facet normal -1 0 0
    outer loop
      vertex 7.3 3.6 53.82
      vertex 7.3 3.79999 51.52
      vertex 7.3 3.6 51.52
    endloop
  endfacet
  facet normal -1 0 0
    outer loop
      vertex 7.3 3.79999 51.52
      vertex 7.3 3.6 53.82
      vertex 7.3 4.99999 53.82
    endloop
  endfacet
  facet normal 0 0 -1
    outer loop
      vertex 62.3 3.6 51.52
      vertex 65.76 3.79999 51.52
      vertex 65.76 3.6 51.52
    endloop
  endfacet
  facet normal -0 0 -1
    outer loop
      vertex 65.76 3.79999 51.52
      vertex 62.3 3.6 51.52
      vertex 62.3 3.79999 51.52
    endloop
  endfacet
  facet normal -1 0 0
    outer loop
      vertex 62.3 3.6 53.82
      vertex 62.3 3.79999 51.52
      vertex 62.3 3.6 51.52
    endloop
  endfacet
  facet normal -1 0 0
    outer loop
      vertex 62.3 3.79999 51.52
      vertex 62.3 3.6 53.82
      vertex 62.3 4.99999 53.82
    endloop
  endfacet
  facet normal 0 -1 0
    outer loop
      vertex 62.3 3.6 51.52
      vertex 65.76 3.6 53.82
      vertex 62.3 3.6 53.82
    endloop
  endfacet
  facet normal 0 -1 -0
    outer loop
      vertex 65.76 3.6 53.82
      vertex 62.3 3.6 51.52
      vertex 65.76 3.6 51.52
    endloop
  endfacet
  facet normal 0 0.886585 -0.462566
    outer loop
      vertex 65.76 3.79999 51.52
      vertex 62.3 4.99999 53.82
      vertex 65.76 4.99999 53.82
    endloop
  endfacet
  facet normal 0 0.886585 -0.462566
    outer loop
      vertex 62.3 4.99999 53.82
      vertex 65.76 3.79999 51.52
      vertex 62.3 3.79999 51.52
    endloop
  endfacet
  facet normal 1 -0 0
    outer loop
      vertex 65.76 3.6 53.82
      vertex 65.76 3.79999 51.52
      vertex 65.76 4.99999 53.82
    endloop
  endfacet
  facet normal 1 0 0
    outer loop
      vertex 65.76 3.79999 51.52
      vertex 65.76 3.6 53.82
      vertex 65.76 3.6 51.52
    endloop
  endfacet
  facet normal 0 -1 0
    outer loop
      vertex 7.3 3.6 68.98
      vertex 10.76 3.6 71.28
      vertex 7.3 3.6 71.28
    endloop
  endfacet
  facet normal 0 -1 -0
    outer loop
      vertex 10.76 3.6 71.28
      vertex 7.3 3.6 68.98
      vertex 10.76 3.6 68.98
    endloop
  endfacet
  facet normal 1 -0 0
    outer loop
      vertex 10.76 3.6 71.28
      vertex 10.76 3.79999 68.98
      vertex 10.76 4.99999 71.28
    endloop
  endfacet
  facet normal 1 0 0
    outer loop
      vertex 10.76 3.79999 68.98
      vertex 10.76 3.6 71.28
      vertex 10.76 3.6 68.98
    endloop
  endfacet
  facet normal 0 0.886585 -0.462566
    outer loop
      vertex 10.76 3.79999 68.98
      vertex 7.3 4.99999 71.28
      vertex 10.76 4.99999 71.28
    endloop
  endfacet
  facet normal 0 0.886585 -0.462566
    outer loop
      vertex 7.3 4.99999 71.28
      vertex 10.76 3.79999 68.98
      vertex 7.3 3.79999 68.98
    endloop
  endfacet
  facet normal 0 0 -1
    outer loop
      vertex 7.3 3.6 68.98
      vertex 10.76 3.79999 68.98
      vertex 10.76 3.6 68.98
    endloop
  endfacet
  facet normal -0 0 -1
    outer loop
      vertex 10.76 3.79999 68.98
      vertex 7.3 3.6 68.98
      vertex 7.3 3.79999 68.98
    endloop
  endfacet
  facet normal -1 0 0
    outer loop
      vertex 7.3 3.6 71.28
      vertex 7.3 3.79999 68.98
      vertex 7.3 3.6 68.98
    endloop
  endfacet
  facet normal -1 0 0
    outer loop
      vertex 7.3 3.79999 68.98
      vertex 7.3 3.6 71.28
      vertex 7.3 4.99999 71.28
    endloop
  endfacet
  facet normal 0 0 -1
    outer loop
      vertex 62.3 3.6 68.98
      vertex 65.76 3.79999 68.98
      vertex 65.76 3.6 68.98
    endloop
  endfacet
  facet normal -0 0 -1
    outer loop
      vertex 65.76 3.79999 68.98
      vertex 62.3 3.6 68.98
      vertex 62.3 3.79999 68.98
    endloop
  endfacet
  facet normal -1 0 0
    outer loop
      vertex 62.3 3.6 71.28
      vertex 62.3 3.79999 68.98
      vertex 62.3 3.6 68.98
    endloop
  endfacet
  facet normal -1 0 0
    outer loop
      vertex 62.3 3.79999 68.98
      vertex 62.3 3.6 71.28
      vertex 62.3 4.99999 71.28
    endloop
  endfacet
  facet normal 0 -1 0
    outer loop
      vertex 62.3 3.6 68.98
      vertex 65.76 3.6 71.28
      vertex 62.3 3.6 71.28
    endloop
  endfacet
  facet normal 0 -1 -0
    outer loop
      vertex 65.76 3.6 71.28
      vertex 62.3 3.6 68.98
      vertex 65.76 3.6 68.98
    endloop
  endfacet
  facet normal 0 0.886585 -0.462566
    outer loop
      vertex 65.76 3.79999 68.98
      vertex 62.3 4.99999 71.28
      vertex 65.76 4.99999 71.28
    endloop
  endfacet
  facet normal 0 0.886585 -0.462566
    outer loop
      vertex 62.3 4.99999 71.28
      vertex 65.76 3.79999 68.98
      vertex 62.3 3.79999 68.98
    endloop
  endfacet
  facet normal 1 -0 0
    outer loop
      vertex 65.76 3.6 71.28
      vertex 65.76 3.79999 68.98
      vertex 65.76 4.99999 71.28
    endloop
  endfacet
  facet normal 1 0 0
    outer loop
      vertex 65.76 3.79999 68.98
      vertex 65.76 3.6 71.28
      vertex 65.76 3.6 68.98
    endloop
  endfacet
endsolid OpenSCAD_Model
