solid OpenSCAD_Model
  facet normal 0 1 0
    outer loop
      vertex 0.599991 129.4 11.062
      vertex 0 129.4 11.0558
      vertex 0 129.4 11.062
    endloop
  endfacet
  facet normal -0 1 0
    outer loop
      vertex 0 129.4 11.0558
      vertex 0.599991 129.4 11.062
      vertex 1.59999 129.4 10.062
    endloop
  endfacet
  facet normal 0 1 -0
    outer loop
      vertex 0.599991 129.4 15.062
      vertex 0 129.4 15.0682
      vertex 1.59999 129.4 16.062
    endloop
  endfacet
  facet normal 0 1 0
    outer loop
      vertex 0 129.4 15.0682
      vertex 0.599991 129.4 15.062
      vertex 0 129.4 15.062
    endloop
  endfacet
  facet normal 0 1 0
    outer loop
      vertex 0.599991 87.6 15.062
      vertex 0.599991 87.6 11.062
      vertex 0 87.6 15.062
    endloop
  endfacet
  facet normal 0 1 0
    outer loop
      vertex 1.59999 87.6 16.062
      vertex 0.599991 87.6 11.062
      vertex 0.599991 87.6 15.062
    endloop
  endfacet
  facet normal -0 1 0
    outer loop
      vertex 0.599991 87.6 11.062
      vertex 1.59999 87.6 16.062
      vertex 1.59999 87.6 10.062
    endloop
  endfacet
  facet normal 0 1 0
    outer loop
      vertex 0 87.6 15.062
      vertex 0.599991 87.6 11.062
      vertex 0 87.6 11.062
    endloop
  endfacet
  facet normal 0.707107 0 -0.707106
    outer loop
      vertex 1.59999 87.6 16.062
      vertex 0.599991 129.4 15.062
      vertex 1.59999 129.4 16.062
    endloop
  endfacet
  facet normal 0.707107 0 -0.707106
    outer loop
      vertex 0.599991 129.4 15.062
      vertex 1.59999 87.6 16.062
      vertex 0.599991 87.6 15.062
    endloop
  endfacet
  facet normal -1 0 0
    outer loop
      vertex 1.59999 87.6 10.062
      vertex 1.59999 129.4 16.062
      vertex 1.59999 129.4 10.062
    endloop
  endfacet
  facet normal -1 -0 0
    outer loop
      vertex 1.59999 129.4 16.062
      vertex 1.59999 87.6 10.062
      vertex 1.59999 87.6 16.062
    endloop
  endfacet
  facet normal 0.707107 -0 0.707106
    outer loop
      vertex 0.599991 87.6 11.062
      vertex 1.59999 129.4 10.062
      vertex 0.599991 129.4 11.062
    endloop
  endfacet
  facet normal 0.707107 0 0.707106
    outer loop
      vertex 1.59999 129.4 10.062
      vertex 0.599991 87.6 11.062
      vertex 1.59999 87.6 10.062
    endloop
  endfacet
  facet normal -0 0 1
    outer loop
      vertex 0 129.4 11.062
      vertex 0.599991 87.6 11.062
      vertex 0.599991 129.4 11.062
    endloop
  endfacet
  facet normal 0 0 1
    outer loop
      vertex 0.599991 87.6 11.062
      vertex 0 129.4 11.062
      vertex 0 87.6 11.062
    endloop
  endfacet
  facet normal 0 0 -1
    outer loop
      vertex 0 87.6 15.062
      vertex 0.599991 129.4 15.062
      vertex 0.599991 87.6 15.062
    endloop
  endfacet
  facet normal -0 0 -1
    outer loop
      vertex 0.599991 129.4 15.062
      vertex 0 87.6 15.062
      vertex 0 129.4 15.062
    endloop
  endfacet
  facet normal 0.488466 0.378085 -0.786417
    outer loop
      vertex 0 129.426 15.0807
      vertex 1.59999 129.4 16.062
      vertex 0 129.4 15.0682
    endloop
  endfacet
  facet normal 0.487896 0.380902 -0.785412
    outer loop
      vertex 1.59999 129.4 16.062
      vertex 0 129.426 15.0807
      vertex 1.92999 134.39 18.687
    endloop
  endfacet
  facet normal -1 0 0
    outer loop
      vertex 1.92999 134.39 7.437
      vertex 1.92999 134.4 18.687
      vertex 1.92999 134.4 7.437
    endloop
  endfacet
  facet normal -1 -0 0
    outer loop
      vertex 1.92999 134.4 18.687
      vertex 1.92999 134.39 7.437
      vertex 1.92999 134.39 18.687
    endloop
  endfacet
  facet normal 0.664488 0 0.747299
    outer loop
      vertex 0 134.4 9.15312
      vertex 1.92999 134.39 7.437
      vertex 1.92999 134.4 7.437
    endloop
  endfacet
  facet normal 0.664488 0 0.747299
    outer loop
      vertex 1.92999 134.39 7.437
      vertex 0 134.4 9.15312
      vertex 0 134.39 9.15312
    endloop
  endfacet
  facet normal 0.664484 0 -0.747303
    outer loop
      vertex 0 134.39 16.9709
      vertex 1.92999 134.4 18.687
      vertex 1.92999 134.39 18.687
    endloop
  endfacet
  facet normal 0.664484 0 -0.747303
    outer loop
      vertex 1.92999 134.4 18.687
      vertex 0 134.39 16.9709
      vertex 0 134.4 16.9709
    endloop
  endfacet
  facet normal 0.639116 0.27369 0.718766
    outer loop
      vertex 0 134.39 9.15312
      vertex 0 129.426 11.0433
      vertex 1.92999 134.39 7.437
    endloop
  endfacet
  facet normal 0.487896 0.380902 0.785412
    outer loop
      vertex 0 129.426 11.0433
      vertex 1.59999 129.4 10.062
      vertex 1.92999 134.39 7.437
    endloop
  endfacet
  facet normal 0.488466 0.378085 0.786417
    outer loop
      vertex 1.59999 129.4 10.062
      vertex 0 129.426 11.0433
      vertex 0 129.4 11.0558
    endloop
  endfacet
  facet normal -0.99782 0.0659881 0
    outer loop
      vertex 1.59999 129.4 10.062
      vertex 1.92999 134.39 18.687
      vertex 1.92999 134.39 7.437
    endloop
  endfacet
  facet normal -0.99782 0.0659881 0
    outer loop
      vertex 1.92999 134.39 18.687
      vertex 1.59999 129.4 10.062
      vertex 1.59999 129.4 16.062
    endloop
  endfacet
  facet normal 0.639111 0.273694 -0.718769
    outer loop
      vertex 1.92999 134.39 18.687
      vertex 0 129.426 15.0807
      vertex 0 134.39 16.9709
    endloop
  endfacet
  facet normal 0 1 0
    outer loop
      vertex 145.52 129.4 15.062
      vertex 146.12 129.4 15.0682
      vertex 146.12 129.4 15.062
    endloop
  endfacet
  facet normal 0 1 0
    outer loop
      vertex 146.12 129.4 15.0682
      vertex 145.52 129.4 15.062
      vertex 144.52 129.4 16.062
    endloop
  endfacet
  facet normal 0 1 -0
    outer loop
      vertex 146.12 129.4 11.0558
      vertex 145.52 129.4 11.062
      vertex 146.12 129.4 11.062
    endloop
  endfacet
  facet normal 0 1 0
    outer loop
      vertex 145.52 129.4 11.062
      vertex 146.12 129.4 11.0558
      vertex 144.52 129.4 10.062
    endloop
  endfacet
  facet normal 0 1 0
    outer loop
      vertex 146.12 87.6 15.062
      vertex 146.12 87.6 11.062
      vertex 145.52 87.6 15.062
    endloop
  endfacet
  facet normal 0 1 0
    outer loop
      vertex 145.52 87.6 11.062
      vertex 145.52 87.6 15.062
      vertex 146.12 87.6 11.062
    endloop
  endfacet
  facet normal 0 1 0
    outer loop
      vertex 145.52 87.6 15.062
      vertex 145.52 87.6 11.062
      vertex 144.52 87.6 16.062
    endloop
  endfacet
  facet normal 0 1 0
    outer loop
      vertex 144.52 87.6 16.062
      vertex 145.52 87.6 11.062
      vertex 144.52 87.6 10.062
    endloop
  endfacet
  facet normal -0.707107 0 0.707107
    outer loop
      vertex 144.52 87.6 10.062
      vertex 145.52 129.4 11.062
      vertex 144.52 129.4 10.062
    endloop
  endfacet
  facet normal -0.707107 0 0.707107
    outer loop
      vertex 145.52 129.4 11.062
      vertex 144.52 87.6 10.062
      vertex 145.52 87.6 11.062
    endloop
  endfacet
  facet normal 1 -0 0
    outer loop
      vertex 144.52 87.6 16.062
      vertex 144.52 129.4 10.062
      vertex 144.52 129.4 16.062
    endloop
  endfacet
  facet normal 1 0 0
    outer loop
      vertex 144.52 129.4 10.062
      vertex 144.52 87.6 16.062
      vertex 144.52 87.6 10.062
    endloop
  endfacet
  facet normal -0.707107 0 -0.707107
    outer loop
      vertex 145.52 87.6 15.062
      vertex 144.52 129.4 16.062
      vertex 145.52 129.4 15.062
    endloop
  endfacet
  facet normal -0.707107 -0 -0.707107
    outer loop
      vertex 144.52 129.4 16.062
      vertex 145.52 87.6 15.062
      vertex 144.52 87.6 16.062
    endloop
  endfacet
  facet normal 0 0 -1
    outer loop
      vertex 145.52 87.6 15.062
      vertex 146.12 129.4 15.062
      vertex 146.12 87.6 15.062
    endloop
  endfacet
  facet normal -0 0 -1
    outer loop
      vertex 146.12 129.4 15.062
      vertex 145.52 87.6 15.062
      vertex 145.52 129.4 15.062
    endloop
  endfacet
  facet normal -0 0 1
    outer loop
      vertex 145.52 129.4 11.062
      vertex 146.12 87.6 11.062
      vertex 146.12 129.4 11.062
    endloop
  endfacet
  facet normal 0 0 1
    outer loop
      vertex 146.12 87.6 11.062
      vertex 145.52 129.4 11.062
      vertex 145.52 87.6 11.062
    endloop
  endfacet
  facet normal -0.488464 0.378086 0.786418
    outer loop
      vertex 146.12 129.426 11.0433
      vertex 144.52 129.4 10.062
      vertex 146.12 129.4 11.0558
    endloop
  endfacet
  facet normal -0.487893 0.380903 0.785413
    outer loop
      vertex 144.52 129.4 10.062
      vertex 146.12 129.426 11.0433
      vertex 144.19 134.39 7.437
    endloop
  endfacet
  facet normal 1 -0 0
    outer loop
      vertex 144.19 134.39 18.687
      vertex 144.19 134.4 7.437
      vertex 144.19 134.4 18.687
    endloop
  endfacet
  facet normal 1 0 0
    outer loop
      vertex 144.19 134.4 7.437
      vertex 144.19 134.39 18.687
      vertex 144.19 134.39 7.437
    endloop
  endfacet
  facet normal -0.664482 0 -0.747305
    outer loop
      vertex 144.19 134.39 18.687
      vertex 146.12 134.4 16.9709
      vertex 146.12 134.39 16.9709
    endloop
  endfacet
  facet normal -0.664482 0 -0.747305
    outer loop
      vertex 146.12 134.4 16.9709
      vertex 144.19 134.39 18.687
      vertex 144.19 134.4 18.687
    endloop
  endfacet
  facet normal -0.664486 0 0.747301
    outer loop
      vertex 144.19 134.4 7.437
      vertex 146.12 134.39 9.15312
      vertex 146.12 134.4 9.15312
    endloop
  endfacet
  facet normal -0.664486 0 0.747301
    outer loop
      vertex 146.12 134.39 9.15312
      vertex 144.19 134.4 7.437
      vertex 144.19 134.39 7.437
    endloop
  endfacet
  facet normal -0.639109 0.273694 -0.71877
    outer loop
      vertex 146.12 129.426 15.0807
      vertex 144.19 134.39 18.687
      vertex 146.12 134.39 16.9709
    endloop
  endfacet
  facet normal -0.488464 0.378086 -0.786418
    outer loop
      vertex 144.52 129.4 16.062
      vertex 146.12 129.426 15.0807
      vertex 146.12 129.4 15.0682
    endloop
  endfacet
  facet normal -0.487893 0.380903 -0.785413
    outer loop
      vertex 146.12 129.426 15.0807
      vertex 144.52 129.4 16.062
      vertex 144.19 134.39 18.687
    endloop
  endfacet
  facet normal 0.99782 0.0659881 0
    outer loop
      vertex 144.52 129.4 16.062
      vertex 144.19 134.39 7.437
      vertex 144.19 134.39 18.687
    endloop
  endfacet
  facet normal 0.99782 0.0659881 0
    outer loop
      vertex 144.19 134.39 7.437
      vertex 144.52 129.4 16.062
      vertex 144.52 129.4 10.062
    endloop
  endfacet
  facet normal -0.639114 0.27369 0.718767
    outer loop
      vertex 146.12 134.39 9.15312
      vertex 144.19 134.39 7.437
      vertex 146.12 129.426 11.0433
    endloop
  endfacet
  facet normal 0 1 0
    outer loop
      vertex 0.599991 129.4 59.578
      vertex 0 129.4 59.5718
      vertex 0 129.4 59.578
    endloop
  endfacet
  facet normal -0 1 0
    outer loop
      vertex 0 129.4 59.5718
      vertex 0.599991 129.4 59.578
      vertex 1.59999 129.4 58.578
    endloop
  endfacet
  facet normal 0 1 -0
    outer loop
      vertex 0.599991 129.4 63.578
      vertex 0 129.4 63.5842
      vertex 1.59999 129.4 64.578
    endloop
  endfacet
  facet normal 0 1 0
    outer loop
      vertex 0 129.4 63.5842
      vertex 0.599991 129.4 63.578
      vertex 0 129.4 63.578
    endloop
  endfacet
  facet normal 0 1 0
    outer loop
      vertex 0.599991 87.6 63.578
      vertex 0.599991 87.6 59.578
      vertex 0 87.6 63.578
    endloop
  endfacet
  facet normal 0 1 0
    outer loop
      vertex 1.59999 87.6 64.578
      vertex 0.599991 87.6 59.578
      vertex 0.599991 87.6 63.578
    endloop
  endfacet
  facet normal -0 1 0
    outer loop
      vertex 0.599991 87.6 59.578
      vertex 1.59999 87.6 64.578
      vertex 1.59999 87.6 58.578
    endloop
  endfacet
  facet normal 0 1 0
    outer loop
      vertex 0 87.6 63.578
      vertex 0.599991 87.6 59.578
      vertex 0 87.6 59.578
    endloop
  endfacet
  facet normal 0.707107 0 -0.707106
    outer loop
      vertex 1.59999 87.6 64.578
      vertex 0.599991 129.4 63.578
      vertex 1.59999 129.4 64.578
    endloop
  endfacet
  facet normal 0.707107 0 -0.707106
    outer loop
      vertex 0.599991 129.4 63.578
      vertex 1.59999 87.6 64.578
      vertex 0.599991 87.6 63.578
    endloop
  endfacet
  facet normal -1 0 0
    outer loop
      vertex 1.59999 87.6 58.578
      vertex 1.59999 129.4 64.578
      vertex 1.59999 129.4 58.578
    endloop
  endfacet
  facet normal -1 -0 0
    outer loop
      vertex 1.59999 129.4 64.578
      vertex 1.59999 87.6 58.578
      vertex 1.59999 87.6 64.578
    endloop
  endfacet
  facet normal 0.707107 -0 0.707106
    outer loop
      vertex 0.599991 87.6 59.578
      vertex 1.59999 129.4 58.578
      vertex 0.599991 129.4 59.578
    endloop
  endfacet
  facet normal 0.707107 0 0.707106
    outer loop
      vertex 1.59999 129.4 58.578
      vertex 0.599991 87.6 59.578
      vertex 1.59999 87.6 58.578
    endloop
  endfacet
  facet normal -0 0 1
    outer loop
      vertex 0 129.4 59.578
      vertex 0.599991 87.6 59.578
      vertex 0.599991 129.4 59.578
    endloop
  endfacet
  facet normal 0 0 1
    outer loop
      vertex 0.599991 87.6 59.578
      vertex 0 129.4 59.578
      vertex 0 87.6 59.578
    endloop
  endfacet
  facet normal 0 0 -1
    outer loop
      vertex 0 87.6 63.578
      vertex 0.599991 129.4 63.578
      vertex 0.599991 87.6 63.578
    endloop
  endfacet
  facet normal -0 0 -1
    outer loop
      vertex 0.599991 129.4 63.578
      vertex 0 87.6 63.578
      vertex 0 129.4 63.578
    endloop
  endfacet
  facet normal 0.488466 0.378085 -0.786417
    outer loop
      vertex 0 129.426 63.5967
      vertex 1.59999 129.4 64.578
      vertex 0 129.4 63.5842
    endloop
  endfacet
  facet normal 0.487896 0.380902 -0.785412
    outer loop
      vertex 1.59999 129.4 64.578
      vertex 0 129.426 63.5967
      vertex 1.92999 134.39 67.203
    endloop
  endfacet
  facet normal -1 0 0
    outer loop
      vertex 1.92999 134.39 55.953
      vertex 1.92999 134.4 67.203
      vertex 1.92999 134.4 55.953
    endloop
  endfacet
  facet normal -1 -0 0
    outer loop
      vertex 1.92999 134.4 67.203
      vertex 1.92999 134.39 55.953
      vertex 1.92999 134.39 67.203
    endloop
  endfacet
  facet normal 0.664484 0 0.747303
    outer loop
      vertex 0 134.4 57.6691
      vertex 1.92999 134.39 55.953
      vertex 1.92999 134.4 55.953
    endloop
  endfacet
  facet normal 0.664484 0 0.747303
    outer loop
      vertex 1.92999 134.39 55.953
      vertex 0 134.4 57.6691
      vertex 0 134.39 57.6691
    endloop
  endfacet
  facet normal 0.664484 0 -0.747303
    outer loop
      vertex 0 134.39 65.4869
      vertex 1.92999 134.4 67.203
      vertex 1.92999 134.39 67.203
    endloop
  endfacet
  facet normal 0.664484 0 -0.747303
    outer loop
      vertex 1.92999 134.4 67.203
      vertex 0 134.39 65.4869
      vertex 0 134.4 65.4869
    endloop
  endfacet
  facet normal 0.639111 0.273694 0.718769
    outer loop
      vertex 0 134.39 57.6691
      vertex 0 129.426 59.5593
      vertex 1.92999 134.39 55.953
    endloop
  endfacet
  facet normal 0.487896 0.380902 0.785412
    outer loop
      vertex 0 129.426 59.5593
      vertex 1.59999 129.4 58.578
      vertex 1.92999 134.39 55.953
    endloop
  endfacet
  facet normal 0.488466 0.378085 0.786417
    outer loop
      vertex 1.59999 129.4 58.578
      vertex 0 129.426 59.5593
      vertex 0 129.4 59.5718
    endloop
  endfacet
  facet normal -0.99782 0.0659881 0
    outer loop
      vertex 1.59999 129.4 58.578
      vertex 1.92999 134.39 67.203
      vertex 1.92999 134.39 55.953
    endloop
  endfacet
  facet normal -0.99782 0.0659881 0
    outer loop
      vertex 1.92999 134.39 67.203
      vertex 1.59999 129.4 58.578
      vertex 1.59999 129.4 64.578
    endloop
  endfacet
  facet normal 0.639111 0.273694 -0.718769
    outer loop
      vertex 1.92999 134.39 67.203
      vertex 0 129.426 63.5967
      vertex 0 134.39 65.4869
    endloop
  endfacet
  facet normal 0 1 0
    outer loop
      vertex 145.52 129.4 63.578
      vertex 146.12 129.4 63.5842
      vertex 146.12 129.4 63.578
    endloop
  endfacet
  facet normal 0 1 0
    outer loop
      vertex 146.12 129.4 63.5842
      vertex 145.52 129.4 63.578
      vertex 144.52 129.4 64.578
    endloop
  endfacet
  facet normal 0 1 -0
    outer loop
      vertex 146.12 129.4 59.5718
      vertex 145.52 129.4 59.578
      vertex 146.12 129.4 59.578
    endloop
  endfacet
  facet normal 0 1 0
    outer loop
      vertex 145.52 129.4 59.578
      vertex 146.12 129.4 59.5718
      vertex 144.52 129.4 58.578
    endloop
  endfacet
  facet normal 0 1 0
    outer loop
      vertex 146.12 87.6 63.578
      vertex 146.12 87.6 59.578
      vertex 145.52 87.6 63.578
    endloop
  endfacet
  facet normal 0 1 0
    outer loop
      vertex 145.52 87.6 59.578
      vertex 145.52 87.6 63.578
      vertex 146.12 87.6 59.578
    endloop
  endfacet
  facet normal 0 1 0
    outer loop
      vertex 145.52 87.6 63.578
      vertex 145.52 87.6 59.578
      vertex 144.52 87.6 64.578
    endloop
  endfacet
  facet normal 0 1 0
    outer loop
      vertex 144.52 87.6 64.578
      vertex 145.52 87.6 59.578
      vertex 144.52 87.6 58.578
    endloop
  endfacet
  facet normal -0.707107 0 0.707107
    outer loop
      vertex 144.52 87.6 58.578
      vertex 145.52 129.4 59.578
      vertex 144.52 129.4 58.578
    endloop
  endfacet
  facet normal -0.707107 0 0.707107
    outer loop
      vertex 145.52 129.4 59.578
      vertex 144.52 87.6 58.578
      vertex 145.52 87.6 59.578
    endloop
  endfacet
  facet normal 1 -0 0
    outer loop
      vertex 144.52 87.6 64.578
      vertex 144.52 129.4 58.578
      vertex 144.52 129.4 64.578
    endloop
  endfacet
  facet normal 1 0 0
    outer loop
      vertex 144.52 129.4 58.578
      vertex 144.52 87.6 64.578
      vertex 144.52 87.6 58.578
    endloop
  endfacet
  facet normal -0.707107 0 -0.707107
    outer loop
      vertex 145.52 87.6 63.578
      vertex 144.52 129.4 64.578
      vertex 145.52 129.4 63.578
    endloop
  endfacet
  facet normal -0.707107 -0 -0.707107
    outer loop
      vertex 144.52 129.4 64.578
      vertex 145.52 87.6 63.578
      vertex 144.52 87.6 64.578
    endloop
  endfacet
  facet normal 0 0 -1
    outer loop
      vertex 145.52 87.6 63.578
      vertex 146.12 129.4 63.578
      vertex 146.12 87.6 63.578
    endloop
  endfacet
  facet normal -0 0 -1
    outer loop
      vertex 146.12 129.4 63.578
      vertex 145.52 87.6 63.578
      vertex 145.52 129.4 63.578
    endloop
  endfacet
  facet normal -0 0 1
    outer loop
      vertex 145.52 129.4 59.578
      vertex 146.12 87.6 59.578
      vertex 146.12 129.4 59.578
    endloop
  endfacet
  facet normal 0 0 1
    outer loop
      vertex 146.12 87.6 59.578
      vertex 145.52 129.4 59.578
      vertex 145.52 87.6 59.578
    endloop
  endfacet
  facet normal -0.488464 0.378086 0.786418
    outer loop
      vertex 146.12 129.426 59.5593
      vertex 144.52 129.4 58.578
      vertex 146.12 129.4 59.5718
    endloop
  endfacet
  facet normal -0.487893 0.380903 0.785413
    outer loop
      vertex 144.52 129.4 58.578
      vertex 146.12 129.426 59.5593
      vertex 144.19 134.39 55.953
    endloop
  endfacet
  facet normal 1 -0 0
    outer loop
      vertex 144.19 134.39 67.203
      vertex 144.19 134.4 55.953
      vertex 144.19 134.4 67.203
    endloop
  endfacet
  facet normal 1 0 0
    outer loop
      vertex 144.19 134.4 55.953
      vertex 144.19 134.39 67.203
      vertex 144.19 134.39 55.953
    endloop
  endfacet
  facet normal -0.664482 0 -0.747305
    outer loop
      vertex 144.19 134.39 67.203
      vertex 146.12 134.4 65.4869
      vertex 146.12 134.39 65.4869
    endloop
  endfacet
  facet normal -0.664482 0 -0.747305
    outer loop
      vertex 146.12 134.4 65.4869
      vertex 144.19 134.39 67.203
      vertex 144.19 134.4 67.203
    endloop
  endfacet
  facet normal -0.664482 0 0.747305
    outer loop
      vertex 144.19 134.4 55.953
      vertex 146.12 134.39 57.6691
      vertex 146.12 134.4 57.6691
    endloop
  endfacet
  facet normal -0.664482 0 0.747305
    outer loop
      vertex 146.12 134.39 57.6691
      vertex 144.19 134.4 55.953
      vertex 144.19 134.39 55.953
    endloop
  endfacet
  facet normal -0.639109 0.273694 -0.71877
    outer loop
      vertex 146.12 129.426 63.5967
      vertex 144.19 134.39 67.203
      vertex 146.12 134.39 65.4869
    endloop
  endfacet
  facet normal -0.488464 0.378086 -0.786418
    outer loop
      vertex 144.52 129.4 64.578
      vertex 146.12 129.426 63.5967
      vertex 146.12 129.4 63.5842
    endloop
  endfacet
  facet normal -0.487893 0.380903 -0.785413
    outer loop
      vertex 146.12 129.426 63.5967
      vertex 144.52 129.4 64.578
      vertex 144.19 134.39 67.203
    endloop
  endfacet
  facet normal 0.99782 0.0659881 0
    outer loop
      vertex 144.52 129.4 64.578
      vertex 144.19 134.39 55.953
      vertex 144.19 134.39 67.203
    endloop
  endfacet
  facet normal 0.99782 0.0659881 0
    outer loop
      vertex 144.19 134.39 55.953
      vertex 144.52 129.4 64.578
      vertex 144.52 129.4 58.578
    endloop
  endfacet
  facet normal -0.639109 0.273694 0.71877
    outer loop
      vertex 146.12 134.39 57.6691
      vertex 144.19 134.39 55.953
      vertex 146.12 129.426 59.5593
    endloop
  endfacet
  facet normal 0 1 -0
    outer loop
      vertex 14.7922 129.4 0
      vertex 14.786 129.4 0.599991
      vertex 15.786 129.4 1.59999
    endloop
  endfacet
  facet normal 0 1 0
    outer loop
      vertex 14.786 129.4 0.599991
      vertex 14.7922 129.4 0
      vertex 14.786 129.4 0
    endloop
  endfacet
  facet normal 0 1 0
    outer loop
      vertex 10.7798 129.4 0
      vertex 10.786 129.4 0.599991
      vertex 10.786 129.4 0
    endloop
  endfacet
  facet normal 0 1 0
    outer loop
      vertex 10.786 129.4 0.599991
      vertex 10.7798 129.4 0
      vertex 9.786 129.4 1.59999
    endloop
  endfacet
  facet normal 0 1 -0
    outer loop
      vertex 14.786 87.6 0.599991
      vertex 9.786 87.6 1.59999
      vertex 15.786 87.6 1.59999
    endloop
  endfacet
  facet normal 0 1 0
    outer loop
      vertex 14.786 87.6 0.599991
      vertex 10.786 87.6 0.599991
      vertex 9.786 87.6 1.59999
    endloop
  endfacet
  facet normal 0 1 -0
    outer loop
      vertex 14.786 87.6 0
      vertex 10.786 87.6 0.599991
      vertex 14.786 87.6 0.599991
    endloop
  endfacet
  facet normal 0 1 0
    outer loop
      vertex 10.786 87.6 0.599991
      vertex 14.786 87.6 0
      vertex 10.786 87.6 0
    endloop
  endfacet
  facet normal 0.707106 -0 0.707107
    outer loop
      vertex 9.786 87.6 1.59999
      vertex 10.786 129.4 0.599991
      vertex 9.786 129.4 1.59999
    endloop
  endfacet
  facet normal 0.707106 0 0.707107
    outer loop
      vertex 10.786 129.4 0.599991
      vertex 9.786 87.6 1.59999
      vertex 10.786 87.6 0.599991
    endloop
  endfacet
  facet normal 0 0 -1
    outer loop
      vertex 9.786 87.6 1.59999
      vertex 15.786 129.4 1.59999
      vertex 15.786 87.6 1.59999
    endloop
  endfacet
  facet normal -0 0 -1
    outer loop
      vertex 15.786 129.4 1.59999
      vertex 9.786 87.6 1.59999
      vertex 9.786 129.4 1.59999
    endloop
  endfacet
  facet normal -0.707106 0 0.707107
    outer loop
      vertex 14.786 87.6 0.599991
      vertex 15.786 129.4 1.59999
      vertex 14.786 129.4 0.599991
    endloop
  endfacet
  facet normal -0.707106 0 0.707107
    outer loop
      vertex 15.786 129.4 1.59999
      vertex 14.786 87.6 0.599991
      vertex 15.786 87.6 1.59999
    endloop
  endfacet
  facet normal -1 0 0
    outer loop
      vertex 14.786 87.6 0
      vertex 14.786 129.4 0.599991
      vertex 14.786 129.4 0
    endloop
  endfacet
  facet normal -1 -0 0
    outer loop
      vertex 14.786 129.4 0.599991
      vertex 14.786 87.6 0
      vertex 14.786 87.6 0.599991
    endloop
  endfacet
  facet normal 1 -0 0
    outer loop
      vertex 10.786 87.6 0.599991
      vertex 10.786 129.4 0
      vertex 10.786 129.4 0.599991
    endloop
  endfacet
  facet normal 1 0 0
    outer loop
      vertex 10.786 129.4 0
      vertex 10.786 87.6 0.599991
      vertex 10.786 87.6 0
    endloop
  endfacet
  facet normal 0.785412 0.380902 0.487896
    outer loop
      vertex 9.786 129.4 1.59999
      vertex 10.7673 129.426 0
      vertex 7.161 134.39 1.92999
    endloop
  endfacet
  facet normal 0.786417 0.378085 0.488466
    outer loop
      vertex 10.7673 129.426 0
      vertex 9.786 129.4 1.59999
      vertex 10.7798 129.4 0
    endloop
  endfacet
  facet normal 0 0 -1
    outer loop
      vertex 7.161 134.39 1.92999
      vertex 18.411 134.4 1.92999
      vertex 18.411 134.39 1.92999
    endloop
  endfacet
  facet normal -0 0 -1
    outer loop
      vertex 18.411 134.4 1.92999
      vertex 7.161 134.39 1.92999
      vertex 7.161 134.4 1.92999
    endloop
  endfacet
  facet normal -0.747303 0 0.664484
    outer loop
      vertex 16.6949 134.39 0
      vertex 18.411 134.4 1.92999
      vertex 16.6949 134.4 0
    endloop
  endfacet
  facet normal -0.747303 0 0.664484
    outer loop
      vertex 18.411 134.4 1.92999
      vertex 16.6949 134.39 0
      vertex 18.411 134.39 1.92999
    endloop
  endfacet
  facet normal 0.747299 -0 0.664488
    outer loop
      vertex 7.161 134.39 1.92999
      vertex 8.87712 134.4 0
      vertex 7.161 134.4 1.92999
    endloop
  endfacet
  facet normal 0.747299 0 0.664488
    outer loop
      vertex 8.87712 134.4 0
      vertex 7.161 134.39 1.92999
      vertex 8.87712 134.39 0
    endloop
  endfacet
  facet normal -0.718769 0.273694 0.639111
    outer loop
      vertex 16.6949 134.39 0
      vertex 14.8047 129.426 0
      vertex 18.411 134.39 1.92999
    endloop
  endfacet
  facet normal -0.786417 0.378085 0.488466
    outer loop
      vertex 15.786 129.4 1.59999
      vertex 14.8047 129.426 0
      vertex 14.7922 129.4 0
    endloop
  endfacet
  facet normal -0.785412 0.380902 0.487896
    outer loop
      vertex 14.8047 129.426 0
      vertex 15.786 129.4 1.59999
      vertex 18.411 134.39 1.92999
    endloop
  endfacet
  facet normal 0 0.0659881 -0.99782
    outer loop
      vertex 9.786 129.4 1.59999
      vertex 18.411 134.39 1.92999
      vertex 15.786 129.4 1.59999
    endloop
  endfacet
  facet normal 0 0.0659881 -0.99782
    outer loop
      vertex 18.411 134.39 1.92999
      vertex 9.786 129.4 1.59999
      vertex 7.161 134.39 1.92999
    endloop
  endfacet
  facet normal 0.718766 0.27369 0.639116
    outer loop
      vertex 8.87712 134.39 0
      vertex 7.161 134.39 1.92999
      vertex 10.7673 129.426 0
    endloop
  endfacet
  facet normal 0 1 -0
    outer loop
      vertex 10.786 129.4 74.04
      vertex 10.7798 129.4 74.64
      vertex 10.786 129.4 74.64
    endloop
  endfacet
  facet normal 0 1 0
    outer loop
      vertex 10.7798 129.4 74.64
      vertex 10.786 129.4 74.04
      vertex 9.786 129.4 73.04
    endloop
  endfacet
  facet normal 0 1 0
    outer loop
      vertex 14.7922 129.4 74.64
      vertex 14.786 129.4 74.04
      vertex 14.786 129.4 74.64
    endloop
  endfacet
  facet normal -0 1 0
    outer loop
      vertex 14.786 129.4 74.04
      vertex 14.7922 129.4 74.64
      vertex 15.786 129.4 73.04
    endloop
  endfacet
  facet normal 0 1 -0
    outer loop
      vertex 14.786 87.6 74.04
      vertex 10.786 87.6 74.64
      vertex 14.786 87.6 74.64
    endloop
  endfacet
  facet normal 0 1 0
    outer loop
      vertex 14.786 87.6 74.04
      vertex 10.786 87.6 74.04
      vertex 10.786 87.6 74.64
    endloop
  endfacet
  facet normal 0 1 0
    outer loop
      vertex 15.786 87.6 73.04
      vertex 10.786 87.6 74.04
      vertex 14.786 87.6 74.04
    endloop
  endfacet
  facet normal 0 1 0
    outer loop
      vertex 10.786 87.6 74.04
      vertex 15.786 87.6 73.04
      vertex 9.786 87.6 73.04
    endloop
  endfacet
  facet normal -0.707107 0 -0.707107
    outer loop
      vertex 15.786 87.6 73.04
      vertex 14.786 129.4 74.04
      vertex 15.786 129.4 73.04
    endloop
  endfacet
  facet normal -0.707107 -0 -0.707107
    outer loop
      vertex 14.786 129.4 74.04
      vertex 15.786 87.6 73.04
      vertex 14.786 87.6 74.04
    endloop
  endfacet
  facet normal -0 0 1
    outer loop
      vertex 9.786 129.4 73.04
      vertex 15.786 87.6 73.04
      vertex 15.786 129.4 73.04
    endloop
  endfacet
  facet normal 0 0 1
    outer loop
      vertex 15.786 87.6 73.04
      vertex 9.786 129.4 73.04
      vertex 9.786 87.6 73.04
    endloop
  endfacet
  facet normal 0.707107 0 -0.707107
    outer loop
      vertex 10.786 87.6 74.04
      vertex 9.786 129.4 73.04
      vertex 10.786 129.4 74.04
    endloop
  endfacet
  facet normal 0.707107 0 -0.707107
    outer loop
      vertex 9.786 129.4 73.04
      vertex 10.786 87.6 74.04
      vertex 9.786 87.6 73.04
    endloop
  endfacet
  facet normal 1 -0 0
    outer loop
      vertex 10.786 87.6 74.64
      vertex 10.786 129.4 74.04
      vertex 10.786 129.4 74.64
    endloop
  endfacet
  facet normal 1 0 0
    outer loop
      vertex 10.786 129.4 74.04
      vertex 10.786 87.6 74.64
      vertex 10.786 87.6 74.04
    endloop
  endfacet
  facet normal -1 0 0
    outer loop
      vertex 14.786 87.6 74.04
      vertex 14.786 129.4 74.64
      vertex 14.786 129.4 74.04
    endloop
  endfacet
  facet normal -1 -0 0
    outer loop
      vertex 14.786 129.4 74.64
      vertex 14.786 87.6 74.04
      vertex 14.786 87.6 74.64
    endloop
  endfacet
  facet normal -0.785413 0.380903 -0.487893
    outer loop
      vertex 15.786 129.4 73.04
      vertex 14.8047 129.426 74.64
      vertex 18.411 134.39 72.71
    endloop
  endfacet
  facet normal -0.786418 0.378086 -0.488464
    outer loop
      vertex 14.8047 129.426 74.64
      vertex 15.786 129.4 73.04
      vertex 14.7922 129.4 74.64
    endloop
  endfacet
  facet normal -0 0 1
    outer loop
      vertex 7.161 134.4 72.71
      vertex 18.411 134.39 72.71
      vertex 18.411 134.4 72.71
    endloop
  endfacet
  facet normal 0 0 1
    outer loop
      vertex 18.411 134.39 72.71
      vertex 7.161 134.4 72.71
      vertex 7.161 134.39 72.71
    endloop
  endfacet
  facet normal 0.747301 0 -0.664486
    outer loop
      vertex 8.87712 134.39 74.64
      vertex 7.161 134.4 72.71
      vertex 8.87712 134.4 74.64
    endloop
  endfacet
  facet normal 0.747301 0 -0.664486
    outer loop
      vertex 7.161 134.4 72.71
      vertex 8.87712 134.39 74.64
      vertex 7.161 134.39 72.71
    endloop
  endfacet
  facet normal -0.747305 0 -0.664482
    outer loop
      vertex 18.411 134.39 72.71
      vertex 16.6949 134.4 74.64
      vertex 18.411 134.4 72.71
    endloop
  endfacet
  facet normal -0.747305 -0 -0.664482
    outer loop
      vertex 16.6949 134.4 74.64
      vertex 18.411 134.39 72.71
      vertex 16.6949 134.39 74.64
    endloop
  endfacet
  facet normal 0.718767 0.27369 -0.639114
    outer loop
      vertex 10.7673 129.426 74.64
      vertex 7.161 134.39 72.71
      vertex 8.87712 134.39 74.64
    endloop
  endfacet
  facet normal 0.786418 0.378086 -0.488464
    outer loop
      vertex 9.786 129.4 73.04
      vertex 10.7673 129.426 74.64
      vertex 10.7798 129.4 74.64
    endloop
  endfacet
  facet normal 0.785413 0.380903 -0.487893
    outer loop
      vertex 10.7673 129.426 74.64
      vertex 9.786 129.4 73.04
      vertex 7.161 134.39 72.71
    endloop
  endfacet
  facet normal 0 0.0659881 0.99782
    outer loop
      vertex 18.411 134.39 72.71
      vertex 9.786 129.4 73.04
      vertex 15.786 129.4 73.04
    endloop
  endfacet
  facet normal 0 0.0659881 0.99782
    outer loop
      vertex 9.786 129.4 73.04
      vertex 18.411 134.39 72.71
      vertex 7.161 134.39 72.71
    endloop
  endfacet
  facet normal -0.71877 0.273694 -0.639109
    outer loop
      vertex 18.411 134.39 72.71
      vertex 14.8047 129.426 74.64
      vertex 16.6949 134.39 74.64
    endloop
  endfacet
  facet normal 0 1 -0
    outer loop
      vertex 62.2802 129.4 0
      vertex 62.274 129.4 0.599991
      vertex 63.274 129.4 1.59999
    endloop
  endfacet
  facet normal 0 1 0
    outer loop
      vertex 62.274 129.4 0.599991
      vertex 62.2802 129.4 0
      vertex 62.274 129.4 0
    endloop
  endfacet
  facet normal 0 1 0
    outer loop
      vertex 58.2678 129.4 0
      vertex 58.274 129.4 0.599991
      vertex 58.274 129.4 0
    endloop
  endfacet
  facet normal 0 1 0
    outer loop
      vertex 58.274 129.4 0.599991
      vertex 58.2678 129.4 0
      vertex 57.274 129.4 1.59999
    endloop
  endfacet
  facet normal 0 1 -0
    outer loop
      vertex 62.274 87.6 0.599991
      vertex 57.274 87.6 1.59999
      vertex 63.274 87.6 1.59999
    endloop
  endfacet
  facet normal 0 1 0
    outer loop
      vertex 62.274 87.6 0.599991
      vertex 58.274 87.6 0.599991
      vertex 57.274 87.6 1.59999
    endloop
  endfacet
  facet normal 0 1 -0
    outer loop
      vertex 62.274 87.6 0
      vertex 58.274 87.6 0.599991
      vertex 62.274 87.6 0.599991
    endloop
  endfacet
  facet normal 0 1 0
    outer loop
      vertex 58.274 87.6 0.599991
      vertex 62.274 87.6 0
      vertex 58.274 87.6 0
    endloop
  endfacet
  facet normal 0.707106 -0 0.707107
    outer loop
      vertex 57.274 87.6 1.59999
      vertex 58.274 129.4 0.599991
      vertex 57.274 129.4 1.59999
    endloop
  endfacet
  facet normal 0.707106 0 0.707107
    outer loop
      vertex 58.274 129.4 0.599991
      vertex 57.274 87.6 1.59999
      vertex 58.274 87.6 0.599991
    endloop
  endfacet
  facet normal 0 0 -1
    outer loop
      vertex 57.274 87.6 1.59999
      vertex 63.274 129.4 1.59999
      vertex 63.274 87.6 1.59999
    endloop
  endfacet
  facet normal -0 0 -1
    outer loop
      vertex 63.274 129.4 1.59999
      vertex 57.274 87.6 1.59999
      vertex 57.274 129.4 1.59999
    endloop
  endfacet
  facet normal -0.707106 0 0.707107
    outer loop
      vertex 62.274 87.6 0.599991
      vertex 63.274 129.4 1.59999
      vertex 62.274 129.4 0.599991
    endloop
  endfacet
  facet normal -0.707106 0 0.707107
    outer loop
      vertex 63.274 129.4 1.59999
      vertex 62.274 87.6 0.599991
      vertex 63.274 87.6 1.59999
    endloop
  endfacet
  facet normal -1 0 0
    outer loop
      vertex 62.274 87.6 0
      vertex 62.274 129.4 0.599991
      vertex 62.274 129.4 0
    endloop
  endfacet
  facet normal -1 -0 0
    outer loop
      vertex 62.274 129.4 0.599991
      vertex 62.274 87.6 0
      vertex 62.274 87.6 0.599991
    endloop
  endfacet
  facet normal 1 -0 0
    outer loop
      vertex 58.274 87.6 0.599991
      vertex 58.274 129.4 0
      vertex 58.274 129.4 0.599991
    endloop
  endfacet
  facet normal 1 0 0
    outer loop
      vertex 58.274 129.4 0
      vertex 58.274 87.6 0.599991
      vertex 58.274 87.6 0
    endloop
  endfacet
  facet normal 0.785412 0.380902 0.487896
    outer loop
      vertex 57.274 129.4 1.59999
      vertex 58.2553 129.426 0
      vertex 54.649 134.39 1.92999
    endloop
  endfacet
  facet normal 0.786417 0.378085 0.488466
    outer loop
      vertex 58.2553 129.426 0
      vertex 57.274 129.4 1.59999
      vertex 58.2678 129.4 0
    endloop
  endfacet
  facet normal 0 0 -1
    outer loop
      vertex 54.649 134.39 1.92999
      vertex 65.899 134.4 1.92999
      vertex 65.899 134.39 1.92999
    endloop
  endfacet
  facet normal -0 0 -1
    outer loop
      vertex 65.899 134.4 1.92999
      vertex 54.649 134.39 1.92999
      vertex 54.649 134.4 1.92999
    endloop
  endfacet
  facet normal -0.747303 0 0.664484
    outer loop
      vertex 64.1829 134.39 0
      vertex 65.899 134.4 1.92999
      vertex 64.1829 134.4 0
    endloop
  endfacet
  facet normal -0.747303 0 0.664484
    outer loop
      vertex 65.899 134.4 1.92999
      vertex 64.1829 134.39 0
      vertex 65.899 134.39 1.92999
    endloop
  endfacet
  facet normal 0.747303 -0 0.664484
    outer loop
      vertex 54.649 134.39 1.92999
      vertex 56.3651 134.4 0
      vertex 54.649 134.4 1.92999
    endloop
  endfacet
  facet normal 0.747303 0 0.664484
    outer loop
      vertex 56.3651 134.4 0
      vertex 54.649 134.39 1.92999
      vertex 56.3651 134.39 0
    endloop
  endfacet
  facet normal -0.718769 0.273694 0.639111
    outer loop
      vertex 64.1829 134.39 0
      vertex 62.2927 129.426 0
      vertex 65.899 134.39 1.92999
    endloop
  endfacet
  facet normal -0.786417 0.378085 0.488466
    outer loop
      vertex 63.274 129.4 1.59999
      vertex 62.2927 129.426 0
      vertex 62.2802 129.4 0
    endloop
  endfacet
  facet normal -0.785412 0.380902 0.487896
    outer loop
      vertex 62.2927 129.426 0
      vertex 63.274 129.4 1.59999
      vertex 65.899 134.39 1.92999
    endloop
  endfacet
  facet normal 0 0.0659881 -0.99782
    outer loop
      vertex 57.274 129.4 1.59999
      vertex 65.899 134.39 1.92999
      vertex 63.274 129.4 1.59999
    endloop
  endfacet
  facet normal 0 0.0659881 -0.99782
    outer loop
      vertex 65.899 134.39 1.92999
      vertex 57.274 129.4 1.59999
      vertex 54.649 134.39 1.92999
    endloop
  endfacet
  facet normal 0.718769 0.273694 0.639111
    outer loop
      vertex 56.3651 134.39 0
      vertex 54.649 134.39 1.92999
      vertex 58.2553 129.426 0
    endloop
  endfacet
  facet normal 0 1 -0
    outer loop
      vertex 58.274 129.4 74.04
      vertex 58.2678 129.4 74.64
      vertex 58.274 129.4 74.64
    endloop
  endfacet
  facet normal 0 1 0
    outer loop
      vertex 58.2678 129.4 74.64
      vertex 58.274 129.4 74.04
      vertex 57.274 129.4 73.04
    endloop
  endfacet
  facet normal 0 1 0
    outer loop
      vertex 62.2802 129.4 74.64
      vertex 62.274 129.4 74.04
      vertex 62.274 129.4 74.64
    endloop
  endfacet
  facet normal -0 1 0
    outer loop
      vertex 62.274 129.4 74.04
      vertex 62.2802 129.4 74.64
      vertex 63.274 129.4 73.04
    endloop
  endfacet
  facet normal 0 1 -0
    outer loop
      vertex 62.274 87.6 74.04
      vertex 58.274 87.6 74.64
      vertex 62.274 87.6 74.64
    endloop
  endfacet
  facet normal 0 1 0
    outer loop
      vertex 62.274 87.6 74.04
      vertex 58.274 87.6 74.04
      vertex 58.274 87.6 74.64
    endloop
  endfacet
  facet normal 0 1 0
    outer loop
      vertex 63.274 87.6 73.04
      vertex 58.274 87.6 74.04
      vertex 62.274 87.6 74.04
    endloop
  endfacet
  facet normal 0 1 0
    outer loop
      vertex 58.274 87.6 74.04
      vertex 63.274 87.6 73.04
      vertex 57.274 87.6 73.04
    endloop
  endfacet
  facet normal -0.707107 0 -0.707107
    outer loop
      vertex 63.274 87.6 73.04
      vertex 62.274 129.4 74.04
      vertex 63.274 129.4 73.04
    endloop
  endfacet
  facet normal -0.707107 -0 -0.707107
    outer loop
      vertex 62.274 129.4 74.04
      vertex 63.274 87.6 73.04
      vertex 62.274 87.6 74.04
    endloop
  endfacet
  facet normal -0 0 1
    outer loop
      vertex 57.274 129.4 73.04
      vertex 63.274 87.6 73.04
      vertex 63.274 129.4 73.04
    endloop
  endfacet
  facet normal 0 0 1
    outer loop
      vertex 63.274 87.6 73.04
      vertex 57.274 129.4 73.04
      vertex 57.274 87.6 73.04
    endloop
  endfacet
  facet normal 0.707107 0 -0.707107
    outer loop
      vertex 58.274 87.6 74.04
      vertex 57.274 129.4 73.04
      vertex 58.274 129.4 74.04
    endloop
  endfacet
  facet normal 0.707107 0 -0.707107
    outer loop
      vertex 57.274 129.4 73.04
      vertex 58.274 87.6 74.04
      vertex 57.274 87.6 73.04
    endloop
  endfacet
  facet normal 1 -0 0
    outer loop
      vertex 58.274 87.6 74.64
      vertex 58.274 129.4 74.04
      vertex 58.274 129.4 74.64
    endloop
  endfacet
  facet normal 1 0 0
    outer loop
      vertex 58.274 129.4 74.04
      vertex 58.274 87.6 74.64
      vertex 58.274 87.6 74.04
    endloop
  endfacet
  facet normal -1 0 0
    outer loop
      vertex 62.274 87.6 74.04
      vertex 62.274 129.4 74.64
      vertex 62.274 129.4 74.04
    endloop
  endfacet
  facet normal -1 -0 0
    outer loop
      vertex 62.274 129.4 74.64
      vertex 62.274 87.6 74.04
      vertex 62.274 87.6 74.64
    endloop
  endfacet
  facet normal -0.785413 0.380903 -0.487893
    outer loop
      vertex 63.274 129.4 73.04
      vertex 62.2927 129.426 74.64
      vertex 65.899 134.39 72.71
    endloop
  endfacet
  facet normal -0.786418 0.378086 -0.488464
    outer loop
      vertex 62.2927 129.426 74.64
      vertex 63.274 129.4 73.04
      vertex 62.2802 129.4 74.64
    endloop
  endfacet
  facet normal -0 0 1
    outer loop
      vertex 54.649 134.4 72.71
      vertex 65.899 134.39 72.71
      vertex 65.899 134.4 72.71
    endloop
  endfacet
  facet normal 0 0 1
    outer loop
      vertex 65.899 134.39 72.71
      vertex 54.649 134.4 72.71
      vertex 54.649 134.39 72.71
    endloop
  endfacet
  facet normal 0.747305 0 -0.664482
    outer loop
      vertex 56.3651 134.39 74.64
      vertex 54.649 134.4 72.71
      vertex 56.3651 134.4 74.64
    endloop
  endfacet
  facet normal 0.747305 0 -0.664482
    outer loop
      vertex 54.649 134.4 72.71
      vertex 56.3651 134.39 74.64
      vertex 54.649 134.39 72.71
    endloop
  endfacet
  facet normal -0.747305 0 -0.664482
    outer loop
      vertex 65.899 134.39 72.71
      vertex 64.1829 134.4 74.64
      vertex 65.899 134.4 72.71
    endloop
  endfacet
  facet normal -0.747305 -0 -0.664482
    outer loop
      vertex 64.1829 134.4 74.64
      vertex 65.899 134.39 72.71
      vertex 64.1829 134.39 74.64
    endloop
  endfacet
  facet normal 0.71877 0.273694 -0.639109
    outer loop
      vertex 58.2553 129.426 74.64
      vertex 54.649 134.39 72.71
      vertex 56.3651 134.39 74.64
    endloop
  endfacet
  facet normal 0.786418 0.378086 -0.488464
    outer loop
      vertex 57.274 129.4 73.04
      vertex 58.2553 129.426 74.64
      vertex 58.2678 129.4 74.64
    endloop
  endfacet
  facet normal 0.785413 0.380903 -0.487893
    outer loop
      vertex 58.2553 129.426 74.64
      vertex 57.274 129.4 73.04
      vertex 54.649 134.39 72.71
    endloop
  endfacet
  facet normal 0 0.0659881 0.99782
    outer loop
      vertex 65.899 134.39 72.71
      vertex 57.274 129.4 73.04
      vertex 63.274 129.4 73.04
    endloop
  endfacet
  facet normal 0 0.0659881 0.99782
    outer loop
      vertex 57.274 129.4 73.04
      vertex 65.899 134.39 72.71
      vertex 54.649 134.39 72.71
    endloop
  endfacet
  facet normal -0.71877 0.273694 -0.639109
    outer loop
      vertex 65.899 134.39 72.71
      vertex 62.2927 129.426 74.64
      vertex 64.1829 134.39 74.64
    endloop
  endfacet
  facet normal 0 1 -0
    outer loop
      vertex 87.8522 129.4 0
      vertex 87.846 129.4 0.599991
      vertex 88.846 129.4 1.59999
    endloop
  endfacet
  facet normal 0 1 0
    outer loop
      vertex 87.846 129.4 0.599991
      vertex 87.8522 129.4 0
      vertex 87.846 129.4 0
    endloop
  endfacet
  facet normal 0 1 0
    outer loop
      vertex 83.8398 129.4 0
      vertex 83.846 129.4 0.599991
      vertex 83.846 129.4 0
    endloop
  endfacet
  facet normal 0 1 0
    outer loop
      vertex 83.846 129.4 0.599991
      vertex 83.8398 129.4 0
      vertex 82.846 129.4 1.59999
    endloop
  endfacet
  facet normal 0 1 -0
    outer loop
      vertex 87.846 87.6 0.599991
      vertex 82.846 87.6 1.59999
      vertex 88.846 87.6 1.59999
    endloop
  endfacet
  facet normal 0 1 0
    outer loop
      vertex 87.846 87.6 0.599991
      vertex 83.846 87.6 0.599991
      vertex 82.846 87.6 1.59999
    endloop
  endfacet
  facet normal 0 1 -0
    outer loop
      vertex 87.846 87.6 0
      vertex 83.846 87.6 0.599991
      vertex 87.846 87.6 0.599991
    endloop
  endfacet
  facet normal 0 1 0
    outer loop
      vertex 83.846 87.6 0.599991
      vertex 87.846 87.6 0
      vertex 83.846 87.6 0
    endloop
  endfacet
  facet normal 0.707106 -0 0.707107
    outer loop
      vertex 82.846 87.6 1.59999
      vertex 83.846 129.4 0.599991
      vertex 82.846 129.4 1.59999
    endloop
  endfacet
  facet normal 0.707106 0 0.707107
    outer loop
      vertex 83.846 129.4 0.599991
      vertex 82.846 87.6 1.59999
      vertex 83.846 87.6 0.599991
    endloop
  endfacet
  facet normal 0 0 -1
    outer loop
      vertex 82.846 87.6 1.59999
      vertex 88.846 129.4 1.59999
      vertex 88.846 87.6 1.59999
    endloop
  endfacet
  facet normal -0 0 -1
    outer loop
      vertex 88.846 129.4 1.59999
      vertex 82.846 87.6 1.59999
      vertex 82.846 129.4 1.59999
    endloop
  endfacet
  facet normal -0.707106 0 0.707107
    outer loop
      vertex 87.846 87.6 0.599991
      vertex 88.846 129.4 1.59999
      vertex 87.846 129.4 0.599991
    endloop
  endfacet
  facet normal -0.707106 0 0.707107
    outer loop
      vertex 88.846 129.4 1.59999
      vertex 87.846 87.6 0.599991
      vertex 88.846 87.6 1.59999
    endloop
  endfacet
  facet normal -1 0 0
    outer loop
      vertex 87.846 87.6 0
      vertex 87.846 129.4 0.599991
      vertex 87.846 129.4 0
    endloop
  endfacet
  facet normal -1 -0 0
    outer loop
      vertex 87.846 129.4 0.599991
      vertex 87.846 87.6 0
      vertex 87.846 87.6 0.599991
    endloop
  endfacet
  facet normal 1 -0 0
    outer loop
      vertex 83.846 87.6 0.599991
      vertex 83.846 129.4 0
      vertex 83.846 129.4 0.599991
    endloop
  endfacet
  facet normal 1 0 0
    outer loop
      vertex 83.846 129.4 0
      vertex 83.846 87.6 0.599991
      vertex 83.846 87.6 0
    endloop
  endfacet
  facet normal 0.785412 0.380902 0.487896
    outer loop
      vertex 82.846 129.4 1.59999
      vertex 83.8273 129.426 0
      vertex 80.221 134.39 1.92999
    endloop
  endfacet
  facet normal 0.786417 0.378085 0.488466
    outer loop
      vertex 83.8273 129.426 0
      vertex 82.846 129.4 1.59999
      vertex 83.8398 129.4 0
    endloop
  endfacet
  facet normal 0 0 -1
    outer loop
      vertex 80.221 134.39 1.92999
      vertex 91.471 134.4 1.92999
      vertex 91.471 134.39 1.92999
    endloop
  endfacet
  facet normal -0 0 -1
    outer loop
      vertex 91.471 134.4 1.92999
      vertex 80.221 134.39 1.92999
      vertex 80.221 134.4 1.92999
    endloop
  endfacet
  facet normal -0.747303 0 0.664484
    outer loop
      vertex 89.7549 134.39 0
      vertex 91.471 134.4 1.92999
      vertex 89.7549 134.4 0
    endloop
  endfacet
  facet normal -0.747303 0 0.664484
    outer loop
      vertex 91.471 134.4 1.92999
      vertex 89.7549 134.39 0
      vertex 91.471 134.39 1.92999
    endloop
  endfacet
  facet normal 0.747303 -0 0.664484
    outer loop
      vertex 80.221 134.39 1.92999
      vertex 81.9371 134.4 0
      vertex 80.221 134.4 1.92999
    endloop
  endfacet
  facet normal 0.747303 0 0.664484
    outer loop
      vertex 81.9371 134.4 0
      vertex 80.221 134.39 1.92999
      vertex 81.9371 134.39 0
    endloop
  endfacet
  facet normal -0.718769 0.273694 0.639111
    outer loop
      vertex 89.7549 134.39 0
      vertex 87.8647 129.426 0
      vertex 91.471 134.39 1.92999
    endloop
  endfacet
  facet normal -0.786417 0.378085 0.488466
    outer loop
      vertex 88.846 129.4 1.59999
      vertex 87.8647 129.426 0
      vertex 87.8522 129.4 0
    endloop
  endfacet
  facet normal -0.785412 0.380902 0.487896
    outer loop
      vertex 87.8647 129.426 0
      vertex 88.846 129.4 1.59999
      vertex 91.471 134.39 1.92999
    endloop
  endfacet
  facet normal 0 0.0659881 -0.99782
    outer loop
      vertex 82.846 129.4 1.59999
      vertex 91.471 134.39 1.92999
      vertex 88.846 129.4 1.59999
    endloop
  endfacet
  facet normal 0 0.0659881 -0.99782
    outer loop
      vertex 91.471 134.39 1.92999
      vertex 82.846 129.4 1.59999
      vertex 80.221 134.39 1.92999
    endloop
  endfacet
  facet normal 0.718769 0.273694 0.639111
    outer loop
      vertex 81.9371 134.39 0
      vertex 80.221 134.39 1.92999
      vertex 83.8273 129.426 0
    endloop
  endfacet
  facet normal 0 1 -0
    outer loop
      vertex 83.846 129.4 74.04
      vertex 83.8398 129.4 74.64
      vertex 83.846 129.4 74.64
    endloop
  endfacet
  facet normal 0 1 0
    outer loop
      vertex 83.8398 129.4 74.64
      vertex 83.846 129.4 74.04
      vertex 82.846 129.4 73.04
    endloop
  endfacet
  facet normal 0 1 0
    outer loop
      vertex 87.8522 129.4 74.64
      vertex 87.846 129.4 74.04
      vertex 87.846 129.4 74.64
    endloop
  endfacet
  facet normal -0 1 0
    outer loop
      vertex 87.846 129.4 74.04
      vertex 87.8522 129.4 74.64
      vertex 88.846 129.4 73.04
    endloop
  endfacet
  facet normal 0 1 -0
    outer loop
      vertex 87.846 87.6 74.04
      vertex 83.846 87.6 74.64
      vertex 87.846 87.6 74.64
    endloop
  endfacet
  facet normal 0 1 0
    outer loop
      vertex 87.846 87.6 74.04
      vertex 83.846 87.6 74.04
      vertex 83.846 87.6 74.64
    endloop
  endfacet
  facet normal 0 1 0
    outer loop
      vertex 88.846 87.6 73.04
      vertex 83.846 87.6 74.04
      vertex 87.846 87.6 74.04
    endloop
  endfacet
  facet normal 0 1 0
    outer loop
      vertex 83.846 87.6 74.04
      vertex 88.846 87.6 73.04
      vertex 82.846 87.6 73.04
    endloop
  endfacet
  facet normal -0.707107 0 -0.707107
    outer loop
      vertex 88.846 87.6 73.04
      vertex 87.846 129.4 74.04
      vertex 88.846 129.4 73.04
    endloop
  endfacet
  facet normal -0.707107 -0 -0.707107
    outer loop
      vertex 87.846 129.4 74.04
      vertex 88.846 87.6 73.04
      vertex 87.846 87.6 74.04
    endloop
  endfacet
  facet normal -0 0 1
    outer loop
      vertex 82.846 129.4 73.04
      vertex 88.846 87.6 73.04
      vertex 88.846 129.4 73.04
    endloop
  endfacet
  facet normal 0 0 1
    outer loop
      vertex 88.846 87.6 73.04
      vertex 82.846 129.4 73.04
      vertex 82.846 87.6 73.04
    endloop
  endfacet
  facet normal 0.707107 0 -0.707107
    outer loop
      vertex 83.846 87.6 74.04
      vertex 82.846 129.4 73.04
      vertex 83.846 129.4 74.04
    endloop
  endfacet
  facet normal 0.707107 0 -0.707107
    outer loop
      vertex 82.846 129.4 73.04
      vertex 83.846 87.6 74.04
      vertex 82.846 87.6 73.04
    endloop
  endfacet
  facet normal 1 -0 0
    outer loop
      vertex 83.846 87.6 74.64
      vertex 83.846 129.4 74.04
      vertex 83.846 129.4 74.64
    endloop
  endfacet
  facet normal 1 0 0
    outer loop
      vertex 83.846 129.4 74.04
      vertex 83.846 87.6 74.64
      vertex 83.846 87.6 74.04
    endloop
  endfacet
  facet normal -1 0 0
    outer loop
      vertex 87.846 87.6 74.04
      vertex 87.846 129.4 74.64
      vertex 87.846 129.4 74.04
    endloop
  endfacet
  facet normal -1 -0 0
    outer loop
      vertex 87.846 129.4 74.64
      vertex 87.846 87.6 74.04
      vertex 87.846 87.6 74.64
    endloop
  endfacet
  facet normal -0.785413 0.380903 -0.487893
    outer loop
      vertex 88.846 129.4 73.04
      vertex 87.8647 129.426 74.64
      vertex 91.471 134.39 72.71
    endloop
  endfacet
  facet normal -0.786418 0.378086 -0.488464
    outer loop
      vertex 87.8647 129.426 74.64
      vertex 88.846 129.4 73.04
      vertex 87.8522 129.4 74.64
    endloop
  endfacet
  facet normal -0 0 1
    outer loop
      vertex 80.221 134.4 72.71
      vertex 91.471 134.39 72.71
      vertex 91.471 134.4 72.71
    endloop
  endfacet
  facet normal 0 0 1
    outer loop
      vertex 91.471 134.39 72.71
      vertex 80.221 134.4 72.71
      vertex 80.221 134.39 72.71
    endloop
  endfacet
  facet normal 0.747305 0 -0.664482
    outer loop
      vertex 81.9371 134.39 74.64
      vertex 80.221 134.4 72.71
      vertex 81.9371 134.4 74.64
    endloop
  endfacet
  facet normal 0.747305 0 -0.664482
    outer loop
      vertex 80.221 134.4 72.71
      vertex 81.9371 134.39 74.64
      vertex 80.221 134.39 72.71
    endloop
  endfacet
  facet normal -0.747305 0 -0.664482
    outer loop
      vertex 91.471 134.39 72.71
      vertex 89.7549 134.4 74.64
      vertex 91.471 134.4 72.71
    endloop
  endfacet
  facet normal -0.747305 -0 -0.664482
    outer loop
      vertex 89.7549 134.4 74.64
      vertex 91.471 134.39 72.71
      vertex 89.7549 134.39 74.64
    endloop
  endfacet
  facet normal 0.71877 0.273694 -0.639109
    outer loop
      vertex 83.8273 129.426 74.64
      vertex 80.221 134.39 72.71
      vertex 81.9371 134.39 74.64
    endloop
  endfacet
  facet normal 0.786418 0.378086 -0.488464
    outer loop
      vertex 82.846 129.4 73.04
      vertex 83.8273 129.426 74.64
      vertex 83.8398 129.4 74.64
    endloop
  endfacet
  facet normal 0.785413 0.380903 -0.487893
    outer loop
      vertex 83.8273 129.426 74.64
      vertex 82.846 129.4 73.04
      vertex 80.221 134.39 72.71
    endloop
  endfacet
  facet normal 0 0.0659881 0.99782
    outer loop
      vertex 91.471 134.39 72.71
      vertex 82.846 129.4 73.04
      vertex 88.846 129.4 73.04
    endloop
  endfacet
  facet normal 0 0.0659881 0.99782
    outer loop
      vertex 82.846 129.4 73.04
      vertex 91.471 134.39 72.71
      vertex 80.221 134.39 72.71
    endloop
  endfacet
  facet normal -0.71877 0.273694 -0.639109
    outer loop
      vertex 91.471 134.39 72.71
      vertex 87.8647 129.426 74.64
      vertex 89.7549 134.39 74.64
    endloop
  endfacet
  facet normal 0 1 -0
    outer loop
      vertex 135.34 129.4 0
      vertex 135.334 129.4 0.599991
      vertex 136.334 129.4 1.59999
    endloop
  endfacet
  facet normal 0 1 0
    outer loop
      vertex 135.334 129.4 0.599991
      vertex 135.34 129.4 0
      vertex 135.334 129.4 0
    endloop
  endfacet
  facet normal 0 1 0
    outer loop
      vertex 131.328 129.4 0
      vertex 131.334 129.4 0.599991
      vertex 131.334 129.4 0
    endloop
  endfacet
  facet normal 0 1 0
    outer loop
      vertex 131.334 129.4 0.599991
      vertex 131.328 129.4 0
      vertex 130.334 129.4 1.59999
    endloop
  endfacet
  facet normal 0 1 -0
    outer loop
      vertex 135.334 87.6 0.599991
      vertex 130.334 87.6 1.59999
      vertex 136.334 87.6 1.59999
    endloop
  endfacet
  facet normal 0 1 0
    outer loop
      vertex 135.334 87.6 0.599991
      vertex 131.334 87.6 0.599991
      vertex 130.334 87.6 1.59999
    endloop
  endfacet
  facet normal 0 1 -0
    outer loop
      vertex 135.334 87.6 0
      vertex 131.334 87.6 0.599991
      vertex 135.334 87.6 0.599991
    endloop
  endfacet
  facet normal 0 1 0
    outer loop
      vertex 131.334 87.6 0.599991
      vertex 135.334 87.6 0
      vertex 131.334 87.6 0
    endloop
  endfacet
  facet normal 0.707106 -0 0.707107
    outer loop
      vertex 130.334 87.6 1.59999
      vertex 131.334 129.4 0.599991
      vertex 130.334 129.4 1.59999
    endloop
  endfacet
  facet normal 0.707106 0 0.707107
    outer loop
      vertex 131.334 129.4 0.599991
      vertex 130.334 87.6 1.59999
      vertex 131.334 87.6 0.599991
    endloop
  endfacet
  facet normal 0 0 -1
    outer loop
      vertex 130.334 87.6 1.59999
      vertex 136.334 129.4 1.59999
      vertex 136.334 87.6 1.59999
    endloop
  endfacet
  facet normal -0 0 -1
    outer loop
      vertex 136.334 129.4 1.59999
      vertex 130.334 87.6 1.59999
      vertex 130.334 129.4 1.59999
    endloop
  endfacet
  facet normal -0.707106 0 0.707107
    outer loop
      vertex 135.334 87.6 0.599991
      vertex 136.334 129.4 1.59999
      vertex 135.334 129.4 0.599991
    endloop
  endfacet
  facet normal -0.707106 0 0.707107
    outer loop
      vertex 136.334 129.4 1.59999
      vertex 135.334 87.6 0.599991
      vertex 136.334 87.6 1.59999
    endloop
  endfacet
  facet normal -1 0 0
    outer loop
      vertex 135.334 87.6 0
      vertex 135.334 129.4 0.599991
      vertex 135.334 129.4 0
    endloop
  endfacet
  facet normal -1 -0 0
    outer loop
      vertex 135.334 129.4 0.599991
      vertex 135.334 87.6 0
      vertex 135.334 87.6 0.599991
    endloop
  endfacet
  facet normal 1 -0 0
    outer loop
      vertex 131.334 87.6 0.599991
      vertex 131.334 129.4 0
      vertex 131.334 129.4 0.599991
    endloop
  endfacet
  facet normal 1 0 0
    outer loop
      vertex 131.334 129.4 0
      vertex 131.334 87.6 0.599991
      vertex 131.334 87.6 0
    endloop
  endfacet
  facet normal 0.785465 0.380938 0.487782
    outer loop
      vertex 130.334 129.4 1.59999
      vertex 131.315 129.426 0
      vertex 127.709 134.39 1.92999
    endloop
  endfacet
  facet normal 0.781833 0.390917 0.485717
    outer loop
      vertex 131.315 129.426 0
      vertex 130.334 129.4 1.59999
      vertex 131.328 129.4 0
    endloop
  endfacet
  facet normal 0 0 -1
    outer loop
      vertex 127.709 134.39 1.92999
      vertex 138.959 134.4 1.92999
      vertex 138.959 134.39 1.92999
    endloop
  endfacet
  facet normal -0 0 -1
    outer loop
      vertex 138.959 134.4 1.92999
      vertex 127.709 134.39 1.92999
      vertex 127.709 134.4 1.92999
    endloop
  endfacet
  facet normal -0.747322 0 0.664462
    outer loop
      vertex 137.243 134.39 0
      vertex 138.959 134.4 1.92999
      vertex 137.243 134.4 0
    endloop
  endfacet
  facet normal -0.747322 0 0.664462
    outer loop
      vertex 138.959 134.4 1.92999
      vertex 137.243 134.39 0
      vertex 138.959 134.39 1.92999
    endloop
  endfacet
  facet normal 0.747322 -0 0.664462
    outer loop
      vertex 127.709 134.39 1.92999
      vertex 129.425 134.4 0
      vertex 127.709 134.4 1.92999
    endloop
  endfacet
  facet normal 0.747322 0 0.664462
    outer loop
      vertex 129.425 134.4 0
      vertex 127.709 134.39 1.92999
      vertex 129.425 134.39 0
    endloop
  endfacet
  facet normal -0.718791 0.273674 0.639094
    outer loop
      vertex 137.243 134.39 0
      vertex 135.353 129.426 0
      vertex 138.959 134.39 1.92999
    endloop
  endfacet
  facet normal -0.781833 0.390917 0.485717
    outer loop
      vertex 136.334 129.4 1.59999
      vertex 135.353 129.426 0
      vertex 135.34 129.4 0
    endloop
  endfacet
  facet normal -0.785465 0.380938 0.487782
    outer loop
      vertex 135.353 129.426 0
      vertex 136.334 129.4 1.59999
      vertex 138.959 134.39 1.92999
    endloop
  endfacet
  facet normal 0 0.0659881 -0.99782
    outer loop
      vertex 130.334 129.4 1.59999
      vertex 138.959 134.39 1.92999
      vertex 136.334 129.4 1.59999
    endloop
  endfacet
  facet normal 0 0.0659881 -0.99782
    outer loop
      vertex 138.959 134.39 1.92999
      vertex 130.334 129.4 1.59999
      vertex 127.709 134.39 1.92999
    endloop
  endfacet
  facet normal 0.718791 0.273674 0.639094
    outer loop
      vertex 129.425 134.39 0
      vertex 127.709 134.39 1.92999
      vertex 131.315 129.426 0
    endloop
  endfacet
  facet normal 0 1 -0
    outer loop
      vertex 131.334 129.4 74.04
      vertex 131.328 129.4 74.64
      vertex 131.334 129.4 74.64
    endloop
  endfacet
  facet normal 0 1 0
    outer loop
      vertex 131.328 129.4 74.64
      vertex 131.334 129.4 74.04
      vertex 130.334 129.4 73.04
    endloop
  endfacet
  facet normal 0 1 0
    outer loop
      vertex 135.34 129.4 74.64
      vertex 135.334 129.4 74.04
      vertex 135.334 129.4 74.64
    endloop
  endfacet
  facet normal -0 1 0
    outer loop
      vertex 135.334 129.4 74.04
      vertex 135.34 129.4 74.64
      vertex 136.334 129.4 73.04
    endloop
  endfacet
  facet normal 0 1 -0
    outer loop
      vertex 135.334 87.6 74.04
      vertex 131.334 87.6 74.64
      vertex 135.334 87.6 74.64
    endloop
  endfacet
  facet normal 0 1 0
    outer loop
      vertex 135.334 87.6 74.04
      vertex 131.334 87.6 74.04
      vertex 131.334 87.6 74.64
    endloop
  endfacet
  facet normal 0 1 0
    outer loop
      vertex 136.334 87.6 73.04
      vertex 131.334 87.6 74.04
      vertex 135.334 87.6 74.04
    endloop
  endfacet
  facet normal 0 1 0
    outer loop
      vertex 131.334 87.6 74.04
      vertex 136.334 87.6 73.04
      vertex 130.334 87.6 73.04
    endloop
  endfacet
  facet normal -0.707107 0 -0.707107
    outer loop
      vertex 136.334 87.6 73.04
      vertex 135.334 129.4 74.04
      vertex 136.334 129.4 73.04
    endloop
  endfacet
  facet normal -0.707107 -0 -0.707107
    outer loop
      vertex 135.334 129.4 74.04
      vertex 136.334 87.6 73.04
      vertex 135.334 87.6 74.04
    endloop
  endfacet
  facet normal -0 0 1
    outer loop
      vertex 130.334 129.4 73.04
      vertex 136.334 87.6 73.04
      vertex 136.334 129.4 73.04
    endloop
  endfacet
  facet normal 0 0 1
    outer loop
      vertex 136.334 87.6 73.04
      vertex 130.334 129.4 73.04
      vertex 130.334 87.6 73.04
    endloop
  endfacet
  facet normal 0.707107 0 -0.707107
    outer loop
      vertex 131.334 87.6 74.04
      vertex 130.334 129.4 73.04
      vertex 131.334 129.4 74.04
    endloop
  endfacet
  facet normal 0.707107 0 -0.707107
    outer loop
      vertex 130.334 129.4 73.04
      vertex 131.334 87.6 74.04
      vertex 130.334 87.6 73.04
    endloop
  endfacet
  facet normal 1 -0 0
    outer loop
      vertex 131.334 87.6 74.64
      vertex 131.334 129.4 74.04
      vertex 131.334 129.4 74.64
    endloop
  endfacet
  facet normal 1 0 0
    outer loop
      vertex 131.334 129.4 74.04
      vertex 131.334 87.6 74.64
      vertex 131.334 87.6 74.04
    endloop
  endfacet
  facet normal -1 0 0
    outer loop
      vertex 135.334 87.6 74.04
      vertex 135.334 129.4 74.64
      vertex 135.334 129.4 74.04
    endloop
  endfacet
  facet normal -1 -0 0
    outer loop
      vertex 135.334 129.4 74.64
      vertex 135.334 87.6 74.04
      vertex 135.334 87.6 74.64
    endloop
  endfacet
  facet normal -0.785466 0.380938 -0.487779
    outer loop
      vertex 136.334 129.4 73.04
      vertex 135.353 129.426 74.64
      vertex 138.959 134.39 72.71
    endloop
  endfacet
  facet normal -0.781834 0.390917 -0.485715
    outer loop
      vertex 135.353 129.426 74.64
      vertex 136.334 129.4 73.04
      vertex 135.34 129.4 74.64
    endloop
  endfacet
  facet normal -0 0 1
    outer loop
      vertex 127.709 134.4 72.71
      vertex 138.959 134.39 72.71
      vertex 138.959 134.4 72.71
    endloop
  endfacet
  facet normal 0 0 1
    outer loop
      vertex 138.959 134.39 72.71
      vertex 127.709 134.4 72.71
      vertex 127.709 134.39 72.71
    endloop
  endfacet
  facet normal 0.747324 0 -0.66446
    outer loop
      vertex 129.425 134.39 74.64
      vertex 127.709 134.4 72.71
      vertex 129.425 134.4 74.64
    endloop
  endfacet
  facet normal 0.747324 0 -0.66446
    outer loop
      vertex 127.709 134.4 72.71
      vertex 129.425 134.39 74.64
      vertex 127.709 134.39 72.71
    endloop
  endfacet
  facet normal -0.747324 0 -0.66446
    outer loop
      vertex 138.959 134.39 72.71
      vertex 137.243 134.4 74.64
      vertex 138.959 134.4 72.71
    endloop
  endfacet
  facet normal -0.747324 -0 -0.66446
    outer loop
      vertex 137.243 134.4 74.64
      vertex 138.959 134.39 72.71
      vertex 137.243 134.39 74.64
    endloop
  endfacet
  facet normal 0.718793 0.273674 -0.639093
    outer loop
      vertex 131.315 129.426 74.64
      vertex 127.709 134.39 72.71
      vertex 129.425 134.39 74.64
    endloop
  endfacet
  facet normal 0.781834 0.390917 -0.485715
    outer loop
      vertex 130.334 129.4 73.04
      vertex 131.315 129.426 74.64
      vertex 131.328 129.4 74.64
    endloop
  endfacet
  facet normal 0.785466 0.380938 -0.487779
    outer loop
      vertex 131.315 129.426 74.64
      vertex 130.334 129.4 73.04
      vertex 127.709 134.39 72.71
    endloop
  endfacet
  facet normal 0 0.0659881 0.99782
    outer loop
      vertex 138.959 134.39 72.71
      vertex 130.334 129.4 73.04
      vertex 136.334 129.4 73.04
    endloop
  endfacet
  facet normal 0 0.0659881 0.99782
    outer loop
      vertex 130.334 129.4 73.04
      vertex 138.959 134.39 72.71
      vertex 127.709 134.39 72.71
    endloop
  endfacet
  facet normal -0.718793 0.273674 -0.639093
    outer loop
      vertex 138.959 134.39 72.71
      vertex 135.353 129.426 74.64
      vertex 137.243 134.39 74.64
    endloop
  endfacet
  facet normal 0 0 1
    outer loop
      vertex 8.87712 134.4 74.64
      vertex 1.5 134.4 74.64
      vertex 8.87712 134.39 74.64
    endloop
  endfacet
  facet normal 0 0 1
    outer loop
      vertex 10.786 129.4 74.64
      vertex 10.7798 129.4 74.64
      vertex 10.786 87.6 74.64
    endloop
  endfacet
  facet normal 0 0 1
    outer loop
      vertex 56.3651 134.4 74.64
      vertex 16.6949 134.4 74.64
      vertex 56.3651 134.39 74.64
    endloop
  endfacet
  facet normal 0 0 1
    outer loop
      vertex 58.274 129.4 74.64
      vertex 58.2678 129.4 74.64
      vertex 58.274 87.6 74.64
    endloop
  endfacet
  facet normal 0 0 1
    outer loop
      vertex 81.9371 134.4 74.64
      vertex 64.1829 134.4 74.64
      vertex 81.9371 134.39 74.64
    endloop
  endfacet
  facet normal 0 0 1
    outer loop
      vertex 83.846 129.4 74.64
      vertex 83.8398 129.4 74.64
      vertex 83.846 87.6 74.64
    endloop
  endfacet
  facet normal 0 0 1
    outer loop
      vertex 129.425 134.4 74.64
      vertex 89.7549 134.4 74.64
      vertex 129.425 134.39 74.64
    endloop
  endfacet
  facet normal 0 0 1
    outer loop
      vertex 131.334 129.4 74.64
      vertex 131.328 129.4 74.64
      vertex 131.334 87.6 74.64
    endloop
  endfacet
  facet normal 0 0 1
    outer loop
      vertex 137.243 134.39 74.64
      vertex 144.62 134.4 74.64
      vertex 137.243 134.4 74.64
    endloop
  endfacet
  facet normal 0 0 1
    outer loop
      vertex 135.353 129.426 74.64
      vertex 144.62 134.4 74.64
      vertex 137.243 134.39 74.64
    endloop
  endfacet
  facet normal 0 0 1
    outer loop
      vertex 135.34 129.4 74.64
      vertex 144.62 134.4 74.64
      vertex 135.353 129.426 74.64
    endloop
  endfacet
  facet normal 0 0 1
    outer loop
      vertex 144.62 134.4 74.64
      vertex 135.34 129.4 74.64
      vertex 135.334 87.6 74.64
    endloop
  endfacet
  facet normal 0 0 1
    outer loop
      vertex 135.334 87.6 74.64
      vertex 135.34 129.4 74.64
      vertex 135.334 129.4 74.64
    endloop
  endfacet
  facet normal 0 0 1
    outer loop
      vertex 144.62 134.4 74.64
      vertex 135.334 87.6 74.64
      vertex 144.62 0 74.64
    endloop
  endfacet
  facet normal -0 0 1
    outer loop
      vertex 131.334 87.6 74.64
      vertex 144.62 0 74.64
      vertex 135.334 87.6 74.64
    endloop
  endfacet
  facet normal 0 0 1
    outer loop
      vertex 87.8522 129.4 74.64
      vertex 131.328 129.4 74.64
      vertex 131.315 129.426 74.64
    endloop
  endfacet
  facet normal 0 0 1
    outer loop
      vertex 87.8647 129.426 74.64
      vertex 131.315 129.426 74.64
      vertex 129.425 134.39 74.64
    endloop
  endfacet
  facet normal 0 0 1
    outer loop
      vertex 89.7549 134.39 74.64
      vertex 129.425 134.39 74.64
      vertex 89.7549 134.4 74.64
    endloop
  endfacet
  facet normal 0 0 1
    outer loop
      vertex 87.8647 129.426 74.64
      vertex 129.425 134.39 74.64
      vertex 89.7549 134.39 74.64
    endloop
  endfacet
  facet normal 0 0 1
    outer loop
      vertex 131.315 129.426 74.64
      vertex 87.8647 129.426 74.64
      vertex 87.8522 129.4 74.64
    endloop
  endfacet
  facet normal 0 0 1
    outer loop
      vertex 131.328 129.4 74.64
      vertex 87.8522 129.4 74.64
      vertex 131.334 87.6 74.64
    endloop
  endfacet
  facet normal 0 0 1
    outer loop
      vertex 131.334 87.6 74.64
      vertex 87.8522 129.4 74.64
      vertex 87.846 87.6 74.64
    endloop
  endfacet
  facet normal 0 0 1
    outer loop
      vertex 87.846 87.6 74.64
      vertex 87.8522 129.4 74.64
      vertex 87.846 129.4 74.64
    endloop
  endfacet
  facet normal 0 0 1
    outer loop
      vertex 131.334 87.6 74.64
      vertex 87.846 87.6 74.64
      vertex 144.62 0 74.64
    endloop
  endfacet
  facet normal -0 0 1
    outer loop
      vertex 83.846 87.6 74.64
      vertex 144.62 0 74.64
      vertex 87.846 87.6 74.64
    endloop
  endfacet
  facet normal 0 0 1
    outer loop
      vertex 62.2802 129.4 74.64
      vertex 83.8398 129.4 74.64
      vertex 83.8273 129.426 74.64
    endloop
  endfacet
  facet normal 0 0 1
    outer loop
      vertex 62.2927 129.426 74.64
      vertex 83.8273 129.426 74.64
      vertex 81.9371 134.39 74.64
    endloop
  endfacet
  facet normal 0 0 1
    outer loop
      vertex 64.1829 134.39 74.64
      vertex 81.9371 134.39 74.64
      vertex 64.1829 134.4 74.64
    endloop
  endfacet
  facet normal 0 0 1
    outer loop
      vertex 62.2927 129.426 74.64
      vertex 81.9371 134.39 74.64
      vertex 64.1829 134.39 74.64
    endloop
  endfacet
  facet normal 0 0 1
    outer loop
      vertex 83.8273 129.426 74.64
      vertex 62.2927 129.426 74.64
      vertex 62.2802 129.4 74.64
    endloop
  endfacet
  facet normal 0 0 1
    outer loop
      vertex 83.8398 129.4 74.64
      vertex 62.2802 129.4 74.64
      vertex 83.846 87.6 74.64
    endloop
  endfacet
  facet normal 0 0 1
    outer loop
      vertex 62.274 87.6 74.64
      vertex 62.2802 129.4 74.64
      vertex 62.274 129.4 74.64
    endloop
  endfacet
  facet normal 0 0 1
    outer loop
      vertex 62.2802 129.4 74.64
      vertex 62.274 87.6 74.64
      vertex 83.846 87.6 74.64
    endloop
  endfacet
  facet normal -0 0 1
    outer loop
      vertex 62.274 87.6 74.64
      vertex 144.62 0 74.64
      vertex 83.846 87.6 74.64
    endloop
  endfacet
  facet normal 0 0 1
    outer loop
      vertex 1.5 0 74.64
      vertex 62.274 87.6 74.64
      vertex 58.274 87.6 74.64
    endloop
  endfacet
  facet normal 0 0 1
    outer loop
      vertex 14.7922 129.4 74.64
      vertex 58.2678 129.4 74.64
      vertex 58.2553 129.426 74.64
    endloop
  endfacet
  facet normal 0 0 1
    outer loop
      vertex 14.8047 129.426 74.64
      vertex 58.2553 129.426 74.64
      vertex 56.3651 134.39 74.64
    endloop
  endfacet
  facet normal 0 0 1
    outer loop
      vertex 16.6949 134.39 74.64
      vertex 56.3651 134.39 74.64
      vertex 16.6949 134.4 74.64
    endloop
  endfacet
  facet normal 0 0 1
    outer loop
      vertex 14.8047 129.426 74.64
      vertex 56.3651 134.39 74.64
      vertex 16.6949 134.39 74.64
    endloop
  endfacet
  facet normal 0 0 1
    outer loop
      vertex 58.2553 129.426 74.64
      vertex 14.8047 129.426 74.64
      vertex 14.7922 129.4 74.64
    endloop
  endfacet
  facet normal 0 0 1
    outer loop
      vertex 58.2678 129.4 74.64
      vertex 14.7922 129.4 74.64
      vertex 58.274 87.6 74.64
    endloop
  endfacet
  facet normal 0 0 1
    outer loop
      vertex 58.274 87.6 74.64
      vertex 14.7922 129.4 74.64
      vertex 14.786 87.6 74.64
    endloop
  endfacet
  facet normal 0 0 1
    outer loop
      vertex 14.786 87.6 74.64
      vertex 14.7922 129.4 74.64
      vertex 14.786 129.4 74.64
    endloop
  endfacet
  facet normal 0 0 1
    outer loop
      vertex 1.5 0 74.64
      vertex 58.274 87.6 74.64
      vertex 14.786 87.6 74.64
    endloop
  endfacet
  facet normal 0 0 1
    outer loop
      vertex 1.5 0 74.64
      vertex 14.786 87.6 74.64
      vertex 10.786 87.6 74.64
    endloop
  endfacet
  facet normal 0 0 1
    outer loop
      vertex 1.5 134.4 74.64
      vertex 10.7798 129.4 74.64
      vertex 10.7673 129.426 74.64
    endloop
  endfacet
  facet normal 0 0 1
    outer loop
      vertex 1.5 134.4 74.64
      vertex 10.7673 129.426 74.64
      vertex 8.87712 134.39 74.64
    endloop
  endfacet
  facet normal 0 0 1
    outer loop
      vertex 10.7798 129.4 74.64
      vertex 1.5 134.4 74.64
      vertex 10.786 87.6 74.64
    endloop
  endfacet
  facet normal 0 0 1
    outer loop
      vertex 62.274 87.6 74.64
      vertex 1.5 0 74.64
      vertex 144.62 0 74.64
    endloop
  endfacet
  facet normal 0 0 1
    outer loop
      vertex 1.5 0 74.64
      vertex 10.786 87.6 74.64
      vertex 1.5 134.4 74.64
    endloop
  endfacet
  facet normal -0.707107 0 0.707107
    outer loop
      vertex 0 0 73.14
      vertex 1.5 134.4 74.64
      vertex 0 134.4 73.14
    endloop
  endfacet
  facet normal -0.707107 0 0.707107
    outer loop
      vertex 1.5 134.4 74.64
      vertex 0 0 73.14
      vertex 1.5 0 74.64
    endloop
  endfacet
  facet normal 0 1 0
    outer loop
      vertex 56.3651 134.4 0
      vertex 18.411 134.4 1.92999
      vertex 54.649 134.4 1.92999
    endloop
  endfacet
  facet normal 0 1 0
    outer loop
      vertex 18.411 134.4 1.92999
      vertex 56.3651 134.4 0
      vertex 16.6949 134.4 0
    endloop
  endfacet
  facet normal 0 1 0
    outer loop
      vertex 81.9371 134.4 0
      vertex 65.899 134.4 1.92999
      vertex 80.221 134.4 1.92999
    endloop
  endfacet
  facet normal 0 1 0
    outer loop
      vertex 65.899 134.4 1.92999
      vertex 81.9371 134.4 0
      vertex 64.1829 134.4 0
    endloop
  endfacet
  facet normal 0 1 0
    outer loop
      vertex 129.425 134.4 0
      vertex 91.471 134.4 1.92999
      vertex 127.709 134.4 1.92999
    endloop
  endfacet
  facet normal 0 1 0
    outer loop
      vertex 91.471 134.4 1.92999
      vertex 129.425 134.4 0
      vertex 89.7549 134.4 0
    endloop
  endfacet
  facet normal 0 1 0
    outer loop
      vertex 91.471 134.4 72.71
      vertex 91.471 134.4 1.92999
      vertex 80.221 134.4 72.71
    endloop
  endfacet
  facet normal 0 1 -0
    outer loop
      vertex 146.12 134.4 1.5
      vertex 144.19 134.4 7.437
      vertex 146.12 134.4 9.15312
    endloop
  endfacet
  facet normal 0 1 0
    outer loop
      vertex 144.19 134.4 7.437
      vertex 146.12 134.4 1.5
      vertex 138.959 134.4 1.92999
    endloop
  endfacet
  facet normal 0 1 -0
    outer loop
      vertex 144.62 134.4 0
      vertex 138.959 134.4 1.92999
      vertex 146.12 134.4 1.5
    endloop
  endfacet
  facet normal 0 1 0
    outer loop
      vertex 138.959 134.4 1.92999
      vertex 144.62 134.4 0
      vertex 137.243 134.4 0
    endloop
  endfacet
  facet normal 0 1 0
    outer loop
      vertex 144.19 134.4 18.687
      vertex 91.471 134.4 1.92999
      vertex 91.471 134.4 72.71
    endloop
  endfacet
  facet normal 0 1 0
    outer loop
      vertex 65.899 134.4 72.71
      vertex 1.92999 134.4 7.437
      vertex 1.92999 134.4 18.687
    endloop
  endfacet
  facet normal 0 1 0
    outer loop
      vertex 65.899 134.4 72.71
      vertex 1.92999 134.4 18.687
      vertex 54.649 134.4 72.71
    endloop
  endfacet
  facet normal 0 1 0
    outer loop
      vertex 146.12 134.4 57.6691
      vertex 144.19 134.4 18.687
      vertex 144.19 134.4 55.953
    endloop
  endfacet
  facet normal -0 1 0
    outer loop
      vertex 144.19 134.4 18.687
      vertex 146.12 134.4 57.6691
      vertex 146.12 134.4 16.9709
    endloop
  endfacet
  facet normal 0 1 0
    outer loop
      vertex 91.471 134.4 1.92999
      vertex 144.19 134.4 18.687
      vertex 127.709 134.4 1.92999
    endloop
  endfacet
  facet normal 0 1 0
    outer loop
      vertex 54.649 134.4 72.71
      vertex 1.92999 134.4 55.953
      vertex 1.92999 134.4 67.203
    endloop
  endfacet
  facet normal 0 1 0
    outer loop
      vertex 138.959 134.4 72.71
      vertex 144.62 134.4 74.64
      vertex 146.12 134.4 73.14
    endloop
  endfacet
  facet normal 0 1 0
    outer loop
      vertex 144.62 134.4 74.64
      vertex 138.959 134.4 72.71
      vertex 137.243 134.4 74.64
    endloop
  endfacet
  facet normal 0 1 0
    outer loop
      vertex 144.19 134.4 67.203
      vertex 127.709 134.4 72.71
      vertex 138.959 134.4 72.71
    endloop
  endfacet
  facet normal 0 1 -0
    outer loop
      vertex 144.19 134.4 55.953
      vertex 127.709 134.4 72.71
      vertex 144.19 134.4 67.203
    endloop
  endfacet
  facet normal 0 1 0
    outer loop
      vertex 127.709 134.4 72.71
      vertex 144.19 134.4 55.953
      vertex 91.471 134.4 72.71
    endloop
  endfacet
  facet normal 0 1 -0
    outer loop
      vertex 144.19 134.4 18.687
      vertex 91.471 134.4 72.71
      vertex 144.19 134.4 55.953
    endloop
  endfacet
  facet normal 0 1 -0
    outer loop
      vertex 144.19 134.4 7.437
      vertex 127.709 134.4 1.92999
      vertex 144.19 134.4 18.687
    endloop
  endfacet
  facet normal 0 1 0
    outer loop
      vertex 127.709 134.4 1.92999
      vertex 144.19 134.4 7.437
      vertex 138.959 134.4 1.92999
    endloop
  endfacet
  facet normal 0 1 0
    outer loop
      vertex 54.649 134.4 72.71
      vertex 1.92999 134.4 67.203
      vertex 18.411 134.4 72.71
    endloop
  endfacet
  facet normal 0 1 0
    outer loop
      vertex 146.12 134.4 73.14
      vertex 144.19 134.4 67.203
      vertex 138.959 134.4 72.71
    endloop
  endfacet
  facet normal -0 1 0
    outer loop
      vertex 144.19 134.4 67.203
      vertex 146.12 134.4 73.14
      vertex 146.12 134.4 65.4869
    endloop
  endfacet
  facet normal 0 1 -0
    outer loop
      vertex 127.709 134.4 72.71
      vertex 89.7549 134.4 74.64
      vertex 129.425 134.4 74.64
    endloop
  endfacet
  facet normal 0 1 0
    outer loop
      vertex 89.7549 134.4 74.64
      vertex 127.709 134.4 72.71
      vertex 91.471 134.4 72.71
    endloop
  endfacet
  facet normal 0 1 -0
    outer loop
      vertex 80.221 134.4 72.71
      vertex 64.1829 134.4 74.64
      vertex 81.9371 134.4 74.64
    endloop
  endfacet
  facet normal 0 1 0
    outer loop
      vertex 64.1829 134.4 74.64
      vertex 80.221 134.4 72.71
      vertex 65.899 134.4 72.71
    endloop
  endfacet
  facet normal 0 1 -0
    outer loop
      vertex 54.649 134.4 72.71
      vertex 16.6949 134.4 74.64
      vertex 56.3651 134.4 74.64
    endloop
  endfacet
  facet normal 0 1 0
    outer loop
      vertex 16.6949 134.4 74.64
      vertex 54.649 134.4 72.71
      vertex 18.411 134.4 72.71
    endloop
  endfacet
  facet normal 0 1 -0
    outer loop
      vertex 7.161 134.4 72.71
      vertex 1.5 134.4 74.64
      vertex 8.87712 134.4 74.64
    endloop
  endfacet
  facet normal 0 1 0
    outer loop
      vertex 1.5 134.4 74.64
      vertex 7.161 134.4 72.71
      vertex 0 134.4 73.14
    endloop
  endfacet
  facet normal 0 1 0
    outer loop
      vertex 18.411 134.4 72.71
      vertex 1.92999 134.4 67.203
      vertex 7.161 134.4 72.71
    endloop
  endfacet
  facet normal 0 1 -0
    outer loop
      vertex 1.92999 134.4 67.203
      vertex 0 134.4 73.14
      vertex 7.161 134.4 72.71
    endloop
  endfacet
  facet normal 0 1 0
    outer loop
      vertex 0 134.4 73.14
      vertex 1.92999 134.4 67.203
      vertex 0 134.4 65.4869
    endloop
  endfacet
  facet normal 0 1 0
    outer loop
      vertex 54.649 134.4 72.71
      vertex 1.92999 134.4 18.687
      vertex 1.92999 134.4 55.953
    endloop
  endfacet
  facet normal 0 1 -0
    outer loop
      vertex 1.92999 134.4 18.687
      vertex 0 134.4 57.6691
      vertex 1.92999 134.4 55.953
    endloop
  endfacet
  facet normal 0 1 0
    outer loop
      vertex 0 134.4 57.6691
      vertex 1.92999 134.4 18.687
      vertex 0 134.4 16.9709
    endloop
  endfacet
  facet normal 0 1 0
    outer loop
      vertex 80.221 134.4 1.92999
      vertex 80.221 134.4 72.71
      vertex 91.471 134.4 1.92999
    endloop
  endfacet
  facet normal 0 1 0
    outer loop
      vertex 80.221 134.4 72.71
      vertex 80.221 134.4 1.92999
      vertex 65.899 134.4 72.71
    endloop
  endfacet
  facet normal 0 1 0
    outer loop
      vertex 65.899 134.4 1.92999
      vertex 65.899 134.4 72.71
      vertex 80.221 134.4 1.92999
    endloop
  endfacet
  facet normal 0 1 0
    outer loop
      vertex 54.649 134.4 1.92999
      vertex 65.899 134.4 72.71
      vertex 65.899 134.4 1.92999
    endloop
  endfacet
  facet normal 0 1 0
    outer loop
      vertex 18.411 134.4 1.92999
      vertex 65.899 134.4 72.71
      vertex 54.649 134.4 1.92999
    endloop
  endfacet
  facet normal 0 1 0
    outer loop
      vertex 65.899 134.4 72.71
      vertex 18.411 134.4 1.92999
      vertex 1.92999 134.4 7.437
    endloop
  endfacet
  facet normal 0 1 -0
    outer loop
      vertex 7.161 134.4 1.92999
      vertex 1.92999 134.4 7.437
      vertex 18.411 134.4 1.92999
    endloop
  endfacet
  facet normal 0 1 0
    outer loop
      vertex 0 134.4 1.5
      vertex 1.92999 134.4 7.437
      vertex 7.161 134.4 1.92999
    endloop
  endfacet
  facet normal 0 1 0
    outer loop
      vertex 1.92999 134.4 7.437
      vertex 0 134.4 1.5
      vertex 0 134.4 9.15312
    endloop
  endfacet
  facet normal 0 1 0
    outer loop
      vertex 1.5 134.4 0
      vertex 7.161 134.4 1.92999
      vertex 8.87712 134.4 0
    endloop
  endfacet
  facet normal 0 1 0
    outer loop
      vertex 7.161 134.4 1.92999
      vertex 1.5 134.4 0
      vertex 0 134.4 1.5
    endloop
  endfacet
  facet normal -1 0 0
    outer loop
      vertex 0 134.4 1.5
      vertex 0 134.39 9.15312
      vertex 0 134.4 9.15312
    endloop
  endfacet
  facet normal -1 0 0
    outer loop
      vertex 0 134.4 1.5
      vertex 0 129.426 11.0433
      vertex 0 134.39 9.15312
    endloop
  endfacet
  facet normal -1 0 0
    outer loop
      vertex 0 134.4 1.5
      vertex 0 129.4 11.0558
      vertex 0 129.426 11.0433
    endloop
  endfacet
  facet normal -1 0 0
    outer loop
      vertex 0 129.4 11.0558
      vertex 0 87.6 11.062
      vertex 0 129.4 11.062
    endloop
  endfacet
  facet normal -1 0 0
    outer loop
      vertex 0 134.4 1.5
      vertex 0 87.6 11.062
      vertex 0 129.4 11.0558
    endloop
  endfacet
  facet normal -1 0 0
    outer loop
      vertex 0 0 1.5
      vertex 0 87.6 15.062
      vertex 0 87.6 11.062
    endloop
  endfacet
  facet normal -1 -0 0
    outer loop
      vertex 0 87.6 15.062
      vertex 0 0 1.5
      vertex 0 87.6 59.578
    endloop
  endfacet
  facet normal -1 0 0
    outer loop
      vertex 0 0 73.14
      vertex 0 87.6 59.578
      vertex 0 0 1.5
    endloop
  endfacet
  facet normal -1 0 0
    outer loop
      vertex 0 0 1.5
      vertex 0 87.6 11.062
      vertex 0 134.4 1.5
    endloop
  endfacet
  facet normal -1 0 0
    outer loop
      vertex 0 87.6 15.062
      vertex 0 129.4 15.0682
      vertex 0 129.4 15.062
    endloop
  endfacet
  facet normal -1 -0 0
    outer loop
      vertex 0 129.4 15.0682
      vertex 0 87.6 15.062
      vertex 0 129.4 59.5718
    endloop
  endfacet
  facet normal -1 0 0
    outer loop
      vertex 0 87.6 59.578
      vertex 0 129.4 59.5718
      vertex 0 87.6 15.062
    endloop
  endfacet
  facet normal -1 0 0
    outer loop
      vertex 0 129.4 59.5718
      vertex 0 87.6 59.578
      vertex 0 129.4 59.578
    endloop
  endfacet
  facet normal -1 0 0
    outer loop
      vertex 0 134.39 16.9709
      vertex 0 134.4 57.6691
      vertex 0 134.4 16.9709
    endloop
  endfacet
  facet normal -1 0 0
    outer loop
      vertex 0 134.39 16.9709
      vertex 0 134.39 57.6691
      vertex 0 134.4 57.6691
    endloop
  endfacet
  facet normal -1 0 0
    outer loop
      vertex 0 129.426 15.0807
      vertex 0 134.39 57.6691
      vertex 0 134.39 16.9709
    endloop
  endfacet
  facet normal -1 0 0
    outer loop
      vertex 0 129.426 15.0807
      vertex 0 129.426 59.5593
      vertex 0 134.39 57.6691
    endloop
  endfacet
  facet normal -1 0 0
    outer loop
      vertex 0 129.4 15.0682
      vertex 0 129.426 59.5593
      vertex 0 129.426 15.0807
    endloop
  endfacet
  facet normal -1 -0 0
    outer loop
      vertex 0 129.426 59.5593
      vertex 0 129.4 15.0682
      vertex 0 129.4 59.5718
    endloop
  endfacet
  facet normal -1 0 0
    outer loop
      vertex 0 129.4 63.578
      vertex 0 87.6 63.578
      vertex 0 129.4 63.5842
    endloop
  endfacet
  facet normal -1 0 0
    outer loop
      vertex 0 134.39 65.4869
      vertex 0 134.4 73.14
      vertex 0 134.4 65.4869
    endloop
  endfacet
  facet normal -1 0 0
    outer loop
      vertex 0 129.426 63.5967
      vertex 0 134.4 73.14
      vertex 0 134.39 65.4869
    endloop
  endfacet
  facet normal -1 0 0
    outer loop
      vertex 0 129.4 63.5842
      vertex 0 134.4 73.14
      vertex 0 129.426 63.5967
    endloop
  endfacet
  facet normal -1 0 0
    outer loop
      vertex 0 87.6 63.578
      vertex 0 134.4 73.14
      vertex 0 129.4 63.5842
    endloop
  endfacet
  facet normal -1 0 0
    outer loop
      vertex 0 87.6 63.578
      vertex 0 0 73.14
      vertex 0 134.4 73.14
    endloop
  endfacet
  facet normal -1 0 0
    outer loop
      vertex 0 87.6 59.578
      vertex 0 0 73.14
      vertex 0 87.6 63.578
    endloop
  endfacet
  facet normal 0 0 -1
    outer loop
      vertex 135.334 87.6 0
      vertex 144.62 134.4 0
      vertex 144.62 0 0
    endloop
  endfacet
  facet normal 0 -0 -1
    outer loop
      vertex 135.34 129.4 0
      vertex 144.62 134.4 0
      vertex 135.334 87.6 0
    endloop
  endfacet
  facet normal 0 0 -1
    outer loop
      vertex 144.62 134.4 0
      vertex 135.353 129.426 0
      vertex 137.243 134.39 0
    endloop
  endfacet
  facet normal 0 0 -1
    outer loop
      vertex 144.62 134.4 0
      vertex 135.34 129.4 0
      vertex 135.353 129.426 0
    endloop
  endfacet
  facet normal 0 0 -1
    outer loop
      vertex 144.62 0 0
      vertex 131.334 87.6 0
      vertex 135.334 87.6 0
    endloop
  endfacet
  facet normal 0 0 -1
    outer loop
      vertex 131.334 87.6 0
      vertex 131.328 129.4 0
      vertex 131.334 129.4 0
    endloop
  endfacet
  facet normal 0 0 -1
    outer loop
      vertex 87.8522 129.4 0
      vertex 131.328 129.4 0
      vertex 131.334 87.6 0
    endloop
  endfacet
  facet normal 0 0 -1
    outer loop
      vertex 131.328 129.4 0
      vertex 87.8522 129.4 0
      vertex 131.315 129.426 0
    endloop
  endfacet
  facet normal 0 0 -1
    outer loop
      vertex 129.425 134.39 0
      vertex 89.7549 134.39 0
      vertex 129.425 134.4 0
    endloop
  endfacet
  facet normal 0 -0 -1
    outer loop
      vertex 87.8647 129.426 0
      vertex 131.315 129.426 0
      vertex 87.8522 129.4 0
    endloop
  endfacet
  facet normal 0 0 -1
    outer loop
      vertex 87.846 87.6 0
      vertex 131.334 87.6 0
      vertex 144.62 0 0
    endloop
  endfacet
  facet normal 0 -0 -1
    outer loop
      vertex 87.8522 129.4 0
      vertex 131.334 87.6 0
      vertex 87.846 87.6 0
    endloop
  endfacet
  facet normal -0 0 -1
    outer loop
      vertex 129.425 134.39 0
      vertex 87.8647 129.426 0
      vertex 89.7549 134.39 0
    endloop
  endfacet
  facet normal 0 0 -1
    outer loop
      vertex 131.315 129.426 0
      vertex 87.8647 129.426 0
      vertex 129.425 134.39 0
    endloop
  endfacet
  facet normal 0 0 -1
    outer loop
      vertex 144.62 0 0
      vertex 83.846 87.6 0
      vertex 87.846 87.6 0
    endloop
  endfacet
  facet normal 0 0 -1
    outer loop
      vertex 83.846 87.6 0
      vertex 83.8398 129.4 0
      vertex 83.846 129.4 0
    endloop
  endfacet
  facet normal 0 0 -1
    outer loop
      vertex 62.2802 129.4 0
      vertex 83.8398 129.4 0
      vertex 83.846 87.6 0
    endloop
  endfacet
  facet normal 0 0 -1
    outer loop
      vertex 83.8398 129.4 0
      vertex 62.2802 129.4 0
      vertex 83.8273 129.426 0
    endloop
  endfacet
  facet normal 0 0 -1
    outer loop
      vertex 81.9371 134.39 0
      vertex 64.1829 134.39 0
      vertex 81.9371 134.4 0
    endloop
  endfacet
  facet normal 0 -0 -1
    outer loop
      vertex 62.2927 129.426 0
      vertex 83.8273 129.426 0
      vertex 62.2802 129.4 0
    endloop
  endfacet
  facet normal -0 0 -1
    outer loop
      vertex 81.9371 134.39 0
      vertex 62.2927 129.426 0
      vertex 64.1829 134.39 0
    endloop
  endfacet
  facet normal 0 0 -1
    outer loop
      vertex 83.8273 129.426 0
      vertex 62.2927 129.426 0
      vertex 81.9371 134.39 0
    endloop
  endfacet
  facet normal 0 0 -1
    outer loop
      vertex 83.846 87.6 0
      vertex 62.274 87.6 0
      vertex 62.2802 129.4 0
    endloop
  endfacet
  facet normal 0 0 -1
    outer loop
      vertex 144.62 0 0
      vertex 62.274 87.6 0
      vertex 83.846 87.6 0
    endloop
  endfacet
  facet normal 0 0 -1
    outer loop
      vertex 1.5 0 0
      vertex 62.274 87.6 0
      vertex 144.62 0 0
    endloop
  endfacet
  facet normal 0 0 -1
    outer loop
      vertex 58.274 87.6 0
      vertex 58.2678 129.4 0
      vertex 58.274 129.4 0
    endloop
  endfacet
  facet normal 0 0 -1
    outer loop
      vertex 14.7922 129.4 0
      vertex 58.2678 129.4 0
      vertex 58.274 87.6 0
    endloop
  endfacet
  facet normal 0 0 -1
    outer loop
      vertex 58.2678 129.4 0
      vertex 14.7922 129.4 0
      vertex 58.2553 129.426 0
    endloop
  endfacet
  facet normal 0 0 -1
    outer loop
      vertex 56.3651 134.39 0
      vertex 16.6949 134.39 0
      vertex 56.3651 134.4 0
    endloop
  endfacet
  facet normal 0 -0 -1
    outer loop
      vertex 14.8047 129.426 0
      vertex 58.2553 129.426 0
      vertex 14.7922 129.4 0
    endloop
  endfacet
  facet normal -0 0 -1
    outer loop
      vertex 56.3651 134.39 0
      vertex 14.8047 129.426 0
      vertex 16.6949 134.39 0
    endloop
  endfacet
  facet normal -0 0 -1
    outer loop
      vertex 62.274 87.6 0
      vertex 1.5 0 0
      vertex 58.274 87.6 0
    endloop
  endfacet
  facet normal 0 -0 -1
    outer loop
      vertex 14.7922 129.4 0
      vertex 58.274 87.6 0
      vertex 14.786 87.6 0
    endloop
  endfacet
  facet normal 0 0 -1
    outer loop
      vertex 58.2553 129.426 0
      vertex 14.8047 129.426 0
      vertex 56.3651 134.39 0
    endloop
  endfacet
  facet normal -0 0 -1
    outer loop
      vertex 58.274 87.6 0
      vertex 1.5 0 0
      vertex 14.786 87.6 0
    endloop
  endfacet
  facet normal 0 0 -1
    outer loop
      vertex 10.786 87.6 0
      vertex 10.7798 129.4 0
      vertex 10.786 129.4 0
    endloop
  endfacet
  facet normal 0 0 -1
    outer loop
      vertex 1.5 134.4 0
      vertex 10.7798 129.4 0
      vertex 10.786 87.6 0
    endloop
  endfacet
  facet normal 0 0 -1
    outer loop
      vertex 10.7798 129.4 0
      vertex 1.5 134.4 0
      vertex 10.7673 129.426 0
    endloop
  endfacet
  facet normal -0 0 -1
    outer loop
      vertex 14.786 87.6 0
      vertex 1.5 0 0
      vertex 10.786 87.6 0
    endloop
  endfacet
  facet normal 0 0 -1
    outer loop
      vertex 1.5 134.4 0
      vertex 10.786 87.6 0
      vertex 1.5 0 0
    endloop
  endfacet
  facet normal 0 0 -1
    outer loop
      vertex 10.7673 129.426 0
      vertex 1.5 134.4 0
      vertex 8.87712 134.39 0
    endloop
  endfacet
  facet normal 0 0 -1
    outer loop
      vertex 8.87712 134.39 0
      vertex 1.5 134.4 0
      vertex 8.87712 134.4 0
    endloop
  endfacet
  facet normal -0 0 -1
    outer loop
      vertex 144.62 134.4 0
      vertex 137.243 134.39 0
      vertex 137.243 134.4 0
    endloop
  endfacet
  facet normal -0 0 -1
    outer loop
      vertex 135.34 129.4 0
      vertex 135.334 87.6 0
      vertex 135.334 129.4 0
    endloop
  endfacet
  facet normal -0 0 -1
    outer loop
      vertex 129.425 134.4 0
      vertex 89.7549 134.39 0
      vertex 89.7549 134.4 0
    endloop
  endfacet
  facet normal -0 0 -1
    outer loop
      vertex 87.8522 129.4 0
      vertex 87.846 87.6 0
      vertex 87.846 129.4 0
    endloop
  endfacet
  facet normal -0 0 -1
    outer loop
      vertex 81.9371 134.4 0
      vertex 64.1829 134.39 0
      vertex 64.1829 134.4 0
    endloop
  endfacet
  facet normal -0 0 -1
    outer loop
      vertex 62.2802 129.4 0
      vertex 62.274 87.6 0
      vertex 62.274 129.4 0
    endloop
  endfacet
  facet normal -0 0 -1
    outer loop
      vertex 56.3651 134.4 0
      vertex 16.6949 134.39 0
      vertex 16.6949 134.4 0
    endloop
  endfacet
  facet normal -0 0 -1
    outer loop
      vertex 14.7922 129.4 0
      vertex 14.786 87.6 0
      vertex 14.786 129.4 0
    endloop
  endfacet
  facet normal 0 -1 0
    outer loop
      vertex 2.4 0 72.24
      vertex 1.5 0 74.64
      vertex 0 0 73.14
    endloop
  endfacet
  facet normal 0 -1 0
    outer loop
      vertex 1.5 0 74.64
      vertex 2.4 0 72.24
      vertex 144.62 0 74.64
    endloop
  endfacet
  facet normal 0 -1 0
    outer loop
      vertex 143.72 0 72.24
      vertex 144.62 0 74.64
      vertex 2.4 0 72.24
    endloop
  endfacet
  facet normal 0 -1 0
    outer loop
      vertex 0 0 73.14
      vertex 2.4 0 2.4
      vertex 2.4 0 72.24
    endloop
  endfacet
  facet normal 0 -1 0
    outer loop
      vertex 1.5 0 0
      vertex 2.4 0 2.4
      vertex 0 0 1.5
    endloop
  endfacet
  facet normal 0 -1 0
    outer loop
      vertex 0 0 1.5
      vertex 2.4 0 2.4
      vertex 0 0 73.14
    endloop
  endfacet
  facet normal 0 -1 -0
    outer loop
      vertex 144.62 0 74.64
      vertex 143.72 0 72.24
      vertex 146.12 0 73.14
    endloop
  endfacet
  facet normal 0 -1 0
    outer loop
      vertex 143.72 0 2.4
      vertex 146.12 0 73.14
      vertex 143.72 0 72.24
    endloop
  endfacet
  facet normal 0 -1 0
    outer loop
      vertex 143.72 0 2.4
      vertex 146.12 0 1.5
      vertex 146.12 0 73.14
    endloop
  endfacet
  facet normal 0 -1 -0
    outer loop
      vertex 2.4 0 2.4
      vertex 1.5 0 0
      vertex 143.72 0 2.4
    endloop
  endfacet
  facet normal 0 -1 0
    outer loop
      vertex 144.62 0 0
      vertex 143.72 0 2.4
      vertex 1.5 0 0
    endloop
  endfacet
  facet normal 0 -1 0
    outer loop
      vertex 143.72 0 2.4
      vertex 144.62 0 0
      vertex 146.12 0 1.5
    endloop
  endfacet
  facet normal 0.707107 -0 0.707107
    outer loop
      vertex 144.62 0 74.64
      vertex 146.12 134.4 73.14
      vertex 144.62 134.4 74.64
    endloop
  endfacet
  facet normal 0.707107 0 0.707107
    outer loop
      vertex 146.12 134.4 73.14
      vertex 144.62 0 74.64
      vertex 146.12 0 73.14
    endloop
  endfacet
  facet normal -0.707107 0 -0.707107
    outer loop
      vertex 1.5 0 0
      vertex 0 134.4 1.5
      vertex 1.5 134.4 0
    endloop
  endfacet
  facet normal -0.707107 -0 -0.707107
    outer loop
      vertex 0 134.4 1.5
      vertex 1.5 0 0
      vertex 0 0 1.5
    endloop
  endfacet
  facet normal 1 0 0
    outer loop
      vertex 146.12 134.4 73.14
      vertex 146.12 134.39 65.4869
      vertex 146.12 134.4 65.4869
    endloop
  endfacet
  facet normal 1 0 0
    outer loop
      vertex 146.12 134.4 73.14
      vertex 146.12 129.426 63.5967
      vertex 146.12 134.39 65.4869
    endloop
  endfacet
  facet normal 1 0 0
    outer loop
      vertex 146.12 134.4 73.14
      vertex 146.12 129.4 63.5842
      vertex 146.12 129.426 63.5967
    endloop
  endfacet
  facet normal 1 0 0
    outer loop
      vertex 146.12 129.4 63.5842
      vertex 146.12 87.6 63.578
      vertex 146.12 129.4 63.578
    endloop
  endfacet
  facet normal 1 0 0
    outer loop
      vertex 146.12 134.4 73.14
      vertex 146.12 87.6 63.578
      vertex 146.12 129.4 63.5842
    endloop
  endfacet
  facet normal 1 0 0
    outer loop
      vertex 146.12 0 73.14
      vertex 146.12 87.6 59.578
      vertex 146.12 87.6 63.578
    endloop
  endfacet
  facet normal 1 0 0
    outer loop
      vertex 146.12 87.6 59.578
      vertex 146.12 0 73.14
      vertex 146.12 87.6 15.062
    endloop
  endfacet
  facet normal 1 0 0
    outer loop
      vertex 146.12 0 1.5
      vertex 146.12 87.6 15.062
      vertex 146.12 0 73.14
    endloop
  endfacet
  facet normal 1 -0 0
    outer loop
      vertex 146.12 0 73.14
      vertex 146.12 87.6 63.578
      vertex 146.12 134.4 73.14
    endloop
  endfacet
  facet normal 1 -0 0
    outer loop
      vertex 146.12 87.6 59.578
      vertex 146.12 129.4 59.5718
      vertex 146.12 129.4 59.578
    endloop
  endfacet
  facet normal 1 0 0
    outer loop
      vertex 146.12 129.4 59.5718
      vertex 146.12 87.6 59.578
      vertex 146.12 129.4 15.0682
    endloop
  endfacet
  facet normal 1 0 0
    outer loop
      vertex 146.12 87.6 15.062
      vertex 146.12 129.4 15.0682
      vertex 146.12 87.6 59.578
    endloop
  endfacet
  facet normal 1 0 0
    outer loop
      vertex 146.12 129.4 15.0682
      vertex 146.12 87.6 15.062
      vertex 146.12 129.4 15.062
    endloop
  endfacet
  facet normal 1 -0 0
    outer loop
      vertex 146.12 134.39 57.6691
      vertex 146.12 134.4 16.9709
      vertex 146.12 134.4 57.6691
    endloop
  endfacet
  facet normal 1 0 0
    outer loop
      vertex 146.12 134.39 57.6691
      vertex 146.12 134.39 16.9709
      vertex 146.12 134.4 16.9709
    endloop
  endfacet
  facet normal 1 0 0
    outer loop
      vertex 146.12 129.426 59.5593
      vertex 146.12 134.39 16.9709
      vertex 146.12 134.39 57.6691
    endloop
  endfacet
  facet normal 1 0 0
    outer loop
      vertex 146.12 129.426 59.5593
      vertex 146.12 129.426 15.0807
      vertex 146.12 134.39 16.9709
    endloop
  endfacet
  facet normal 1 0 0
    outer loop
      vertex 146.12 129.4 59.5718
      vertex 146.12 129.426 15.0807
      vertex 146.12 129.426 59.5593
    endloop
  endfacet
  facet normal 1 0 0
    outer loop
      vertex 146.12 129.426 15.0807
      vertex 146.12 129.4 59.5718
      vertex 146.12 129.4 15.0682
    endloop
  endfacet
  facet normal 1 0 0
    outer loop
      vertex 146.12 129.4 11.062
      vertex 146.12 87.6 11.062
      vertex 146.12 129.4 11.0558
    endloop
  endfacet
  facet normal 1 -0 0
    outer loop
      vertex 146.12 134.39 9.15312
      vertex 146.12 134.4 1.5
      vertex 146.12 134.4 9.15312
    endloop
  endfacet
  facet normal 1 0 0
    outer loop
      vertex 146.12 129.426 11.0433
      vertex 146.12 134.4 1.5
      vertex 146.12 134.39 9.15312
    endloop
  endfacet
  facet normal 1 0 0
    outer loop
      vertex 146.12 129.4 11.0558
      vertex 146.12 134.4 1.5
      vertex 146.12 129.426 11.0433
    endloop
  endfacet
  facet normal 1 0 0
    outer loop
      vertex 146.12 87.6 11.062
      vertex 146.12 134.4 1.5
      vertex 146.12 129.4 11.0558
    endloop
  endfacet
  facet normal 1 0 0
    outer loop
      vertex 146.12 87.6 11.062
      vertex 146.12 0 1.5
      vertex 146.12 134.4 1.5
    endloop
  endfacet
  facet normal 1 0 0
    outer loop
      vertex 146.12 87.6 15.062
      vertex 146.12 0 1.5
      vertex 146.12 87.6 11.062
    endloop
  endfacet
  facet normal 0.707107 0 -0.707107
    outer loop
      vertex 146.12 0 1.5
      vertex 144.62 134.4 0
      vertex 146.12 134.4 1.5
    endloop
  endfacet
  facet normal 0.707107 0 -0.707107
    outer loop
      vertex 144.62 134.4 0
      vertex 146.12 0 1.5
      vertex 144.62 0 0
    endloop
  endfacet
  facet normal 1 -0 0
    outer loop
      vertex 142.72 3.4 56.28
      vertex 142.72 3.41 53.82
      vertex 142.72 3.41 56.28
    endloop
  endfacet
  facet normal 1 0 0
    outer loop
      vertex 142.72 3.41 53.82
      vertex 142.72 3.4 56.28
      vertex 142.72 3.4 53.82
    endloop
  endfacet
  facet normal -1 0 0
    outer loop
      vertex 142.72 3.41 38.82
      vertex 142.72 133.4 53.82
      vertex 142.72 133.4 38.82
    endloop
  endfacet
  facet normal -1 -0 0
    outer loop
      vertex 142.72 133.4 53.82
      vertex 142.72 3.41 38.82
      vertex 142.72 3.41 53.82
    endloop
  endfacet
  facet normal -1 0 0
    outer loop
      vertex 142.72 3.41 56.28
      vertex 142.72 133.4 71.28
      vertex 142.72 133.4 56.28
    endloop
  endfacet
  facet normal -1 -0 0
    outer loop
      vertex 142.72 133.4 71.28
      vertex 142.72 3.41 56.28
      vertex 142.72 3.41 71.28
    endloop
  endfacet
  facet normal 1 -0 0
    outer loop
      vertex 142.72 3.4 21.36
      vertex 142.72 3.41 18.9
      vertex 142.72 3.41 21.36
    endloop
  endfacet
  facet normal 1 0 0
    outer loop
      vertex 142.72 3.41 18.9
      vertex 142.72 3.4 21.36
      vertex 142.72 3.4 18.9
    endloop
  endfacet
  facet normal -1 0 0
    outer loop
      vertex 142.72 3.41 2.4
      vertex 142.72 133.4 18.9
      vertex 142.72 133.4 2.4
    endloop
  endfacet
  facet normal -1 -0 0
    outer loop
      vertex 142.72 133.4 18.9
      vertex 142.72 3.41 2.4
      vertex 142.72 3.41 18.9
    endloop
  endfacet
  facet normal -1 0 0
    outer loop
      vertex 142.72 3.41 21.36
      vertex 142.72 133.4 36.36
      vertex 142.72 133.4 21.36
    endloop
  endfacet
  facet normal -1 -0 0
    outer loop
      vertex 142.72 133.4 36.36
      vertex 142.72 3.41 21.36
      vertex 142.72 3.41 36.36
    endloop
  endfacet
  facet normal 1 -0 0
    outer loop
      vertex 142.72 3.4 38.82
      vertex 142.72 3.41 36.36
      vertex 142.72 3.41 38.82
    endloop
  endfacet
  facet normal 1 0 0
    outer loop
      vertex 142.72 3.41 36.36
      vertex 142.72 3.4 38.82
      vertex 142.72 3.4 36.36
    endloop
  endfacet
  facet normal 0 0 -1
    outer loop
      vertex 138.82 4.99999 71.28
      vertex 142.72 3.41 71.28
      vertex 138.82 3.6 71.28
    endloop
  endfacet
  facet normal 0 0 -1
    outer loop
      vertex 142.72 3.41 71.28
      vertex 135.36 3.6 71.28
      vertex 138.82 3.6 71.28
    endloop
  endfacet
  facet normal 0 0 -1
    outer loop
      vertex 135.36 3.6 71.28
      vertex 10.76 3.6 71.28
      vertex 135.36 4.99999 71.28
    endloop
  endfacet
  facet normal 0 0 -1
    outer loop
      vertex 142.72 3.41 71.28
      vertex 10.76 3.6 71.28
      vertex 135.36 3.6 71.28
    endloop
  endfacet
  facet normal 0 0 -1
    outer loop
      vertex 3.4 3.41 71.28
      vertex 10.76 3.6 71.28
      vertex 142.72 3.41 71.28
    endloop
  endfacet
  facet normal -0 0 -1
    outer loop
      vertex 7.3 3.6 71.28
      vertex 3.4 3.41 71.28
      vertex 7.3 4.99999 71.28
    endloop
  endfacet
  facet normal -0 0 -1
    outer loop
      vertex 10.76 3.6 71.28
      vertex 3.4 3.41 71.28
      vertex 7.3 3.6 71.28
    endloop
  endfacet
  facet normal 0 0 -1
    outer loop
      vertex 142.72 3.41 71.28
      vertex 138.82 4.99999 71.28
      vertex 142.72 133.4 71.28
    endloop
  endfacet
  facet normal 0 0 -1
    outer loop
      vertex 135.36 4.99999 71.28
      vertex 142.72 133.4 71.28
      vertex 138.82 4.99999 71.28
    endloop
  endfacet
  facet normal 0 0 -1
    outer loop
      vertex 10.76 4.99999 71.28
      vertex 135.36 4.99999 71.28
      vertex 10.76 3.6 71.28
    endloop
  endfacet
  facet normal 0 0 -1
    outer loop
      vertex 135.36 4.99999 71.28
      vertex 10.76 4.99999 71.28
      vertex 142.72 133.4 71.28
    endloop
  endfacet
  facet normal 0 0 -1
    outer loop
      vertex 3.4 133.4 71.28
      vertex 10.76 4.99999 71.28
      vertex 7.3 4.99999 71.28
    endloop
  endfacet
  facet normal 0 0 -1
    outer loop
      vertex 3.4 133.4 71.28
      vertex 7.3 4.99999 71.28
      vertex 3.4 3.41 71.28
    endloop
  endfacet
  facet normal 0 0 -1
    outer loop
      vertex 10.76 4.99999 71.28
      vertex 3.4 133.4 71.28
      vertex 142.72 133.4 71.28
    endloop
  endfacet
  facet normal 0 0 1
    outer loop
      vertex 142.72 133.4 2.4
      vertex 3.4 133.4 2.4
      vertex 142.72 3.41 2.4
    endloop
  endfacet
  facet normal -0 0 1
    outer loop
      vertex 142.72 3.41 2.4
      vertex 143.72 0 2.4
      vertex 143.72 3.41 2.4
    endloop
  endfacet
  facet normal 0 0 1
    outer loop
      vertex 3.4 3.41 2.4
      vertex 142.72 3.41 2.4
      vertex 3.4 133.4 2.4
    endloop
  endfacet
  facet normal 0 0 1
    outer loop
      vertex 142.72 3.41 2.4
      vertex 3.4 3.41 2.4
      vertex 143.72 0 2.4
    endloop
  endfacet
  facet normal 0 0 1
    outer loop
      vertex 2.4 0 2.4
      vertex 3.4 3.41 2.4
      vertex 2.4 3.41 2.4
    endloop
  endfacet
  facet normal 0 0 1
    outer loop
      vertex 3.4 3.41 2.4
      vertex 2.4 0 2.4
      vertex 143.72 0 2.4
    endloop
  endfacet
  facet normal -1 0 0
    outer loop
      vertex 3.4 3.4 53.82
      vertex 3.4 3.41 56.28
      vertex 3.4 3.41 53.82
    endloop
  endfacet
  facet normal -1 -0 0
    outer loop
      vertex 3.4 3.41 56.28
      vertex 3.4 3.4 53.82
      vertex 3.4 3.4 56.28
    endloop
  endfacet
  facet normal 1 -0 0
    outer loop
      vertex 3.4 3.41 53.82
      vertex 3.4 133.4 38.82
      vertex 3.4 133.4 53.82
    endloop
  endfacet
  facet normal 1 0 0
    outer loop
      vertex 3.4 133.4 38.82
      vertex 3.4 3.41 53.82
      vertex 3.4 3.41 38.82
    endloop
  endfacet
  facet normal 1 -0 0
    outer loop
      vertex 3.4 3.41 71.28
      vertex 3.4 133.4 56.28
      vertex 3.4 133.4 71.28
    endloop
  endfacet
  facet normal 1 0 0
    outer loop
      vertex 3.4 133.4 56.28
      vertex 3.4 3.41 71.28
      vertex 3.4 3.41 56.28
    endloop
  endfacet
  facet normal -1 0 0
    outer loop
      vertex 3.4 3.4 18.9
      vertex 3.4 3.41 21.36
      vertex 3.4 3.41 18.9
    endloop
  endfacet
  facet normal -1 -0 0
    outer loop
      vertex 3.4 3.41 21.36
      vertex 3.4 3.4 18.9
      vertex 3.4 3.4 21.36
    endloop
  endfacet
  facet normal 1 -0 0
    outer loop
      vertex 3.4 3.41 18.9
      vertex 3.4 133.4 2.4
      vertex 3.4 133.4 18.9
    endloop
  endfacet
  facet normal 1 0 0
    outer loop
      vertex 3.4 133.4 2.4
      vertex 3.4 3.41 18.9
      vertex 3.4 3.41 2.4
    endloop
  endfacet
  facet normal 1 -0 0
    outer loop
      vertex 3.4 3.41 36.36
      vertex 3.4 133.4 21.36
      vertex 3.4 133.4 36.36
    endloop
  endfacet
  facet normal 1 0 0
    outer loop
      vertex 3.4 133.4 21.36
      vertex 3.4 3.41 36.36
      vertex 3.4 3.41 21.36
    endloop
  endfacet
  facet normal -1 0 0
    outer loop
      vertex 3.4 3.4 36.36
      vertex 3.4 3.41 38.82
      vertex 3.4 3.41 36.36
    endloop
  endfacet
  facet normal -1 -0 0
    outer loop
      vertex 3.4 3.41 38.82
      vertex 3.4 3.4 36.36
      vertex 3.4 3.4 38.82
    endloop
  endfacet
  facet normal 0 -1 0
    outer loop
      vertex 12.47 133.4 54.78
      vertex 3.4 133.4 71.28
      vertex 3.4 133.4 56.28
    endloop
  endfacet
  facet normal 0 -1 0
    outer loop
      vertex 3.4 133.4 71.28
      vertex 12.47 133.4 54.78
      vertex 142.72 133.4 71.28
    endloop
  endfacet
  facet normal 0 -1 0
    outer loop
      vertex 4.9 133.4 54.78
      vertex 3.4 133.4 56.28
      vertex 3.4511 133.4 55.8918
    endloop
  endfacet
  facet normal 0 -1 0
    outer loop
      vertex 133.65 133.4 54.78
      vertex 142.72 133.4 71.28
      vertex 12.47 133.4 54.78
    endloop
  endfacet
  facet normal 0 -1 0
    outer loop
      vertex 4.9 133.4 54.78
      vertex 3.4511 133.4 55.8918
      vertex 3.60096 133.4 55.53
    endloop
  endfacet
  facet normal 0 -1 -0
    outer loop
      vertex 142.72 133.4 71.28
      vertex 133.65 133.4 54.78
      vertex 142.72 133.4 56.28
    endloop
  endfacet
  facet normal 0 -1 0
    outer loop
      vertex 4.9 133.4 54.78
      vertex 3.60096 133.4 55.53
      vertex 3.83933 133.4 55.2193
    endloop
  endfacet
  facet normal 0 -1 0
    outer loop
      vertex 141.22 133.4 54.78
      vertex 142.72 133.4 56.28
      vertex 133.65 133.4 54.78
    endloop
  endfacet
  facet normal 0 -1 0
    outer loop
      vertex 4.9 133.4 54.78
      vertex 3.83933 133.4 55.2193
      vertex 4.15 133.4 54.9809
    endloop
  endfacet
  facet normal 0 -1 0
    outer loop
      vertex 142.72 133.4 56.28
      vertex 141.22 133.4 54.78
      vertex 142.669 133.4 55.8918
    endloop
  endfacet
  facet normal 0 -1 0
    outer loop
      vertex 4.9 133.4 54.78
      vertex 4.15 133.4 54.9809
      vertex 4.51177 133.4 54.8311
    endloop
  endfacet
  facet normal 0 -1 0
    outer loop
      vertex 142.669 133.4 55.8918
      vertex 141.22 133.4 54.78
      vertex 142.519 133.4 55.53
    endloop
  endfacet
  facet normal 0 -1 0
    outer loop
      vertex 142.519 133.4 55.53
      vertex 141.22 133.4 54.78
      vertex 142.281 133.4 55.2193
    endloop
  endfacet
  facet normal 0 -1 0
    outer loop
      vertex 3.4 133.4 56.28
      vertex 4.9 133.4 54.78
      vertex 12.47 133.4 54.78
    endloop
  endfacet
  facet normal 0 -1 0
    outer loop
      vertex 142.281 133.4 55.2193
      vertex 141.22 133.4 54.78
      vertex 141.97 133.4 54.9809
    endloop
  endfacet
  facet normal 0 -1 0
    outer loop
      vertex 141.97 133.4 54.9809
      vertex 141.22 133.4 54.78
      vertex 141.608 133.4 54.8311
    endloop
  endfacet
  facet normal 0 -1 0
    outer loop
      vertex 12.47 133.4 37.32
      vertex 3.4 133.4 53.82
      vertex 3.4 133.4 38.82
    endloop
  endfacet
  facet normal 0 -1 0
    outer loop
      vertex 3.4 133.4 53.82
      vertex 12.47 133.4 37.32
      vertex 142.72 133.4 53.82
    endloop
  endfacet
  facet normal 0 -1 0
    outer loop
      vertex 4.9 133.4 37.32
      vertex 3.4 133.4 38.82
      vertex 3.4511 133.4 38.4318
    endloop
  endfacet
  facet normal 0 -1 0
    outer loop
      vertex 133.65 133.4 37.32
      vertex 142.72 133.4 53.82
      vertex 12.47 133.4 37.32
    endloop
  endfacet
  facet normal 0 -1 0
    outer loop
      vertex 4.9 133.4 37.32
      vertex 3.4511 133.4 38.4318
      vertex 3.60096 133.4 38.07
    endloop
  endfacet
  facet normal 0 -1 -0
    outer loop
      vertex 142.72 133.4 53.82
      vertex 133.65 133.4 37.32
      vertex 142.72 133.4 38.82
    endloop
  endfacet
  facet normal 0 -1 0
    outer loop
      vertex 4.9 133.4 37.32
      vertex 3.60096 133.4 38.07
      vertex 3.83933 133.4 37.7593
    endloop
  endfacet
  facet normal 0 -1 0
    outer loop
      vertex 141.22 133.4 37.32
      vertex 142.72 133.4 38.82
      vertex 133.65 133.4 37.32
    endloop
  endfacet
  facet normal 0 -1 0
    outer loop
      vertex 4.9 133.4 37.32
      vertex 3.83933 133.4 37.7593
      vertex 4.15 133.4 37.521
    endloop
  endfacet
  facet normal 0 -1 0
    outer loop
      vertex 142.72 133.4 38.82
      vertex 141.22 133.4 37.32
      vertex 142.669 133.4 38.4318
    endloop
  endfacet
  facet normal 0 -1 0
    outer loop
      vertex 4.9 133.4 37.32
      vertex 4.15 133.4 37.521
      vertex 4.51177 133.4 37.3711
    endloop
  endfacet
  facet normal 0 -1 0
    outer loop
      vertex 142.669 133.4 38.4318
      vertex 141.22 133.4 37.32
      vertex 142.519 133.4 38.07
    endloop
  endfacet
  facet normal 0 -1 0
    outer loop
      vertex 142.519 133.4 38.07
      vertex 141.22 133.4 37.32
      vertex 142.281 133.4 37.7593
    endloop
  endfacet
  facet normal 0 -1 0
    outer loop
      vertex 3.4 133.4 38.82
      vertex 4.9 133.4 37.32
      vertex 12.47 133.4 37.32
    endloop
  endfacet
  facet normal 0 -1 0
    outer loop
      vertex 142.281 133.4 37.7593
      vertex 141.22 133.4 37.32
      vertex 141.97 133.4 37.521
    endloop
  endfacet
  facet normal 0 -1 0
    outer loop
      vertex 141.97 133.4 37.521
      vertex 141.22 133.4 37.32
      vertex 141.608 133.4 37.3711
    endloop
  endfacet
  facet normal 0 -1 0
    outer loop
      vertex 12.47 133.4 19.86
      vertex 3.4 133.4 36.36
      vertex 3.4 133.4 21.36
    endloop
  endfacet
  facet normal 0 -1 0
    outer loop
      vertex 3.4 133.4 36.36
      vertex 12.47 133.4 19.86
      vertex 142.72 133.4 36.36
    endloop
  endfacet
  facet normal 0 -1 0
    outer loop
      vertex 4.9 133.4 19.86
      vertex 3.4 133.4 21.36
      vertex 3.4511 133.4 20.9718
    endloop
  endfacet
  facet normal 0 -1 0
    outer loop
      vertex 133.65 133.4 19.86
      vertex 142.72 133.4 36.36
      vertex 12.47 133.4 19.86
    endloop
  endfacet
  facet normal 0 -1 0
    outer loop
      vertex 4.9 133.4 19.86
      vertex 3.4511 133.4 20.9718
      vertex 3.60096 133.4 20.61
    endloop
  endfacet
  facet normal 0 -1 -0
    outer loop
      vertex 142.72 133.4 36.36
      vertex 133.65 133.4 19.86
      vertex 142.72 133.4 21.36
    endloop
  endfacet
  facet normal 0 -1 0
    outer loop
      vertex 4.9 133.4 19.86
      vertex 3.60096 133.4 20.61
      vertex 3.83933 133.4 20.2993
    endloop
  endfacet
  facet normal 0 -1 0
    outer loop
      vertex 141.22 133.4 19.86
      vertex 142.72 133.4 21.36
      vertex 133.65 133.4 19.86
    endloop
  endfacet
  facet normal 0 -1 0
    outer loop
      vertex 4.9 133.4 19.86
      vertex 3.83933 133.4 20.2993
      vertex 4.15 133.4 20.0609
    endloop
  endfacet
  facet normal 0 -1 0
    outer loop
      vertex 142.72 133.4 21.36
      vertex 141.22 133.4 19.86
      vertex 142.669 133.4 20.9718
    endloop
  endfacet
  facet normal 0 -1 0
    outer loop
      vertex 4.9 133.4 19.86
      vertex 4.15 133.4 20.0609
      vertex 4.51177 133.4 19.9111
    endloop
  endfacet
  facet normal 0 -1 0
    outer loop
      vertex 142.669 133.4 20.9718
      vertex 141.22 133.4 19.86
      vertex 142.519 133.4 20.61
    endloop
  endfacet
  facet normal 0 -1 0
    outer loop
      vertex 142.519 133.4 20.61
      vertex 141.22 133.4 19.86
      vertex 142.281 133.4 20.2993
    endloop
  endfacet
  facet normal 0 -1 0
    outer loop
      vertex 3.4 133.4 21.36
      vertex 4.9 133.4 19.86
      vertex 12.47 133.4 19.86
    endloop
  endfacet
  facet normal 0 -1 0
    outer loop
      vertex 142.281 133.4 20.2993
      vertex 141.22 133.4 19.86
      vertex 141.97 133.4 20.0609
    endloop
  endfacet
  facet normal 0 -1 0
    outer loop
      vertex 141.97 133.4 20.0609
      vertex 141.22 133.4 19.86
      vertex 141.608 133.4 19.9111
    endloop
  endfacet
  facet normal 0 -1 0
    outer loop
      vertex 3.4 133.4 2.4
      vertex 142.72 133.4 18.9
      vertex 3.4 133.4 18.9
    endloop
  endfacet
  facet normal 0 -1 -0
    outer loop
      vertex 142.72 133.4 18.9
      vertex 3.4 133.4 2.4
      vertex 142.72 133.4 2.4
    endloop
  endfacet
  facet normal -1 0 0
    outer loop
      vertex 143.72 0 2.4
      vertex 143.72 3.41 72.24
      vertex 143.72 3.41 2.4
    endloop
  endfacet
  facet normal -1 -0 0
    outer loop
      vertex 143.72 3.41 72.24
      vertex 143.72 0 2.4
      vertex 143.72 0 72.24
    endloop
  endfacet
  facet normal 0 0 -1
    outer loop
      vertex 2.4 0 72.24
      vertex 143.72 3.41 72.24
      vertex 143.72 0 72.24
    endloop
  endfacet
  facet normal -0 0 -1
    outer loop
      vertex 143.72 3.41 72.24
      vertex 2.4 0 72.24
      vertex 2.4 3.41 72.24
    endloop
  endfacet
  facet normal 1 -0 0
    outer loop
      vertex 2.4 0 72.24
      vertex 2.4 3.41 2.4
      vertex 2.4 3.41 72.24
    endloop
  endfacet
  facet normal 1 0 0
    outer loop
      vertex 2.4 3.41 2.4
      vertex 2.4 0 72.24
      vertex 2.4 0 2.4
    endloop
  endfacet
  facet normal 0 -1 0
    outer loop
      vertex 2.4 3.41 72.24
      vertex 3.4 3.41 71.28
      vertex 143.72 3.41 72.24
    endloop
  endfacet
  facet normal 0 -1 0
    outer loop
      vertex 2.4 3.41 72.24
      vertex 3.4 3.41 56.28
      vertex 3.4 3.41 71.28
    endloop
  endfacet
  facet normal 0 -1 0
    outer loop
      vertex 2.4 3.41 72.24
      vertex 3.4 3.41 53.82
      vertex 3.4 3.41 56.28
    endloop
  endfacet
  facet normal 0 -1 0
    outer loop
      vertex 2.4 3.41 72.24
      vertex 3.4 3.41 38.82
      vertex 3.4 3.41 53.82
    endloop
  endfacet
  facet normal 0 -1 0
    outer loop
      vertex 2.4 3.41 72.24
      vertex 3.4 3.41 36.36
      vertex 3.4 3.41 38.82
    endloop
  endfacet
  facet normal 0 -1 0
    outer loop
      vertex 2.4 3.41 2.4
      vertex 3.4 3.41 36.36
      vertex 2.4 3.41 72.24
    endloop
  endfacet
  facet normal 0 -1 -0
    outer loop
      vertex 3.4 3.41 36.36
      vertex 2.4 3.41 2.4
      vertex 3.4 3.41 21.36
    endloop
  endfacet
  facet normal 0 -1 -0
    outer loop
      vertex 3.4 3.41 21.36
      vertex 2.4 3.41 2.4
      vertex 3.4 3.41 18.9
    endloop
  endfacet
  facet normal 0 -1 -0
    outer loop
      vertex 3.4 3.41 18.9
      vertex 2.4 3.41 2.4
      vertex 3.4 3.41 2.4
    endloop
  endfacet
  facet normal 0 -1 0
    outer loop
      vertex 142.72 3.41 71.28
      vertex 143.72 3.41 72.24
      vertex 3.4 3.41 71.28
    endloop
  endfacet
  facet normal 0 -1 0
    outer loop
      vertex 142.72 3.41 56.28
      vertex 143.72 3.41 72.24
      vertex 142.72 3.41 71.28
    endloop
  endfacet
  facet normal 0 -1 0
    outer loop
      vertex 142.72 3.41 53.82
      vertex 143.72 3.41 72.24
      vertex 142.72 3.41 56.28
    endloop
  endfacet
  facet normal 0 -1 0
    outer loop
      vertex 142.72 3.41 38.82
      vertex 143.72 3.41 72.24
      vertex 142.72 3.41 53.82
    endloop
  endfacet
  facet normal 0 -1 0
    outer loop
      vertex 142.72 3.41 36.36
      vertex 143.72 3.41 72.24
      vertex 142.72 3.41 38.82
    endloop
  endfacet
  facet normal 0 -1 0
    outer loop
      vertex 143.72 3.41 2.4
      vertex 142.72 3.41 36.36
      vertex 142.72 3.41 21.36
    endloop
  endfacet
  facet normal 0 -1 0
    outer loop
      vertex 143.72 3.41 2.4
      vertex 142.72 3.41 21.36
      vertex 142.72 3.41 18.9
    endloop
  endfacet
  facet normal 0 -1 0
    outer loop
      vertex 143.72 3.41 2.4
      vertex 142.72 3.41 18.9
      vertex 142.72 3.41 2.4
    endloop
  endfacet
  facet normal 0 -1 0
    outer loop
      vertex 142.72 3.41 36.36
      vertex 143.72 3.41 2.4
      vertex 143.72 3.41 72.24
    endloop
  endfacet
  facet normal 0 -1 0
    outer loop
      vertex 3.4 3.4 18.9
      vertex 3.4511 3.4 20.9718
      vertex 3.4 3.4 21.36
    endloop
  endfacet
  facet normal 0 -1 0
    outer loop
      vertex 3.4 3.4 18.9
      vertex 3.60096 3.4 20.61
      vertex 3.4511 3.4 20.9718
    endloop
  endfacet
  facet normal 0 -1 0
    outer loop
      vertex 3.4 3.4 18.9
      vertex 3.83933 3.4 20.2993
      vertex 3.60096 3.4 20.61
    endloop
  endfacet
  facet normal 0 -1 0
    outer loop
      vertex 3.4 3.4 18.9
      vertex 4.15 3.4 20.0609
      vertex 3.83933 3.4 20.2993
    endloop
  endfacet
  facet normal 0 -1 0
    outer loop
      vertex 3.4 3.4 18.9
      vertex 4.51177 3.4 19.9111
      vertex 4.15 3.4 20.0609
    endloop
  endfacet
  facet normal 0 -1 0
    outer loop
      vertex 3.4 3.4 18.9
      vertex 4.9 3.4 19.86
      vertex 4.51177 3.4 19.9111
    endloop
  endfacet
  facet normal 0 -1 0
    outer loop
      vertex 12.48 3.4 18.9
      vertex 4.9 3.4 19.86
      vertex 3.4 3.4 18.9
    endloop
  endfacet
  facet normal 0 -1 0
    outer loop
      vertex 4.9 3.4 19.86
      vertex 12.48 3.4 18.9
      vertex 12.48 3.4 19.86
    endloop
  endfacet
  facet normal 0.923882 -0 0.382678
    outer loop
      vertex 3.4511 3.4 20.9718
      vertex 3.60096 133.4 20.61
      vertex 3.4511 133.4 20.9718
    endloop
  endfacet
  facet normal 0.923882 0 0.382678
    outer loop
      vertex 3.60096 133.4 20.61
      vertex 3.4511 3.4 20.9718
      vertex 3.60096 3.4 20.61
    endloop
  endfacet
  facet normal 0.793401 -0 0.6087
    outer loop
      vertex 3.60096 3.4 20.61
      vertex 3.83933 133.4 20.2993
      vertex 3.60096 133.4 20.61
    endloop
  endfacet
  facet normal 0.793401 0 0.6087
    outer loop
      vertex 3.83933 133.4 20.2993
      vertex 3.60096 3.4 20.61
      vertex 3.83933 3.4 20.2993
    endloop
  endfacet
  facet normal 0.608785 0 0.793335
    outer loop
      vertex 3.83933 133.4 20.2993
      vertex 4.15 3.4 20.0609
      vertex 4.15 133.4 20.0609
    endloop
  endfacet
  facet normal 0.608785 0 0.793335
    outer loop
      vertex 4.15 3.4 20.0609
      vertex 3.83933 133.4 20.2993
      vertex 3.83933 3.4 20.2993
    endloop
  endfacet
  facet normal 0.382574 0 0.923925
    outer loop
      vertex 4.15 133.4 20.0609
      vertex 4.51177 3.4 19.9111
      vertex 4.51177 133.4 19.9111
    endloop
  endfacet
  facet normal 0.382574 0 0.923925
    outer loop
      vertex 4.51177 3.4 19.9111
      vertex 4.15 133.4 20.0609
      vertex 4.15 3.4 20.0609
    endloop
  endfacet
  facet normal 0.130497 0 0.991449
    outer loop
      vertex 4.51177 133.4 19.9111
      vertex 4.9 3.4 19.86
      vertex 4.9 133.4 19.86
    endloop
  endfacet
  facet normal 0.130497 0 0.991449
    outer loop
      vertex 4.9 3.4 19.86
      vertex 4.51177 133.4 19.9111
      vertex 4.51177 3.4 19.9111
    endloop
  endfacet
  facet normal 0 0 1
    outer loop
      vertex 12.47 133.4 19.86
      vertex 4.9 133.4 19.86
      vertex 12.47 131.9 19.86
    endloop
  endfacet
  facet normal -0 0 1
    outer loop
      vertex 12.47 131.9 19.86
      vertex 12.48 3.4 19.86
      vertex 12.48 131.9 19.86
    endloop
  endfacet
  facet normal 0 0 1
    outer loop
      vertex 4.9 3.4 19.86
      vertex 12.47 131.9 19.86
      vertex 4.9 133.4 19.86
    endloop
  endfacet
  facet normal 0 0 1
    outer loop
      vertex 12.47 131.9 19.86
      vertex 4.9 3.4 19.86
      vertex 12.48 3.4 19.86
    endloop
  endfacet
  facet normal 1 -0 0
    outer loop
      vertex 12.48 3.4 19.86
      vertex 12.48 131.9 18.9
      vertex 12.48 131.9 19.86
    endloop
  endfacet
  facet normal 1 0 0
    outer loop
      vertex 12.48 131.9 18.9
      vertex 12.48 3.4 19.86
      vertex 12.48 3.4 18.9
    endloop
  endfacet
  facet normal 0 0 -1
    outer loop
      vertex 10.76 4.99999 18.9
      vertex 12.48 3.4 18.9
      vertex 10.76 3.6 18.9
    endloop
  endfacet
  facet normal 0 0 -1
    outer loop
      vertex 12.48 3.4 18.9
      vertex 7.3 3.6 18.9
      vertex 10.76 3.6 18.9
    endloop
  endfacet
  facet normal 0 0 -1
    outer loop
      vertex 3.4 3.41 18.9
      vertex 7.3 3.6 18.9
      vertex 3.4 3.4 18.9
    endloop
  endfacet
  facet normal 0 0 -1
    outer loop
      vertex 3.4 3.4 18.9
      vertex 7.3 3.6 18.9
      vertex 12.48 3.4 18.9
    endloop
  endfacet
  facet normal 0 0 -1
    outer loop
      vertex 138.82 3.6 18.9
      vertex 142.72 3.41 18.9
      vertex 142.72 3.4 18.9
    endloop
  endfacet
  facet normal 0 0 -1
    outer loop
      vertex 142.72 3.41 18.9
      vertex 138.82 3.6 18.9
      vertex 138.82 4.99999 18.9
    endloop
  endfacet
  facet normal 0 0 -1
    outer loop
      vertex 133.64 3.4 18.9
      vertex 138.82 3.6 18.9
      vertex 142.72 3.4 18.9
    endloop
  endfacet
  facet normal -0 0 -1
    outer loop
      vertex 135.36 3.6 18.9
      vertex 133.64 3.4 18.9
      vertex 135.36 4.99999 18.9
    endloop
  endfacet
  facet normal -0 0 -1
    outer loop
      vertex 138.82 3.6 18.9
      vertex 133.64 3.4 18.9
      vertex 135.36 3.6 18.9
    endloop
  endfacet
  facet normal 0 0 -1
    outer loop
      vertex 142.72 3.41 18.9
      vertex 138.82 4.99999 18.9
      vertex 142.72 133.4 18.9
    endloop
  endfacet
  facet normal 0 0 -1
    outer loop
      vertex 133.64 131.9 18.9
      vertex 138.82 4.99999 18.9
      vertex 135.36 4.99999 18.9
    endloop
  endfacet
  facet normal 0 0 -1
    outer loop
      vertex 133.64 131.9 18.9
      vertex 135.36 4.99999 18.9
      vertex 133.64 3.4 18.9
    endloop
  endfacet
  facet normal 0 0 -1
    outer loop
      vertex 138.82 4.99999 18.9
      vertex 133.64 131.9 18.9
      vertex 142.72 133.4 18.9
    endloop
  endfacet
  facet normal 0 0 -1
    outer loop
      vertex 12.48 131.9 18.9
      vertex 142.72 133.4 18.9
      vertex 133.64 131.9 18.9
    endloop
  endfacet
  facet normal 0 0 -1
    outer loop
      vertex 12.48 3.4 18.9
      vertex 10.76 4.99999 18.9
      vertex 12.48 131.9 18.9
    endloop
  endfacet
  facet normal 0 0 -1
    outer loop
      vertex 7.3 4.99999 18.9
      vertex 12.48 131.9 18.9
      vertex 10.76 4.99999 18.9
    endloop
  endfacet
  facet normal -0 0 -1
    outer loop
      vertex 7.3 3.6 18.9
      vertex 3.4 3.41 18.9
      vertex 7.3 4.99999 18.9
    endloop
  endfacet
  facet normal 0 0 -1
    outer loop
      vertex 3.4 133.4 18.9
      vertex 7.3 4.99999 18.9
      vertex 3.4 3.41 18.9
    endloop
  endfacet
  facet normal 0 0 -1
    outer loop
      vertex 12.48 131.9 18.9
      vertex 3.4 133.4 18.9
      vertex 142.72 133.4 18.9
    endloop
  endfacet
  facet normal 0 0 -1
    outer loop
      vertex 7.3 4.99999 18.9
      vertex 3.4 133.4 18.9
      vertex 12.48 131.9 18.9
    endloop
  endfacet
  facet normal 0.991447 -0 0.130507
    outer loop
      vertex 3.4 3.41 21.36
      vertex 3.4511 133.4 20.9718
      vertex 3.4 133.4 21.36
    endloop
  endfacet
  facet normal 0.991447 0 0.130507
    outer loop
      vertex 3.4511 3.4 20.9718
      vertex 3.4 3.41 21.36
      vertex 3.4 3.4 21.36
    endloop
  endfacet
  facet normal 0.991447 0 0.130507
    outer loop
      vertex 3.4 3.41 21.36
      vertex 3.4511 3.4 20.9718
      vertex 3.4511 133.4 20.9718
    endloop
  endfacet
  facet normal 0 -1 0
    outer loop
      vertex 133.64 3.4 19.86
      vertex 133.64 3.4 18.9
      vertex 141.22 3.4 19.86
    endloop
  endfacet
  facet normal 0 -1 0
    outer loop
      vertex 142.669 3.4 20.9718
      vertex 142.72 3.4 18.9
      vertex 142.72 3.4 21.36
    endloop
  endfacet
  facet normal 0 -1 0
    outer loop
      vertex 142.519 3.4 20.61
      vertex 142.72 3.4 18.9
      vertex 142.669 3.4 20.9718
    endloop
  endfacet
  facet normal 0 -1 0
    outer loop
      vertex 142.281 3.4 20.2993
      vertex 142.72 3.4 18.9
      vertex 142.519 3.4 20.61
    endloop
  endfacet
  facet normal 0 -1 0
    outer loop
      vertex 141.97 3.4 20.0609
      vertex 142.72 3.4 18.9
      vertex 142.281 3.4 20.2993
    endloop
  endfacet
  facet normal 0 -1 0
    outer loop
      vertex 141.608 3.4 19.9111
      vertex 142.72 3.4 18.9
      vertex 141.97 3.4 20.0609
    endloop
  endfacet
  facet normal 0 -1 0
    outer loop
      vertex 141.22 3.4 19.86
      vertex 142.72 3.4 18.9
      vertex 141.608 3.4 19.9111
    endloop
  endfacet
  facet normal 0 -1 0
    outer loop
      vertex 142.72 3.4 18.9
      vertex 141.22 3.4 19.86
      vertex 133.64 3.4 18.9
    endloop
  endfacet
  facet normal -0.923755 0 0.382983
    outer loop
      vertex 142.519 3.4 20.61
      vertex 142.669 133.4 20.9718
      vertex 142.519 133.4 20.61
    endloop
  endfacet
  facet normal -0.923755 0 0.382983
    outer loop
      vertex 142.669 133.4 20.9718
      vertex 142.519 3.4 20.61
      vertex 142.669 3.4 20.9718
    endloop
  endfacet
  facet normal -0.793857 0 0.608104
    outer loop
      vertex 142.281 3.4 20.2993
      vertex 142.519 133.4 20.61
      vertex 142.281 133.4 20.2993
    endloop
  endfacet
  facet normal -0.793857 0 0.608104
    outer loop
      vertex 142.519 133.4 20.61
      vertex 142.281 3.4 20.2993
      vertex 142.519 3.4 20.61
    endloop
  endfacet
  facet normal -0.608378 0 0.793647
    outer loop
      vertex 141.97 133.4 20.0609
      vertex 142.281 3.4 20.2993
      vertex 142.281 133.4 20.2993
    endloop
  endfacet
  facet normal -0.608378 0 0.793647
    outer loop
      vertex 142.281 3.4 20.2993
      vertex 141.97 133.4 20.0609
      vertex 141.97 3.4 20.0609
    endloop
  endfacet
  facet normal -0.382367 0 0.924011
    outer loop
      vertex 141.608 133.4 19.9111
      vertex 141.97 3.4 20.0609
      vertex 141.97 133.4 20.0609
    endloop
  endfacet
  facet normal -0.382367 0 0.924011
    outer loop
      vertex 141.97 3.4 20.0609
      vertex 141.608 133.4 19.9111
      vertex 141.608 3.4 19.9111
    endloop
  endfacet
  facet normal -0.130573 0 0.991439
    outer loop
      vertex 141.22 133.4 19.86
      vertex 141.608 3.4 19.9111
      vertex 141.608 133.4 19.9111
    endloop
  endfacet
  facet normal -0.130573 0 0.991439
    outer loop
      vertex 141.608 3.4 19.9111
      vertex 141.22 133.4 19.86
      vertex 141.22 3.4 19.86
    endloop
  endfacet
  facet normal 0 0 1
    outer loop
      vertex 133.65 131.9 19.86
      vertex 141.22 133.4 19.86
      vertex 133.65 133.4 19.86
    endloop
  endfacet
  facet normal 0 0 1
    outer loop
      vertex 141.22 133.4 19.86
      vertex 133.65 131.9 19.86
      vertex 141.22 3.4 19.86
    endloop
  endfacet
  facet normal 0 0 1
    outer loop
      vertex 133.64 3.4 19.86
      vertex 133.65 131.9 19.86
      vertex 133.64 131.9 19.86
    endloop
  endfacet
  facet normal 0 0 1
    outer loop
      vertex 133.65 131.9 19.86
      vertex 133.64 3.4 19.86
      vertex 141.22 3.4 19.86
    endloop
  endfacet
  facet normal -1 0 0
    outer loop
      vertex 133.64 3.4 18.9
      vertex 133.64 131.9 19.86
      vertex 133.64 131.9 18.9
    endloop
  endfacet
  facet normal -1 -0 0
    outer loop
      vertex 133.64 131.9 19.86
      vertex 133.64 3.4 18.9
      vertex 133.64 3.4 19.86
    endloop
  endfacet
  facet normal -0.99148 0 0.130256
    outer loop
      vertex 142.669 133.4 20.9718
      vertex 142.72 3.41 21.36
      vertex 142.72 133.4 21.36
    endloop
  endfacet
  facet normal -0.99148 0 0.130256
    outer loop
      vertex 142.669 3.4 20.9718
      vertex 142.72 3.41 21.36
      vertex 142.669 133.4 20.9718
    endloop
  endfacet
  facet normal -0.99148 0 0.130256
    outer loop
      vertex 142.72 3.41 21.36
      vertex 142.669 3.4 20.9718
      vertex 142.72 3.4 21.36
    endloop
  endfacet
  facet normal -0 0 1
    outer loop
      vertex 12.47 133.4 19.86
      vertex 133.65 131.9 19.86
      vertex 133.65 133.4 19.86
    endloop
  endfacet
  facet normal 0 0 1
    outer loop
      vertex 133.65 131.9 19.86
      vertex 12.47 133.4 19.86
      vertex 12.47 131.9 19.86
    endloop
  endfacet
  facet normal 0 -1 0
    outer loop
      vertex 12.48 131.9 18.9
      vertex 133.64 131.9 19.86
      vertex 12.48 131.9 19.86
    endloop
  endfacet
  facet normal 0 -1 -0
    outer loop
      vertex 133.64 131.9 19.86
      vertex 12.48 131.9 18.9
      vertex 133.64 131.9 18.9
    endloop
  endfacet
  facet normal 0 0 0
    outer loop
      vertex 12.47 131.9 19.86
      vertex 12.48 131.9 19.86
      vertex 133.65 131.9 19.86
    endloop
  endfacet
  facet normal 0 -0 0
    outer loop
      vertex 133.64 131.9 19.86
      vertex 133.65 131.9 19.86
      vertex 12.48 131.9 19.86
    endloop
  endfacet
  facet normal 0 -1 0
    outer loop
      vertex 3.4 3.4 36.36
      vertex 3.4511 3.4 38.4318
      vertex 3.4 3.4 38.82
    endloop
  endfacet
  facet normal 0 -1 0
    outer loop
      vertex 3.4 3.4 36.36
      vertex 3.60096 3.4 38.07
      vertex 3.4511 3.4 38.4318
    endloop
  endfacet
  facet normal 0 -1 0
    outer loop
      vertex 3.4 3.4 36.36
      vertex 3.83933 3.4 37.7593
      vertex 3.60096 3.4 38.07
    endloop
  endfacet
  facet normal 0 -1 0
    outer loop
      vertex 3.4 3.4 36.36
      vertex 4.15 3.4 37.521
      vertex 3.83933 3.4 37.7593
    endloop
  endfacet
  facet normal 0 -1 0
    outer loop
      vertex 3.4 3.4 36.36
      vertex 4.51177 3.4 37.3711
      vertex 4.15 3.4 37.521
    endloop
  endfacet
  facet normal 0 -1 0
    outer loop
      vertex 3.4 3.4 36.36
      vertex 4.9 3.4 37.32
      vertex 4.51177 3.4 37.3711
    endloop
  endfacet
  facet normal 0 -1 0
    outer loop
      vertex 12.48 3.4 36.36
      vertex 4.9 3.4 37.32
      vertex 3.4 3.4 36.36
    endloop
  endfacet
  facet normal 0 -1 0
    outer loop
      vertex 4.9 3.4 37.32
      vertex 12.48 3.4 36.36
      vertex 12.48 3.4 37.32
    endloop
  endfacet
  facet normal 0.923882 -0 0.382678
    outer loop
      vertex 3.4511 3.4 38.4318
      vertex 3.60096 133.4 38.07
      vertex 3.4511 133.4 38.4318
    endloop
  endfacet
  facet normal 0.923882 0 0.382678
    outer loop
      vertex 3.60096 133.4 38.07
      vertex 3.4511 3.4 38.4318
      vertex 3.60096 3.4 38.07
    endloop
  endfacet
  facet normal 0.793401 -0 0.6087
    outer loop
      vertex 3.60096 3.4 38.07
      vertex 3.83933 133.4 37.7593
      vertex 3.60096 133.4 38.07
    endloop
  endfacet
  facet normal 0.793401 0 0.6087
    outer loop
      vertex 3.83933 133.4 37.7593
      vertex 3.60096 3.4 38.07
      vertex 3.83933 3.4 37.7593
    endloop
  endfacet
  facet normal 0.608624 0 0.793459
    outer loop
      vertex 3.83933 133.4 37.7593
      vertex 4.15 3.4 37.521
      vertex 4.15 133.4 37.521
    endloop
  endfacet
  facet normal 0.608624 0 0.793459
    outer loop
      vertex 4.15 3.4 37.521
      vertex 3.83933 133.4 37.7593
      vertex 3.83933 3.4 37.7593
    endloop
  endfacet
  facet normal 0.382792 0 0.923834
    outer loop
      vertex 4.15 133.4 37.521
      vertex 4.51177 3.4 37.3711
      vertex 4.51177 133.4 37.3711
    endloop
  endfacet
  facet normal 0.382792 0 0.923834
    outer loop
      vertex 4.51177 3.4 37.3711
      vertex 4.15 133.4 37.521
      vertex 4.15 3.4 37.521
    endloop
  endfacet
  facet normal 0.130497 0 0.991449
    outer loop
      vertex 4.51177 133.4 37.3711
      vertex 4.9 3.4 37.32
      vertex 4.9 133.4 37.32
    endloop
  endfacet
  facet normal 0.130497 0 0.991449
    outer loop
      vertex 4.9 3.4 37.32
      vertex 4.51177 133.4 37.3711
      vertex 4.51177 3.4 37.3711
    endloop
  endfacet
  facet normal 0 0 1
    outer loop
      vertex 12.47 133.4 37.32
      vertex 4.9 133.4 37.32
      vertex 12.47 131.9 37.32
    endloop
  endfacet
  facet normal -0 0 1
    outer loop
      vertex 12.47 131.9 37.32
      vertex 12.48 3.4 37.32
      vertex 12.48 131.9 37.32
    endloop
  endfacet
  facet normal 0 0 1
    outer loop
      vertex 4.9 3.4 37.32
      vertex 12.47 131.9 37.32
      vertex 4.9 133.4 37.32
    endloop
  endfacet
  facet normal 0 0 1
    outer loop
      vertex 12.47 131.9 37.32
      vertex 4.9 3.4 37.32
      vertex 12.48 3.4 37.32
    endloop
  endfacet
  facet normal 1 -0 0
    outer loop
      vertex 12.48 3.4 37.32
      vertex 12.48 131.9 36.36
      vertex 12.48 131.9 37.32
    endloop
  endfacet
  facet normal 1 0 0
    outer loop
      vertex 12.48 131.9 36.36
      vertex 12.48 3.4 37.32
      vertex 12.48 3.4 36.36
    endloop
  endfacet
  facet normal 0 0 -1
    outer loop
      vertex 10.76 4.99999 36.36
      vertex 12.48 3.4 36.36
      vertex 10.76 3.6 36.36
    endloop
  endfacet
  facet normal 0 0 -1
    outer loop
      vertex 12.48 3.4 36.36
      vertex 7.3 3.6 36.36
      vertex 10.76 3.6 36.36
    endloop
  endfacet
  facet normal 0 0 -1
    outer loop
      vertex 3.4 3.41 36.36
      vertex 7.3 3.6 36.36
      vertex 3.4 3.4 36.36
    endloop
  endfacet
  facet normal 0 0 -1
    outer loop
      vertex 3.4 3.4 36.36
      vertex 7.3 3.6 36.36
      vertex 12.48 3.4 36.36
    endloop
  endfacet
  facet normal 0 0 -1
    outer loop
      vertex 138.82 3.6 36.36
      vertex 142.72 3.41 36.36
      vertex 142.72 3.4 36.36
    endloop
  endfacet
  facet normal 0 0 -1
    outer loop
      vertex 142.72 3.41 36.36
      vertex 138.82 3.6 36.36
      vertex 138.82 4.99999 36.36
    endloop
  endfacet
  facet normal 0 0 -1
    outer loop
      vertex 133.64 3.4 36.36
      vertex 138.82 3.6 36.36
      vertex 142.72 3.4 36.36
    endloop
  endfacet
  facet normal -0 0 -1
    outer loop
      vertex 135.36 3.6 36.36
      vertex 133.64 3.4 36.36
      vertex 135.36 4.99999 36.36
    endloop
  endfacet
  facet normal -0 0 -1
    outer loop
      vertex 138.82 3.6 36.36
      vertex 133.64 3.4 36.36
      vertex 135.36 3.6 36.36
    endloop
  endfacet
  facet normal 0 0 -1
    outer loop
      vertex 142.72 3.41 36.36
      vertex 138.82 4.99999 36.36
      vertex 142.72 133.4 36.36
    endloop
  endfacet
  facet normal 0 0 -1
    outer loop
      vertex 133.64 131.9 36.36
      vertex 138.82 4.99999 36.36
      vertex 135.36 4.99999 36.36
    endloop
  endfacet
  facet normal 0 0 -1
    outer loop
      vertex 133.64 131.9 36.36
      vertex 135.36 4.99999 36.36
      vertex 133.64 3.4 36.36
    endloop
  endfacet
  facet normal 0 0 -1
    outer loop
      vertex 138.82 4.99999 36.36
      vertex 133.64 131.9 36.36
      vertex 142.72 133.4 36.36
    endloop
  endfacet
  facet normal 0 0 -1
    outer loop
      vertex 12.48 131.9 36.36
      vertex 142.72 133.4 36.36
      vertex 133.64 131.9 36.36
    endloop
  endfacet
  facet normal 0 0 -1
    outer loop
      vertex 12.48 3.4 36.36
      vertex 10.76 4.99999 36.36
      vertex 12.48 131.9 36.36
    endloop
  endfacet
  facet normal 0 0 -1
    outer loop
      vertex 7.3 4.99999 36.36
      vertex 12.48 131.9 36.36
      vertex 10.76 4.99999 36.36
    endloop
  endfacet
  facet normal -0 0 -1
    outer loop
      vertex 7.3 3.6 36.36
      vertex 3.4 3.41 36.36
      vertex 7.3 4.99999 36.36
    endloop
  endfacet
  facet normal 0 0 -1
    outer loop
      vertex 3.4 133.4 36.36
      vertex 7.3 4.99999 36.36
      vertex 3.4 3.41 36.36
    endloop
  endfacet
  facet normal 0 0 -1
    outer loop
      vertex 12.48 131.9 36.36
      vertex 3.4 133.4 36.36
      vertex 142.72 133.4 36.36
    endloop
  endfacet
  facet normal 0 0 -1
    outer loop
      vertex 7.3 4.99999 36.36
      vertex 3.4 133.4 36.36
      vertex 12.48 131.9 36.36
    endloop
  endfacet
  facet normal 0.991447 -0 0.130507
    outer loop
      vertex 3.4 3.41 38.82
      vertex 3.4511 133.4 38.4318
      vertex 3.4 133.4 38.82
    endloop
  endfacet
  facet normal 0.991447 0 0.130507
    outer loop
      vertex 3.4511 3.4 38.4318
      vertex 3.4 3.41 38.82
      vertex 3.4 3.4 38.82
    endloop
  endfacet
  facet normal 0.991447 0 0.130507
    outer loop
      vertex 3.4 3.41 38.82
      vertex 3.4511 3.4 38.4318
      vertex 3.4511 133.4 38.4318
    endloop
  endfacet
  facet normal 0 -1 0
    outer loop
      vertex 133.64 3.4 37.32
      vertex 133.64 3.4 36.36
      vertex 141.22 3.4 37.32
    endloop
  endfacet
  facet normal 0 -1 0
    outer loop
      vertex 142.669 3.4 38.4318
      vertex 142.72 3.4 36.36
      vertex 142.72 3.4 38.82
    endloop
  endfacet
  facet normal 0 -1 0
    outer loop
      vertex 142.519 3.4 38.07
      vertex 142.72 3.4 36.36
      vertex 142.669 3.4 38.4318
    endloop
  endfacet
  facet normal 0 -1 0
    outer loop
      vertex 142.281 3.4 37.7593
      vertex 142.72 3.4 36.36
      vertex 142.519 3.4 38.07
    endloop
  endfacet
  facet normal 0 -1 0
    outer loop
      vertex 141.97 3.4 37.521
      vertex 142.72 3.4 36.36
      vertex 142.281 3.4 37.7593
    endloop
  endfacet
  facet normal 0 -1 0
    outer loop
      vertex 141.608 3.4 37.3711
      vertex 142.72 3.4 36.36
      vertex 141.97 3.4 37.521
    endloop
  endfacet
  facet normal 0 -1 0
    outer loop
      vertex 141.22 3.4 37.32
      vertex 142.72 3.4 36.36
      vertex 141.608 3.4 37.3711
    endloop
  endfacet
  facet normal 0 -1 0
    outer loop
      vertex 142.72 3.4 36.36
      vertex 141.22 3.4 37.32
      vertex 133.64 3.4 36.36
    endloop
  endfacet
  facet normal -0.923755 0 0.382983
    outer loop
      vertex 142.519 3.4 38.07
      vertex 142.669 133.4 38.4318
      vertex 142.519 133.4 38.07
    endloop
  endfacet
  facet normal -0.923755 0 0.382983
    outer loop
      vertex 142.669 133.4 38.4318
      vertex 142.519 3.4 38.07
      vertex 142.669 3.4 38.4318
    endloop
  endfacet
  facet normal -0.793857 0 0.608104
    outer loop
      vertex 142.281 3.4 37.7593
      vertex 142.519 133.4 38.07
      vertex 142.281 133.4 37.7593
    endloop
  endfacet
  facet normal -0.793857 0 0.608104
    outer loop
      vertex 142.519 133.4 38.07
      vertex 142.281 3.4 37.7593
      vertex 142.519 3.4 38.07
    endloop
  endfacet
  facet normal -0.608217 0 0.793771
    outer loop
      vertex 141.97 133.4 37.521
      vertex 142.281 3.4 37.7593
      vertex 142.281 133.4 37.7593
    endloop
  endfacet
  facet normal -0.608217 0 0.793771
    outer loop
      vertex 142.281 3.4 37.7593
      vertex 141.97 133.4 37.521
      vertex 141.97 3.4 37.521
    endloop
  endfacet
  facet normal -0.382585 0 0.92392
    outer loop
      vertex 141.608 133.4 37.3711
      vertex 141.97 3.4 37.521
      vertex 141.97 133.4 37.521
    endloop
  endfacet
  facet normal -0.382585 0 0.92392
    outer loop
      vertex 141.97 3.4 37.521
      vertex 141.608 133.4 37.3711
      vertex 141.608 3.4 37.3711
    endloop
  endfacet
  facet normal -0.130573 0 0.991439
    outer loop
      vertex 141.22 133.4 37.32
      vertex 141.608 3.4 37.3711
      vertex 141.608 133.4 37.3711
    endloop
  endfacet
  facet normal -0.130573 0 0.991439
    outer loop
      vertex 141.608 3.4 37.3711
      vertex 141.22 133.4 37.32
      vertex 141.22 3.4 37.32
    endloop
  endfacet
  facet normal 0 0 1
    outer loop
      vertex 133.65 131.9 37.32
      vertex 141.22 133.4 37.32
      vertex 133.65 133.4 37.32
    endloop
  endfacet
  facet normal 0 0 1
    outer loop
      vertex 141.22 133.4 37.32
      vertex 133.65 131.9 37.32
      vertex 141.22 3.4 37.32
    endloop
  endfacet
  facet normal 0 0 1
    outer loop
      vertex 133.64 3.4 37.32
      vertex 133.65 131.9 37.32
      vertex 133.64 131.9 37.32
    endloop
  endfacet
  facet normal 0 0 1
    outer loop
      vertex 133.65 131.9 37.32
      vertex 133.64 3.4 37.32
      vertex 141.22 3.4 37.32
    endloop
  endfacet
  facet normal -1 0 0
    outer loop
      vertex 133.64 3.4 36.36
      vertex 133.64 131.9 37.32
      vertex 133.64 131.9 36.36
    endloop
  endfacet
  facet normal -1 -0 0
    outer loop
      vertex 133.64 131.9 37.32
      vertex 133.64 3.4 36.36
      vertex 133.64 3.4 37.32
    endloop
  endfacet
  facet normal -0.99148 0 0.130256
    outer loop
      vertex 142.669 133.4 38.4318
      vertex 142.72 3.41 38.82
      vertex 142.72 133.4 38.82
    endloop
  endfacet
  facet normal -0.99148 0 0.130256
    outer loop
      vertex 142.669 3.4 38.4318
      vertex 142.72 3.41 38.82
      vertex 142.669 133.4 38.4318
    endloop
  endfacet
  facet normal -0.99148 0 0.130256
    outer loop
      vertex 142.72 3.41 38.82
      vertex 142.669 3.4 38.4318
      vertex 142.72 3.4 38.82
    endloop
  endfacet
  facet normal -0 0 1
    outer loop
      vertex 12.47 133.4 37.32
      vertex 133.65 131.9 37.32
      vertex 133.65 133.4 37.32
    endloop
  endfacet
  facet normal 0 0 1
    outer loop
      vertex 133.65 131.9 37.32
      vertex 12.47 133.4 37.32
      vertex 12.47 131.9 37.32
    endloop
  endfacet
  facet normal 0 -1 0
    outer loop
      vertex 12.48 131.9 36.36
      vertex 133.64 131.9 37.32
      vertex 12.48 131.9 37.32
    endloop
  endfacet
  facet normal 0 -1 -0
    outer loop
      vertex 133.64 131.9 37.32
      vertex 12.48 131.9 36.36
      vertex 133.64 131.9 36.36
    endloop
  endfacet
  facet normal 0 0 0
    outer loop
      vertex 12.47 131.9 37.32
      vertex 12.48 131.9 37.32
      vertex 133.65 131.9 37.32
    endloop
  endfacet
  facet normal 0 -0 0
    outer loop
      vertex 133.64 131.9 37.32
      vertex 133.65 131.9 37.32
      vertex 12.48 131.9 37.32
    endloop
  endfacet
  facet normal 0 -1 0
    outer loop
      vertex 3.4 3.4 53.82
      vertex 3.4511 3.4 55.8918
      vertex 3.4 3.4 56.28
    endloop
  endfacet
  facet normal 0 -1 0
    outer loop
      vertex 3.4 3.4 53.82
      vertex 3.60096 3.4 55.53
      vertex 3.4511 3.4 55.8918
    endloop
  endfacet
  facet normal 0 -1 0
    outer loop
      vertex 3.4 3.4 53.82
      vertex 3.83933 3.4 55.2193
      vertex 3.60096 3.4 55.53
    endloop
  endfacet
  facet normal 0 -1 0
    outer loop
      vertex 3.4 3.4 53.82
      vertex 4.15 3.4 54.9809
      vertex 3.83933 3.4 55.2193
    endloop
  endfacet
  facet normal 0 -1 0
    outer loop
      vertex 3.4 3.4 53.82
      vertex 4.51177 3.4 54.8311
      vertex 4.15 3.4 54.9809
    endloop
  endfacet
  facet normal 0 -1 0
    outer loop
      vertex 3.4 3.4 53.82
      vertex 4.9 3.4 54.78
      vertex 4.51177 3.4 54.8311
    endloop
  endfacet
  facet normal 0 -1 0
    outer loop
      vertex 12.48 3.4 53.82
      vertex 4.9 3.4 54.78
      vertex 3.4 3.4 53.82
    endloop
  endfacet
  facet normal 0 -1 0
    outer loop
      vertex 4.9 3.4 54.78
      vertex 12.48 3.4 53.82
      vertex 12.48 3.4 54.78
    endloop
  endfacet
  facet normal 0.923882 -0 0.382678
    outer loop
      vertex 3.4511 3.4 55.8918
      vertex 3.60096 133.4 55.53
      vertex 3.4511 133.4 55.8918
    endloop
  endfacet
  facet normal 0.923882 0 0.382678
    outer loop
      vertex 3.60096 133.4 55.53
      vertex 3.4511 3.4 55.8918
      vertex 3.60096 3.4 55.53
    endloop
  endfacet
  facet normal 0.793401 -0 0.6087
    outer loop
      vertex 3.60096 3.4 55.53
      vertex 3.83933 133.4 55.2193
      vertex 3.60096 133.4 55.53
    endloop
  endfacet
  facet normal 0.793401 0 0.6087
    outer loop
      vertex 3.83933 133.4 55.2193
      vertex 3.60096 3.4 55.53
      vertex 3.83933 3.4 55.2193
    endloop
  endfacet
  facet normal 0.608785 0 0.793335
    outer loop
      vertex 3.83933 133.4 55.2193
      vertex 4.15 3.4 54.9809
      vertex 4.15 133.4 54.9809
    endloop
  endfacet
  facet normal 0.608785 0 0.793335
    outer loop
      vertex 4.15 3.4 54.9809
      vertex 3.83933 133.4 55.2193
      vertex 3.83933 3.4 55.2193
    endloop
  endfacet
  facet normal 0.382574 0 0.923925
    outer loop
      vertex 4.15 133.4 54.9809
      vertex 4.51177 3.4 54.8311
      vertex 4.51177 133.4 54.8311
    endloop
  endfacet
  facet normal 0.382574 0 0.923925
    outer loop
      vertex 4.51177 3.4 54.8311
      vertex 4.15 133.4 54.9809
      vertex 4.15 3.4 54.9809
    endloop
  endfacet
  facet normal 0.130497 0 0.991449
    outer loop
      vertex 4.51177 133.4 54.8311
      vertex 4.9 3.4 54.78
      vertex 4.9 133.4 54.78
    endloop
  endfacet
  facet normal 0.130497 0 0.991449
    outer loop
      vertex 4.9 3.4 54.78
      vertex 4.51177 133.4 54.8311
      vertex 4.51177 3.4 54.8311
    endloop
  endfacet
  facet normal 0 0 1
    outer loop
      vertex 12.47 133.4 54.78
      vertex 4.9 133.4 54.78
      vertex 12.47 131.9 54.78
    endloop
  endfacet
  facet normal -0 0 1
    outer loop
      vertex 12.47 131.9 54.78
      vertex 12.48 3.4 54.78
      vertex 12.48 131.9 54.78
    endloop
  endfacet
  facet normal 0 0 1
    outer loop
      vertex 4.9 3.4 54.78
      vertex 12.47 131.9 54.78
      vertex 4.9 133.4 54.78
    endloop
  endfacet
  facet normal 0 0 1
    outer loop
      vertex 12.47 131.9 54.78
      vertex 4.9 3.4 54.78
      vertex 12.48 3.4 54.78
    endloop
  endfacet
  facet normal 1 -0 0
    outer loop
      vertex 12.48 3.4 54.78
      vertex 12.48 131.9 53.82
      vertex 12.48 131.9 54.78
    endloop
  endfacet
  facet normal 1 0 0
    outer loop
      vertex 12.48 131.9 53.82
      vertex 12.48 3.4 54.78
      vertex 12.48 3.4 53.82
    endloop
  endfacet
  facet normal 0 0 -1
    outer loop
      vertex 10.76 4.99999 53.82
      vertex 12.48 3.4 53.82
      vertex 10.76 3.6 53.82
    endloop
  endfacet
  facet normal 0 0 -1
    outer loop
      vertex 12.48 3.4 53.82
      vertex 7.3 3.6 53.82
      vertex 10.76 3.6 53.82
    endloop
  endfacet
  facet normal 0 0 -1
    outer loop
      vertex 3.4 3.41 53.82
      vertex 7.3 3.6 53.82
      vertex 3.4 3.4 53.82
    endloop
  endfacet
  facet normal 0 0 -1
    outer loop
      vertex 3.4 3.4 53.82
      vertex 7.3 3.6 53.82
      vertex 12.48 3.4 53.82
    endloop
  endfacet
  facet normal 0 0 -1
    outer loop
      vertex 138.82 3.6 53.82
      vertex 142.72 3.41 53.82
      vertex 142.72 3.4 53.82
    endloop
  endfacet
  facet normal 0 0 -1
    outer loop
      vertex 142.72 3.41 53.82
      vertex 138.82 3.6 53.82
      vertex 138.82 4.99999 53.82
    endloop
  endfacet
  facet normal 0 0 -1
    outer loop
      vertex 133.64 3.4 53.82
      vertex 138.82 3.6 53.82
      vertex 142.72 3.4 53.82
    endloop
  endfacet
  facet normal -0 0 -1
    outer loop
      vertex 135.36 3.6 53.82
      vertex 133.64 3.4 53.82
      vertex 135.36 4.99999 53.82
    endloop
  endfacet
  facet normal -0 0 -1
    outer loop
      vertex 138.82 3.6 53.82
      vertex 133.64 3.4 53.82
      vertex 135.36 3.6 53.82
    endloop
  endfacet
  facet normal 0 0 -1
    outer loop
      vertex 142.72 3.41 53.82
      vertex 138.82 4.99999 53.82
      vertex 142.72 133.4 53.82
    endloop
  endfacet
  facet normal 0 0 -1
    outer loop
      vertex 133.64 131.9 53.82
      vertex 138.82 4.99999 53.82
      vertex 135.36 4.99999 53.82
    endloop
  endfacet
  facet normal 0 0 -1
    outer loop
      vertex 133.64 131.9 53.82
      vertex 135.36 4.99999 53.82
      vertex 133.64 3.4 53.82
    endloop
  endfacet
  facet normal 0 0 -1
    outer loop
      vertex 138.82 4.99999 53.82
      vertex 133.64 131.9 53.82
      vertex 142.72 133.4 53.82
    endloop
  endfacet
  facet normal 0 0 -1
    outer loop
      vertex 12.48 131.9 53.82
      vertex 142.72 133.4 53.82
      vertex 133.64 131.9 53.82
    endloop
  endfacet
  facet normal 0 0 -1
    outer loop
      vertex 12.48 3.4 53.82
      vertex 10.76 4.99999 53.82
      vertex 12.48 131.9 53.82
    endloop
  endfacet
  facet normal 0 0 -1
    outer loop
      vertex 7.3 4.99999 53.82
      vertex 12.48 131.9 53.82
      vertex 10.76 4.99999 53.82
    endloop
  endfacet
  facet normal -0 0 -1
    outer loop
      vertex 7.3 3.6 53.82
      vertex 3.4 3.41 53.82
      vertex 7.3 4.99999 53.82
    endloop
  endfacet
  facet normal 0 0 -1
    outer loop
      vertex 3.4 133.4 53.82
      vertex 7.3 4.99999 53.82
      vertex 3.4 3.41 53.82
    endloop
  endfacet
  facet normal 0 0 -1
    outer loop
      vertex 12.48 131.9 53.82
      vertex 3.4 133.4 53.82
      vertex 142.72 133.4 53.82
    endloop
  endfacet
  facet normal 0 0 -1
    outer loop
      vertex 7.3 4.99999 53.82
      vertex 3.4 133.4 53.82
      vertex 12.48 131.9 53.82
    endloop
  endfacet
  facet normal 0.991447 -0 0.130507
    outer loop
      vertex 3.4 3.41 56.28
      vertex 3.4511 133.4 55.8918
      vertex 3.4 133.4 56.28
    endloop
  endfacet
  facet normal 0.991447 0 0.130507
    outer loop
      vertex 3.4511 3.4 55.8918
      vertex 3.4 3.41 56.28
      vertex 3.4 3.4 56.28
    endloop
  endfacet
  facet normal 0.991447 0 0.130507
    outer loop
      vertex 3.4 3.41 56.28
      vertex 3.4511 3.4 55.8918
      vertex 3.4511 133.4 55.8918
    endloop
  endfacet
  facet normal 0 -1 0
    outer loop
      vertex 133.64 3.4 54.78
      vertex 133.64 3.4 53.82
      vertex 141.22 3.4 54.78
    endloop
  endfacet
  facet normal 0 -1 0
    outer loop
      vertex 142.669 3.4 55.8918
      vertex 142.72 3.4 53.82
      vertex 142.72 3.4 56.28
    endloop
  endfacet
  facet normal 0 -1 0
    outer loop
      vertex 142.519 3.4 55.53
      vertex 142.72 3.4 53.82
      vertex 142.669 3.4 55.8918
    endloop
  endfacet
  facet normal 0 -1 0
    outer loop
      vertex 142.281 3.4 55.2193
      vertex 142.72 3.4 53.82
      vertex 142.519 3.4 55.53
    endloop
  endfacet
  facet normal 0 -1 0
    outer loop
      vertex 141.97 3.4 54.9809
      vertex 142.72 3.4 53.82
      vertex 142.281 3.4 55.2193
    endloop
  endfacet
  facet normal 0 -1 0
    outer loop
      vertex 141.608 3.4 54.8311
      vertex 142.72 3.4 53.82
      vertex 141.97 3.4 54.9809
    endloop
  endfacet
  facet normal 0 -1 0
    outer loop
      vertex 141.22 3.4 54.78
      vertex 142.72 3.4 53.82
      vertex 141.608 3.4 54.8311
    endloop
  endfacet
  facet normal 0 -1 0
    outer loop
      vertex 142.72 3.4 53.82
      vertex 141.22 3.4 54.78
      vertex 133.64 3.4 53.82
    endloop
  endfacet
  facet normal -0.923755 0 0.382983
    outer loop
      vertex 142.519 3.4 55.53
      vertex 142.669 133.4 55.8918
      vertex 142.519 133.4 55.53
    endloop
  endfacet
  facet normal -0.923755 0 0.382983
    outer loop
      vertex 142.669 133.4 55.8918
      vertex 142.519 3.4 55.53
      vertex 142.669 3.4 55.8918
    endloop
  endfacet
  facet normal -0.793857 0 0.608104
    outer loop
      vertex 142.281 3.4 55.2193
      vertex 142.519 133.4 55.53
      vertex 142.281 133.4 55.2193
    endloop
  endfacet
  facet normal -0.793857 0 0.608104
    outer loop
      vertex 142.519 133.4 55.53
      vertex 142.281 3.4 55.2193
      vertex 142.519 3.4 55.53
    endloop
  endfacet
  facet normal -0.608378 0 0.793647
    outer loop
      vertex 141.97 133.4 54.9809
      vertex 142.281 3.4 55.2193
      vertex 142.281 133.4 55.2193
    endloop
  endfacet
  facet normal -0.608378 0 0.793647
    outer loop
      vertex 142.281 3.4 55.2193
      vertex 141.97 133.4 54.9809
      vertex 141.97 3.4 54.9809
    endloop
  endfacet
  facet normal -0.382367 0 0.924011
    outer loop
      vertex 141.608 133.4 54.8311
      vertex 141.97 3.4 54.9809
      vertex 141.97 133.4 54.9809
    endloop
  endfacet
  facet normal -0.382367 0 0.924011
    outer loop
      vertex 141.97 3.4 54.9809
      vertex 141.608 133.4 54.8311
      vertex 141.608 3.4 54.8311
    endloop
  endfacet
  facet normal -0.130573 0 0.991439
    outer loop
      vertex 141.22 133.4 54.78
      vertex 141.608 3.4 54.8311
      vertex 141.608 133.4 54.8311
    endloop
  endfacet
  facet normal -0.130573 0 0.991439
    outer loop
      vertex 141.608 3.4 54.8311
      vertex 141.22 133.4 54.78
      vertex 141.22 3.4 54.78
    endloop
  endfacet
  facet normal 0 0 1
    outer loop
      vertex 133.65 131.9 54.78
      vertex 141.22 133.4 54.78
      vertex 133.65 133.4 54.78
    endloop
  endfacet
  facet normal 0 0 1
    outer loop
      vertex 141.22 133.4 54.78
      vertex 133.65 131.9 54.78
      vertex 141.22 3.4 54.78
    endloop
  endfacet
  facet normal 0 0 1
    outer loop
      vertex 133.64 3.4 54.78
      vertex 133.65 131.9 54.78
      vertex 133.64 131.9 54.78
    endloop
  endfacet
  facet normal 0 0 1
    outer loop
      vertex 133.65 131.9 54.78
      vertex 133.64 3.4 54.78
      vertex 141.22 3.4 54.78
    endloop
  endfacet
  facet normal -1 0 0
    outer loop
      vertex 133.64 3.4 53.82
      vertex 133.64 131.9 54.78
      vertex 133.64 131.9 53.82
    endloop
  endfacet
  facet normal -1 -0 0
    outer loop
      vertex 133.64 131.9 54.78
      vertex 133.64 3.4 53.82
      vertex 133.64 3.4 54.78
    endloop
  endfacet
  facet normal -0.99148 0 0.130256
    outer loop
      vertex 142.669 133.4 55.8918
      vertex 142.72 3.41 56.28
      vertex 142.72 133.4 56.28
    endloop
  endfacet
  facet normal -0.99148 0 0.130256
    outer loop
      vertex 142.669 3.4 55.8918
      vertex 142.72 3.41 56.28
      vertex 142.669 133.4 55.8918
    endloop
  endfacet
  facet normal -0.99148 0 0.130256
    outer loop
      vertex 142.72 3.41 56.28
      vertex 142.669 3.4 55.8918
      vertex 142.72 3.4 56.28
    endloop
  endfacet
  facet normal -0 0 1
    outer loop
      vertex 12.47 133.4 54.78
      vertex 133.65 131.9 54.78
      vertex 133.65 133.4 54.78
    endloop
  endfacet
  facet normal 0 0 1
    outer loop
      vertex 133.65 131.9 54.78
      vertex 12.47 133.4 54.78
      vertex 12.47 131.9 54.78
    endloop
  endfacet
  facet normal 0 -1 0
    outer loop
      vertex 12.48 131.9 53.82
      vertex 133.64 131.9 54.78
      vertex 12.48 131.9 54.78
    endloop
  endfacet
  facet normal 0 -1 -0
    outer loop
      vertex 133.64 131.9 54.78
      vertex 12.48 131.9 53.82
      vertex 133.64 131.9 53.82
    endloop
  endfacet
  facet normal 0 0 0
    outer loop
      vertex 12.47 131.9 54.78
      vertex 12.48 131.9 54.78
      vertex 133.65 131.9 54.78
    endloop
  endfacet
  facet normal 0 -0 0
    outer loop
      vertex 133.64 131.9 54.78
      vertex 133.65 131.9 54.78
      vertex 12.48 131.9 54.78
    endloop
  endfacet
  facet normal 0 0 -1
    outer loop
      vertex 7.3 3.6 16.6
      vertex 10.76 3.79999 16.6
      vertex 10.76 3.6 16.6
    endloop
  endfacet
  facet normal -0 0 -1
    outer loop
      vertex 10.76 3.79999 16.6
      vertex 7.3 3.6 16.6
      vertex 7.3 3.79999 16.6
    endloop
  endfacet
  facet normal 1 -0 0
    outer loop
      vertex 10.76 3.6 18.9
      vertex 10.76 3.79999 16.6
      vertex 10.76 4.99999 18.9
    endloop
  endfacet
  facet normal 1 0 0
    outer loop
      vertex 10.76 3.79999 16.6
      vertex 10.76 3.6 18.9
      vertex 10.76 3.6 16.6
    endloop
  endfacet
  facet normal 0 0.886585 -0.462566
    outer loop
      vertex 10.76 3.79999 16.6
      vertex 7.3 4.99999 18.9
      vertex 10.76 4.99999 18.9
    endloop
  endfacet
  facet normal 0 0.886585 -0.462566
    outer loop
      vertex 7.3 4.99999 18.9
      vertex 10.76 3.79999 16.6
      vertex 7.3 3.79999 16.6
    endloop
  endfacet
  facet normal 0 -1 0
    outer loop
      vertex 7.3 3.6 16.6
      vertex 10.76 3.6 18.9
      vertex 7.3 3.6 18.9
    endloop
  endfacet
  facet normal 0 -1 -0
    outer loop
      vertex 10.76 3.6 18.9
      vertex 7.3 3.6 16.6
      vertex 10.76 3.6 16.6
    endloop
  endfacet
  facet normal -1 0 0
    outer loop
      vertex 7.3 3.6 18.9
      vertex 7.3 3.79999 16.6
      vertex 7.3 3.6 16.6
    endloop
  endfacet
  facet normal -1 0 0
    outer loop
      vertex 7.3 3.79999 16.6
      vertex 7.3 3.6 18.9
      vertex 7.3 4.99999 18.9
    endloop
  endfacet
  facet normal 0 0 -1
    outer loop
      vertex 135.36 3.6 16.6
      vertex 138.82 3.79999 16.6
      vertex 138.82 3.6 16.6
    endloop
  endfacet
  facet normal -0 0 -1
    outer loop
      vertex 138.82 3.79999 16.6
      vertex 135.36 3.6 16.6
      vertex 135.36 3.79999 16.6
    endloop
  endfacet
  facet normal -1 0 0
    outer loop
      vertex 135.36 3.6 18.9
      vertex 135.36 3.79999 16.6
      vertex 135.36 3.6 16.6
    endloop
  endfacet
  facet normal -1 0 0
    outer loop
      vertex 135.36 3.79999 16.6
      vertex 135.36 3.6 18.9
      vertex 135.36 4.99999 18.9
    endloop
  endfacet
  facet normal 0 -1 0
    outer loop
      vertex 135.36 3.6 16.6
      vertex 138.82 3.6 18.9
      vertex 135.36 3.6 18.9
    endloop
  endfacet
  facet normal 0 -1 -0
    outer loop
      vertex 138.82 3.6 18.9
      vertex 135.36 3.6 16.6
      vertex 138.82 3.6 16.6
    endloop
  endfacet
  facet normal 0 0.886585 -0.462566
    outer loop
      vertex 138.82 3.79999 16.6
      vertex 135.36 4.99999 18.9
      vertex 138.82 4.99999 18.9
    endloop
  endfacet
  facet normal 0 0.886585 -0.462566
    outer loop
      vertex 135.36 4.99999 18.9
      vertex 138.82 3.79999 16.6
      vertex 135.36 3.79999 16.6
    endloop
  endfacet
  facet normal 1 -0 0
    outer loop
      vertex 138.82 3.6 18.9
      vertex 138.82 3.79999 16.6
      vertex 138.82 4.99999 18.9
    endloop
  endfacet
  facet normal 1 0 0
    outer loop
      vertex 138.82 3.79999 16.6
      vertex 138.82 3.6 18.9
      vertex 138.82 3.6 16.6
    endloop
  endfacet
  facet normal 0 -1 0
    outer loop
      vertex 7.3 3.6 34.06
      vertex 10.76 3.6 36.36
      vertex 7.3 3.6 36.36
    endloop
  endfacet
  facet normal 0 -1 -0
    outer loop
      vertex 10.76 3.6 36.36
      vertex 7.3 3.6 34.06
      vertex 10.76 3.6 34.06
    endloop
  endfacet
  facet normal 0 0 -1
    outer loop
      vertex 7.3 3.6 34.06
      vertex 10.76 3.79999 34.06
      vertex 10.76 3.6 34.06
    endloop
  endfacet
  facet normal -0 0 -1
    outer loop
      vertex 10.76 3.79999 34.06
      vertex 7.3 3.6 34.06
      vertex 7.3 3.79999 34.06
    endloop
  endfacet
  facet normal 1 -0 0
    outer loop
      vertex 10.76 3.6 36.36
      vertex 10.76 3.79999 34.06
      vertex 10.76 4.99999 36.36
    endloop
  endfacet
  facet normal 1 0 0
    outer loop
      vertex 10.76 3.79999 34.06
      vertex 10.76 3.6 36.36
      vertex 10.76 3.6 34.06
    endloop
  endfacet
  facet normal 0 0.886585 -0.462566
    outer loop
      vertex 10.76 3.79999 34.06
      vertex 7.3 4.99999 36.36
      vertex 10.76 4.99999 36.36
    endloop
  endfacet
  facet normal 0 0.886585 -0.462566
    outer loop
      vertex 7.3 4.99999 36.36
      vertex 10.76 3.79999 34.06
      vertex 7.3 3.79999 34.06
    endloop
  endfacet
  facet normal -1 0 0
    outer loop
      vertex 7.3 3.6 36.36
      vertex 7.3 3.79999 34.06
      vertex 7.3 3.6 34.06
    endloop
  endfacet
  facet normal -1 0 0
    outer loop
      vertex 7.3 3.79999 34.06
      vertex 7.3 3.6 36.36
      vertex 7.3 4.99999 36.36
    endloop
  endfacet
  facet normal 0 0 -1
    outer loop
      vertex 135.36 3.6 34.06
      vertex 138.82 3.79999 34.06
      vertex 138.82 3.6 34.06
    endloop
  endfacet
  facet normal -0 0 -1
    outer loop
      vertex 138.82 3.79999 34.06
      vertex 135.36 3.6 34.06
      vertex 135.36 3.79999 34.06
    endloop
  endfacet
  facet normal -1 0 0
    outer loop
      vertex 135.36 3.6 36.36
      vertex 135.36 3.79999 34.06
      vertex 135.36 3.6 34.06
    endloop
  endfacet
  facet normal -1 0 0
    outer loop
      vertex 135.36 3.79999 34.06
      vertex 135.36 3.6 36.36
      vertex 135.36 4.99999 36.36
    endloop
  endfacet
  facet normal 0 -1 0
    outer loop
      vertex 135.36 3.6 34.06
      vertex 138.82 3.6 36.36
      vertex 135.36 3.6 36.36
    endloop
  endfacet
  facet normal 0 -1 -0
    outer loop
      vertex 138.82 3.6 36.36
      vertex 135.36 3.6 34.06
      vertex 138.82 3.6 34.06
    endloop
  endfacet
  facet normal 0 0.886585 -0.462566
    outer loop
      vertex 138.82 3.79999 34.06
      vertex 135.36 4.99999 36.36
      vertex 138.82 4.99999 36.36
    endloop
  endfacet
  facet normal 0 0.886585 -0.462566
    outer loop
      vertex 135.36 4.99999 36.36
      vertex 138.82 3.79999 34.06
      vertex 135.36 3.79999 34.06
    endloop
  endfacet
  facet normal 1 -0 0
    outer loop
      vertex 138.82 3.6 36.36
      vertex 138.82 3.79999 34.06
      vertex 138.82 4.99999 36.36
    endloop
  endfacet
  facet normal 1 0 0
    outer loop
      vertex 138.82 3.79999 34.06
      vertex 138.82 3.6 36.36
      vertex 138.82 3.6 34.06
    endloop
  endfacet
  facet normal 0 0 -1
    outer loop
      vertex 7.3 3.6 51.52
      vertex 10.76 3.79999 51.52
      vertex 10.76 3.6 51.52
    endloop
  endfacet
  facet normal -0 0 -1
    outer loop
      vertex 10.76 3.79999 51.52
      vertex 7.3 3.6 51.52
      vertex 7.3 3.79999 51.52
    endloop
  endfacet
  facet normal 1 -0 0
    outer loop
      vertex 10.76 3.6 53.82
      vertex 10.76 3.79999 51.52
      vertex 10.76 4.99999 53.82
    endloop
  endfacet
  facet normal 1 0 0
    outer loop
      vertex 10.76 3.79999 51.52
      vertex 10.76 3.6 53.82
      vertex 10.76 3.6 51.52
    endloop
  endfacet
  facet normal 0 0.886585 -0.462566
    outer loop
      vertex 10.76 3.79999 51.52
      vertex 7.3 4.99999 53.82
      vertex 10.76 4.99999 53.82
    endloop
  endfacet
  facet normal 0 0.886585 -0.462566
    outer loop
      vertex 7.3 4.99999 53.82
      vertex 10.76 3.79999 51.52
      vertex 7.3 3.79999 51.52
    endloop
  endfacet
  facet normal 0 -1 0
    outer loop
      vertex 7.3 3.6 51.52
      vertex 10.76 3.6 53.82
      vertex 7.3 3.6 53.82
    endloop
  endfacet
  facet normal 0 -1 -0
    outer loop
      vertex 10.76 3.6 53.82
      vertex 7.3 3.6 51.52
      vertex 10.76 3.6 51.52
    endloop
  endfacet
  facet normal -1 0 0
    outer loop
      vertex 7.3 3.6 53.82
      vertex 7.3 3.79999 51.52
      vertex 7.3 3.6 51.52
    endloop
  endfacet
  facet normal -1 0 0
    outer loop
      vertex 7.3 3.79999 51.52
      vertex 7.3 3.6 53.82
      vertex 7.3 4.99999 53.82
    endloop
  endfacet
  facet normal 0 0 -1
    outer loop
      vertex 135.36 3.6 51.52
      vertex 138.82 3.79999 51.52
      vertex 138.82 3.6 51.52
    endloop
  endfacet
  facet normal -0 0 -1
    outer loop
      vertex 138.82 3.79999 51.52
      vertex 135.36 3.6 51.52
      vertex 135.36 3.79999 51.52
    endloop
  endfacet
  facet normal -1 0 0
    outer loop
      vertex 135.36 3.6 53.82
      vertex 135.36 3.79999 51.52
      vertex 135.36 3.6 51.52
    endloop
  endfacet
  facet normal -1 0 0
    outer loop
      vertex 135.36 3.79999 51.52
      vertex 135.36 3.6 53.82
      vertex 135.36 4.99999 53.82
    endloop
  endfacet
  facet normal 0 -1 0
    outer loop
      vertex 135.36 3.6 51.52
      vertex 138.82 3.6 53.82
      vertex 135.36 3.6 53.82
    endloop
  endfacet
  facet normal 0 -1 -0
    outer loop
      vertex 138.82 3.6 53.82
      vertex 135.36 3.6 51.52
      vertex 138.82 3.6 51.52
    endloop
  endfacet
  facet normal 0 0.886585 -0.462566
    outer loop
      vertex 138.82 3.79999 51.52
      vertex 135.36 4.99999 53.82
      vertex 138.82 4.99999 53.82
    endloop
  endfacet
  facet normal 0 0.886585 -0.462566
    outer loop
      vertex 135.36 4.99999 53.82
      vertex 138.82 3.79999 51.52
      vertex 135.36 3.79999 51.52
    endloop
  endfacet
  facet normal 1 -0 0
    outer loop
      vertex 138.82 3.6 53.82
      vertex 138.82 3.79999 51.52
      vertex 138.82 4.99999 53.82
    endloop
  endfacet
  facet normal 1 0 0
    outer loop
      vertex 138.82 3.79999 51.52
      vertex 138.82 3.6 53.82
      vertex 138.82 3.6 51.52
    endloop
  endfacet
  facet normal 1 -0 0
    outer loop
      vertex 10.76 3.6 71.28
      vertex 10.76 3.79999 68.98
      vertex 10.76 4.99999 71.28
    endloop
  endfacet
  facet normal 1 0 0
    outer loop
      vertex 10.76 3.79999 68.98
      vertex 10.76 3.6 71.28
      vertex 10.76 3.6 68.98
    endloop
  endfacet
  facet normal 0 0.886585 -0.462566
    outer loop
      vertex 10.76 3.79999 68.98
      vertex 7.3 4.99999 71.28
      vertex 10.76 4.99999 71.28
    endloop
  endfacet
  facet normal 0 0.886585 -0.462566
    outer loop
      vertex 7.3 4.99999 71.28
      vertex 10.76 3.79999 68.98
      vertex 7.3 3.79999 68.98
    endloop
  endfacet
  facet normal 0 0 -1
    outer loop
      vertex 7.3 3.6 68.98
      vertex 10.76 3.79999 68.98
      vertex 10.76 3.6 68.98
    endloop
  endfacet
  facet normal -0 0 -1
    outer loop
      vertex 10.76 3.79999 68.98
      vertex 7.3 3.6 68.98
      vertex 7.3 3.79999 68.98
    endloop
  endfacet
  facet normal -1 0 0
    outer loop
      vertex 7.3 3.6 71.28
      vertex 7.3 3.79999 68.98
      vertex 7.3 3.6 68.98
    endloop
  endfacet
  facet normal -1 0 0
    outer loop
      vertex 7.3 3.79999 68.98
      vertex 7.3 3.6 71.28
      vertex 7.3 4.99999 71.28
    endloop
  endfacet
  facet normal 0 -1 0
    outer loop
      vertex 7.3 3.6 68.98
      vertex 10.76 3.6 71.28
      vertex 7.3 3.6 71.28
    endloop
  endfacet
  facet normal 0 -1 -0
    outer loop
      vertex 10.76 3.6 71.28
      vertex 7.3 3.6 68.98
      vertex 10.76 3.6 68.98
    endloop
  endfacet
  facet normal 0 0 -1
    outer loop
      vertex 135.36 3.6 68.98
      vertex 138.82 3.79999 68.98
      vertex 138.82 3.6 68.98
    endloop
  endfacet
  facet normal -0 0 -1
    outer loop
      vertex 138.82 3.79999 68.98
      vertex 135.36 3.6 68.98
      vertex 135.36 3.79999 68.98
    endloop
  endfacet
  facet normal -1 0 0
    outer loop
      vertex 135.36 3.6 71.28
      vertex 135.36 3.79999 68.98
      vertex 135.36 3.6 68.98
    endloop
  endfacet
  facet normal -1 0 0
    outer loop
      vertex 135.36 3.79999 68.98
      vertex 135.36 3.6 71.28
      vertex 135.36 4.99999 71.28
    endloop
  endfacet
  facet normal 0 -1 0
    outer loop
      vertex 135.36 3.6 68.98
      vertex 138.82 3.6 71.28
      vertex 135.36 3.6 71.28
    endloop
  endfacet
  facet normal 0 -1 -0
    outer loop
      vertex 138.82 3.6 71.28
      vertex 135.36 3.6 68.98
      vertex 138.82 3.6 68.98
    endloop
  endfacet
  facet normal 0 0.886585 -0.462566
    outer loop
      vertex 138.82 3.79999 68.98
      vertex 135.36 4.99999 71.28
      vertex 138.82 4.99999 71.28
    endloop
  endfacet
  facet normal 0 0.886585 -0.462566
    outer loop
      vertex 135.36 4.99999 71.28
      vertex 138.82 3.79999 68.98
      vertex 135.36 3.79999 68.98
    endloop
  endfacet
  facet normal 1 -0 0
    outer loop
      vertex 138.82 3.6 71.28
      vertex 138.82 3.79999 68.98
      vertex 138.82 4.99999 71.28
    endloop
  endfacet
  facet normal 1 0 0
    outer loop
      vertex 138.82 3.79999 68.98
      vertex 138.82 3.6 71.28
      vertex 138.82 3.6 68.98
    endloop
  endfacet
endsolid OpenSCAD_Model
