solid OpenSCAD_Model
  facet normal -1 0 0
    outer loop
      vertex 0 129.4 138.218
      vertex 0 87.6 138.218
      vertex 0 129.4 138.224
    endloop
  endfacet
  facet normal -1 0 0
    outer loop
      vertex 0 134.39 140.127
      vertex 0 134.4 147.78
      vertex 0 134.4 140.127
    endloop
  endfacet
  facet normal -1 0 0
    outer loop
      vertex 0 129.426 138.237
      vertex 0 134.4 147.78
      vertex 0 134.39 140.127
    endloop
  endfacet
  facet normal -1 0 0
    outer loop
      vertex 0 129.4 138.224
      vertex 0 134.4 147.78
      vertex 0 129.426 138.237
    endloop
  endfacet
  facet normal -1 0 0
    outer loop
      vertex 0 87.6 138.218
      vertex 0 134.4 147.78
      vertex 0 129.4 138.224
    endloop
  endfacet
  facet normal -1 -0 0
    outer loop
      vertex 0 134.4 147.78
      vertex 0 87.6 138.218
      vertex 0 66.2254 147.78
    endloop
  endfacet
  facet normal -1 0 0
    outer loop
      vertex 0 134.4 1.5
      vertex 0 134.39 9.15312
      vertex 0 134.4 9.15312
    endloop
  endfacet
  facet normal -1 0 0
    outer loop
      vertex 0 134.4 1.5
      vertex 0 129.426 11.0433
      vertex 0 134.39 9.15312
    endloop
  endfacet
  facet normal -1 0 0
    outer loop
      vertex 0 134.4 1.5
      vertex 0 129.4 11.0558
      vertex 0 129.426 11.0433
    endloop
  endfacet
  facet normal -1 0 0
    outer loop
      vertex 0 129.4 11.0558
      vertex 0 87.6 11.062
      vertex 0 129.4 11.062
    endloop
  endfacet
  facet normal -1 0 0
    outer loop
      vertex 0 134.4 1.5
      vertex 0 87.6 11.062
      vertex 0 129.4 11.0558
    endloop
  endfacet
  facet normal -1 0 0
    outer loop
      vertex 0 0 1.5
      vertex 0 87.6 15.062
      vertex 0 87.6 11.062
    endloop
  endfacet
  facet normal -1 -0 0
    outer loop
      vertex 0 87.6 15.062
      vertex 0 0 1.5
      vertex 0 87.6 59.578
    endloop
  endfacet
  facet normal -1 0 -0
    outer loop
      vertex 0 13.3092 107.186
      vertex 0 87.6 59.578
      vertex 0 0 1.5
    endloop
  endfacet
  facet normal -1 0 -0
    outer loop
      vertex 0 16.6096 108.322
      vertex 0 87.6 59.578
      vertex 0 13.3092 107.186
    endloop
  endfacet
  facet normal -1 0 -0
    outer loop
      vertex 0 23.0812 110.937
      vertex 0 87.6 63.578
      vertex 0 19.8682 109.573
    endloop
  endfacet
  facet normal -1 0 -0
    outer loop
      vertex 0 46.6863 125.687
      vertex 0 87.6 89.702
      vertex 0 43.9737 123.491
    endloop
  endfacet
  facet normal -1 0 -0
    outer loop
      vertex 0 49.3206 127.977
      vertex 0 87.6 89.702
      vertex 0 46.6863 125.687
    endloop
  endfacet
  facet normal -1 0 0
    outer loop
      vertex 0 87.6 138.218
      vertex 0 65.3113 146.372
      vertex 0 66.2254 147.78
    endloop
  endfacet
  facet normal -1 0 0
    outer loop
      vertex 0 87.6 138.218
      vertex 0 63.3092 143.513
      vertex 0 65.3113 146.372
    endloop
  endfacet
  facet normal -1 0 0
    outer loop
      vertex 0 87.6 134.218
      vertex 0 63.3092 143.513
      vertex 0 87.6 138.218
    endloop
  endfacet
  facet normal -1 0 -0
    outer loop
      vertex 0 63.3092 143.513
      vertex 0 87.6 134.218
      vertex 0 61.2086 140.726
    endloop
  endfacet
  facet normal -1 0 -0
    outer loop
      vertex 0 61.2086 140.726
      vertex 0 87.6 134.218
      vertex 0 59.012 138.013
    endloop
  endfacet
  facet normal -1 0 -0
    outer loop
      vertex 0 59.012 138.013
      vertex 0 87.6 134.218
      vertex 0 56.722 135.379
    endloop
  endfacet
  facet normal -1 0 -0
    outer loop
      vertex 0 56.722 135.379
      vertex 0 87.6 134.218
      vertex 0 54.3415 132.826
    endloop
  endfacet
  facet normal -1 0 -0
    outer loop
      vertex 0 54.3415 132.826
      vertex 0 87.6 134.218
      vertex 0 51.8734 130.358
    endloop
  endfacet
  facet normal -1 0 0
    outer loop
      vertex 0 87.6 89.702
      vertex 0 51.8734 130.358
      vertex 0 87.6 134.218
    endloop
  endfacet
  facet normal -1 0 -0
    outer loop
      vertex 0 51.8734 130.358
      vertex 0 87.6 89.702
      vertex 0 49.3206 127.977
    endloop
  endfacet
  facet normal -1 0 0
    outer loop
      vertex 0 87.6 89.702
      vertex 0 41.1861 121.39
      vertex 0 43.9737 123.491
    endloop
  endfacet
  facet normal -1 0 0
    outer loop
      vertex 0 87.6 89.702
      vertex 0 38.3268 119.388
      vertex 0 41.1861 121.39
    endloop
  endfacet
  facet normal -1 0 0
    outer loop
      vertex 0 87.6 89.702
      vertex 0 35.3995 117.487
      vertex 0 38.3268 119.388
    endloop
  endfacet
  facet normal -1 0 0
    outer loop
      vertex 0 87.6 85.702
      vertex 0 35.3995 117.487
      vertex 0 87.6 89.702
    endloop
  endfacet
  facet normal -1 0 -0
    outer loop
      vertex 0 35.3995 117.487
      vertex 0 87.6 85.702
      vertex 0 32.4075 115.689
    endloop
  endfacet
  facet normal -1 0 -0
    outer loop
      vertex 0 32.4075 115.689
      vertex 0 87.6 85.702
      vertex 0 29.3547 113.997
    endloop
  endfacet
  facet normal -1 0 -0
    outer loop
      vertex 0 29.3547 113.997
      vertex 0 87.6 85.702
      vertex 0 26.2447 112.412
    endloop
  endfacet
  facet normal -1 0 0
    outer loop
      vertex 0 87.6 63.578
      vertex 0 26.2447 112.412
      vertex 0 87.6 85.702
    endloop
  endfacet
  facet normal -1 0 -0
    outer loop
      vertex 0 26.2447 112.412
      vertex 0 87.6 63.578
      vertex 0 23.0812 110.937
    endloop
  endfacet
  facet normal -1 0 -0
    outer loop
      vertex 0 19.8682 109.573
      vertex 0 87.6 63.578
      vertex 0 16.6096 108.322
    endloop
  endfacet
  facet normal -1 0 0
    outer loop
      vertex 0 87.6 59.578
      vertex 0 16.6096 108.322
      vertex 0 87.6 63.578
    endloop
  endfacet
  facet normal -1 0 0
    outer loop
      vertex 0 13.3092 107.186
      vertex 0 0 1.5
      vertex 0 9.97128 106.166
    endloop
  endfacet
  facet normal -1 0 0
    outer loop
      vertex 0 9.97128 106.166
      vertex 0 0 1.5
      vertex 0 6.59973 105.262
    endloop
  endfacet
  facet normal -1 0 0
    outer loop
      vertex 0 0 1.5
      vertex 0 87.6 11.062
      vertex 0 134.4 1.5
    endloop
  endfacet
  facet normal -1 0 0
    outer loop
      vertex 0 6.59973 105.262
      vertex 0 0 1.5
      vertex 0 3.19871 104.477
    endloop
  endfacet
  facet normal -1 0 0
    outer loop
      vertex 0 3.19871 104.477
      vertex 0 0 1.5
      vertex 0 0 103.855
    endloop
  endfacet
  facet normal -1 0 0
    outer loop
      vertex 0 87.6 15.062
      vertex 0 129.4 15.0682
      vertex 0 129.4 15.062
    endloop
  endfacet
  facet normal -1 -0 0
    outer loop
      vertex 0 129.4 15.0682
      vertex 0 87.6 15.062
      vertex 0 129.4 59.5718
    endloop
  endfacet
  facet normal -1 0 0
    outer loop
      vertex 0 87.6 59.578
      vertex 0 129.4 59.5718
      vertex 0 87.6 15.062
    endloop
  endfacet
  facet normal -1 0 0
    outer loop
      vertex 0 129.4 59.5718
      vertex 0 87.6 59.578
      vertex 0 129.4 59.578
    endloop
  endfacet
  facet normal -1 0 0
    outer loop
      vertex 0 134.39 16.9709
      vertex 0 134.4 57.6691
      vertex 0 134.4 16.9709
    endloop
  endfacet
  facet normal -1 0 0
    outer loop
      vertex 0 134.39 16.9709
      vertex 0 134.39 57.6691
      vertex 0 134.4 57.6691
    endloop
  endfacet
  facet normal -1 0 0
    outer loop
      vertex 0 129.426 15.0807
      vertex 0 134.39 57.6691
      vertex 0 134.39 16.9709
    endloop
  endfacet
  facet normal -1 0 0
    outer loop
      vertex 0 129.426 15.0807
      vertex 0 129.426 59.5593
      vertex 0 134.39 57.6691
    endloop
  endfacet
  facet normal -1 0 0
    outer loop
      vertex 0 129.4 15.0682
      vertex 0 129.426 59.5593
      vertex 0 129.426 15.0807
    endloop
  endfacet
  facet normal -1 -0 0
    outer loop
      vertex 0 129.426 59.5593
      vertex 0 129.4 15.0682
      vertex 0 129.4 59.5718
    endloop
  endfacet
  facet normal -1 0 0
    outer loop
      vertex 0 87.6 63.578
      vertex 0 129.4 63.5842
      vertex 0 129.4 63.578
    endloop
  endfacet
  facet normal -1 -0 0
    outer loop
      vertex 0 129.4 63.5842
      vertex 0 87.6 63.578
      vertex 0 129.4 85.6958
    endloop
  endfacet
  facet normal -1 0 0
    outer loop
      vertex 0 87.6 85.702
      vertex 0 129.4 85.6958
      vertex 0 87.6 63.578
    endloop
  endfacet
  facet normal -1 0 0
    outer loop
      vertex 0 129.4 85.6958
      vertex 0 87.6 85.702
      vertex 0 129.4 85.702
    endloop
  endfacet
  facet normal -1 0 0
    outer loop
      vertex 0 134.39 65.4869
      vertex 0 134.4 83.7931
      vertex 0 134.4 65.4869
    endloop
  endfacet
  facet normal -1 0 0
    outer loop
      vertex 0 134.39 65.4869
      vertex 0 134.39 83.7931
      vertex 0 134.4 83.7931
    endloop
  endfacet
  facet normal -1 0 0
    outer loop
      vertex 0 129.426 63.5967
      vertex 0 134.39 83.7931
      vertex 0 134.39 65.4869
    endloop
  endfacet
  facet normal -1 0 0
    outer loop
      vertex 0 129.426 63.5967
      vertex 0 129.426 85.6833
      vertex 0 134.39 83.7931
    endloop
  endfacet
  facet normal -1 0 0
    outer loop
      vertex 0 129.4 63.5842
      vertex 0 129.426 85.6833
      vertex 0 129.426 63.5967
    endloop
  endfacet
  facet normal -1 -0 0
    outer loop
      vertex 0 129.426 85.6833
      vertex 0 129.4 63.5842
      vertex 0 129.4 85.6958
    endloop
  endfacet
  facet normal -1 0 0
    outer loop
      vertex 0 87.6 89.702
      vertex 0 129.4 89.7082
      vertex 0 129.4 89.702
    endloop
  endfacet
  facet normal -1 -0 0
    outer loop
      vertex 0 129.4 89.7082
      vertex 0 87.6 89.702
      vertex 0 129.4 134.212
    endloop
  endfacet
  facet normal -1 0 0
    outer loop
      vertex 0 87.6 134.218
      vertex 0 129.4 134.212
      vertex 0 87.6 89.702
    endloop
  endfacet
  facet normal -1 0 0
    outer loop
      vertex 0 129.4 134.212
      vertex 0 87.6 134.218
      vertex 0 129.4 134.218
    endloop
  endfacet
  facet normal -1 0 0
    outer loop
      vertex 0 134.39 91.6109
      vertex 0 134.4 132.309
      vertex 0 134.4 91.6109
    endloop
  endfacet
  facet normal -1 0 0
    outer loop
      vertex 0 134.39 91.6109
      vertex 0 134.39 132.309
      vertex 0 134.4 132.309
    endloop
  endfacet
  facet normal -1 0 0
    outer loop
      vertex 0 129.426 89.7207
      vertex 0 134.39 132.309
      vertex 0 134.39 91.6109
    endloop
  endfacet
  facet normal -1 0 0
    outer loop
      vertex 0 129.426 89.7207
      vertex 0 129.426 134.199
      vertex 0 134.39 132.309
    endloop
  endfacet
  facet normal -1 0 0
    outer loop
      vertex 0 129.4 89.7082
      vertex 0 129.426 134.199
      vertex 0 129.426 89.7207
    endloop
  endfacet
  facet normal -1 -0 0
    outer loop
      vertex 0 129.426 134.199
      vertex 0 129.4 89.7082
      vertex 0 129.4 134.212
    endloop
  endfacet
  facet normal 1 0 0
    outer loop
      vertex 146.12 134.4 147.78
      vertex 146.12 134.39 140.127
      vertex 146.12 134.4 140.127
    endloop
  endfacet
  facet normal 1 0 0
    outer loop
      vertex 146.12 134.4 147.78
      vertex 146.12 129.426 138.237
      vertex 146.12 134.39 140.127
    endloop
  endfacet
  facet normal 1 0 0
    outer loop
      vertex 146.12 134.4 147.78
      vertex 146.12 129.4 138.224
      vertex 146.12 129.426 138.237
    endloop
  endfacet
  facet normal 1 0 0
    outer loop
      vertex 146.12 129.4 138.224
      vertex 146.12 87.6 138.218
      vertex 146.12 129.4 138.218
    endloop
  endfacet
  facet normal 1 0 0
    outer loop
      vertex 146.12 134.4 147.78
      vertex 146.12 87.6 138.218
      vertex 146.12 129.4 138.224
    endloop
  endfacet
  facet normal 1 0 0
    outer loop
      vertex 146.12 63.3092 143.513
      vertex 146.12 87.6 134.218
      vertex 146.12 87.6 138.218
    endloop
  endfacet
  facet normal 1 0 0
    outer loop
      vertex 146.12 51.8734 130.358
      vertex 146.12 87.6 134.218
      vertex 146.12 54.3415 132.826
    endloop
  endfacet
  facet normal 1 0 0
    outer loop
      vertex 146.12 87.6 134.218
      vertex 146.12 51.8734 130.358
      vertex 146.12 87.6 89.702
    endloop
  endfacet
  facet normal 1 -0 0
    outer loop
      vertex 146.12 43.9737 123.491
      vertex 146.12 87.6 89.702
      vertex 146.12 46.6863 125.687
    endloop
  endfacet
  facet normal 1 -0 0
    outer loop
      vertex 146.12 41.1861 121.39
      vertex 146.12 87.6 89.702
      vertex 146.12 43.9737 123.491
    endloop
  endfacet
  facet normal 1 0 0
    outer loop
      vertex 146.12 87.6 89.702
      vertex 146.12 35.3995 117.487
      vertex 146.12 87.6 85.702
    endloop
  endfacet
  facet normal 1 -0 0
    outer loop
      vertex 146.12 65.3113 146.372
      vertex 146.12 87.6 138.218
      vertex 146.12 66.2254 147.78
    endloop
  endfacet
  facet normal 1 -0 0
    outer loop
      vertex 146.12 66.2254 147.78
      vertex 146.12 87.6 138.218
      vertex 146.12 134.4 147.78
    endloop
  endfacet
  facet normal 1 -0 0
    outer loop
      vertex 146.12 87.6 134.218
      vertex 146.12 129.4 134.212
      vertex 146.12 129.4 134.218
    endloop
  endfacet
  facet normal 1 0 0
    outer loop
      vertex 146.12 129.4 134.212
      vertex 146.12 87.6 134.218
      vertex 146.12 129.4 89.7082
    endloop
  endfacet
  facet normal 1 0 0
    outer loop
      vertex 146.12 87.6 89.702
      vertex 146.12 129.4 89.7082
      vertex 146.12 87.6 134.218
    endloop
  endfacet
  facet normal 1 0 0
    outer loop
      vertex 146.12 129.4 89.7082
      vertex 146.12 87.6 89.702
      vertex 146.12 129.4 89.702
    endloop
  endfacet
  facet normal 1 -0 0
    outer loop
      vertex 146.12 134.39 132.309
      vertex 146.12 134.4 91.6109
      vertex 146.12 134.4 132.309
    endloop
  endfacet
  facet normal 1 0 0
    outer loop
      vertex 146.12 134.39 132.309
      vertex 146.12 134.39 91.6109
      vertex 146.12 134.4 91.6109
    endloop
  endfacet
  facet normal 1 0 0
    outer loop
      vertex 146.12 129.426 134.199
      vertex 146.12 134.39 91.6109
      vertex 146.12 134.39 132.309
    endloop
  endfacet
  facet normal 1 0 0
    outer loop
      vertex 146.12 129.426 134.199
      vertex 146.12 129.426 89.7207
      vertex 146.12 134.39 91.6109
    endloop
  endfacet
  facet normal 1 0 0
    outer loop
      vertex 146.12 129.4 134.212
      vertex 146.12 129.426 89.7207
      vertex 146.12 129.426 134.199
    endloop
  endfacet
  facet normal 1 0 0
    outer loop
      vertex 146.12 129.426 89.7207
      vertex 146.12 129.4 134.212
      vertex 146.12 129.4 89.7082
    endloop
  endfacet
  facet normal 1 -0 0
    outer loop
      vertex 146.12 87.6 85.702
      vertex 146.12 129.4 85.6958
      vertex 146.12 129.4 85.702
    endloop
  endfacet
  facet normal 1 0 0
    outer loop
      vertex 146.12 129.4 85.6958
      vertex 146.12 87.6 85.702
      vertex 146.12 129.4 63.5842
    endloop
  endfacet
  facet normal 1 0 0
    outer loop
      vertex 146.12 87.6 63.578
      vertex 146.12 129.4 63.5842
      vertex 146.12 87.6 85.702
    endloop
  endfacet
  facet normal 1 0 0
    outer loop
      vertex 146.12 129.4 63.5842
      vertex 146.12 87.6 63.578
      vertex 146.12 129.4 63.578
    endloop
  endfacet
  facet normal 1 -0 0
    outer loop
      vertex 146.12 134.39 83.7931
      vertex 146.12 134.4 65.4869
      vertex 146.12 134.4 83.7931
    endloop
  endfacet
  facet normal 1 0 0
    outer loop
      vertex 146.12 134.39 83.7931
      vertex 146.12 134.39 65.4869
      vertex 146.12 134.4 65.4869
    endloop
  endfacet
  facet normal 1 0 0
    outer loop
      vertex 146.12 129.426 85.6833
      vertex 146.12 134.39 65.4869
      vertex 146.12 134.39 83.7931
    endloop
  endfacet
  facet normal 1 0 0
    outer loop
      vertex 146.12 129.426 85.6833
      vertex 146.12 129.426 63.5967
      vertex 146.12 134.39 65.4869
    endloop
  endfacet
  facet normal 1 0 0
    outer loop
      vertex 146.12 129.4 85.6958
      vertex 146.12 129.426 63.5967
      vertex 146.12 129.426 85.6833
    endloop
  endfacet
  facet normal 1 0 0
    outer loop
      vertex 146.12 129.426 63.5967
      vertex 146.12 129.4 85.6958
      vertex 146.12 129.4 63.5842
    endloop
  endfacet
  facet normal 1 -0 0
    outer loop
      vertex 146.12 87.6 59.578
      vertex 146.12 129.4 59.5718
      vertex 146.12 129.4 59.578
    endloop
  endfacet
  facet normal 1 0 0
    outer loop
      vertex 146.12 129.4 59.5718
      vertex 146.12 87.6 59.578
      vertex 146.12 129.4 15.0682
    endloop
  endfacet
  facet normal 1 0 0
    outer loop
      vertex 146.12 87.6 15.062
      vertex 146.12 129.4 15.0682
      vertex 146.12 87.6 59.578
    endloop
  endfacet
  facet normal 1 0 0
    outer loop
      vertex 146.12 129.4 15.0682
      vertex 146.12 87.6 15.062
      vertex 146.12 129.4 15.062
    endloop
  endfacet
  facet normal 1 -0 0
    outer loop
      vertex 146.12 134.39 57.6691
      vertex 146.12 134.4 16.9709
      vertex 146.12 134.4 57.6691
    endloop
  endfacet
  facet normal 1 0 0
    outer loop
      vertex 146.12 134.39 57.6691
      vertex 146.12 134.39 16.9709
      vertex 146.12 134.4 16.9709
    endloop
  endfacet
  facet normal 1 0 0
    outer loop
      vertex 146.12 129.426 59.5593
      vertex 146.12 134.39 16.9709
      vertex 146.12 134.39 57.6691
    endloop
  endfacet
  facet normal 1 0 0
    outer loop
      vertex 146.12 129.426 59.5593
      vertex 146.12 129.426 15.0807
      vertex 146.12 134.39 16.9709
    endloop
  endfacet
  facet normal 1 0 0
    outer loop
      vertex 146.12 129.4 59.5718
      vertex 146.12 129.426 15.0807
      vertex 146.12 129.426 59.5593
    endloop
  endfacet
  facet normal 1 0 0
    outer loop
      vertex 146.12 129.426 15.0807
      vertex 146.12 129.4 59.5718
      vertex 146.12 129.4 15.0682
    endloop
  endfacet
  facet normal 1 0 0
    outer loop
      vertex 146.12 129.4 11.062
      vertex 146.12 87.6 11.062
      vertex 146.12 129.4 11.0558
    endloop
  endfacet
  facet normal 1 -0 0
    outer loop
      vertex 146.12 134.39 9.15312
      vertex 146.12 134.4 1.5
      vertex 146.12 134.4 9.15312
    endloop
  endfacet
  facet normal 1 0 0
    outer loop
      vertex 146.12 129.426 11.0433
      vertex 146.12 134.4 1.5
      vertex 146.12 134.39 9.15312
    endloop
  endfacet
  facet normal 1 0 0
    outer loop
      vertex 146.12 129.4 11.0558
      vertex 146.12 134.4 1.5
      vertex 146.12 129.426 11.0433
    endloop
  endfacet
  facet normal 1 0 0
    outer loop
      vertex 146.12 87.6 11.062
      vertex 146.12 134.4 1.5
      vertex 146.12 129.4 11.0558
    endloop
  endfacet
  facet normal 1 -0 0
    outer loop
      vertex 146.12 63.3092 143.513
      vertex 146.12 87.6 138.218
      vertex 146.12 65.3113 146.372
    endloop
  endfacet
  facet normal 1 0 0
    outer loop
      vertex 146.12 87.6 134.218
      vertex 146.12 63.3092 143.513
      vertex 146.12 61.2086 140.726
    endloop
  endfacet
  facet normal 1 0 0
    outer loop
      vertex 146.12 87.6 134.218
      vertex 146.12 61.2086 140.726
      vertex 146.12 59.012 138.013
    endloop
  endfacet
  facet normal 1 0 0
    outer loop
      vertex 146.12 87.6 134.218
      vertex 146.12 59.012 138.013
      vertex 146.12 56.722 135.379
    endloop
  endfacet
  facet normal 1 0 0
    outer loop
      vertex 146.12 87.6 134.218
      vertex 146.12 56.722 135.379
      vertex 146.12 54.3415 132.826
    endloop
  endfacet
  facet normal 1 -0 0
    outer loop
      vertex 146.12 49.3206 127.977
      vertex 146.12 87.6 89.702
      vertex 146.12 51.8734 130.358
    endloop
  endfacet
  facet normal 1 -0 0
    outer loop
      vertex 146.12 46.6863 125.687
      vertex 146.12 87.6 89.702
      vertex 146.12 49.3206 127.977
    endloop
  endfacet
  facet normal 1 -0 0
    outer loop
      vertex 146.12 38.3268 119.388
      vertex 146.12 87.6 89.702
      vertex 146.12 41.1861 121.39
    endloop
  endfacet
  facet normal 1 -0 0
    outer loop
      vertex 146.12 35.3995 117.487
      vertex 146.12 87.6 89.702
      vertex 146.12 38.3268 119.388
    endloop
  endfacet
  facet normal 1 -0 0
    outer loop
      vertex 146.12 32.4075 115.689
      vertex 146.12 87.6 85.702
      vertex 146.12 35.3995 117.487
    endloop
  endfacet
  facet normal 1 -0 0
    outer loop
      vertex 146.12 29.3547 113.997
      vertex 146.12 87.6 85.702
      vertex 146.12 32.4075 115.689
    endloop
  endfacet
  facet normal 1 -0 0
    outer loop
      vertex 146.12 26.2447 112.412
      vertex 146.12 87.6 85.702
      vertex 146.12 29.3547 113.997
    endloop
  endfacet
  facet normal 1 0 0
    outer loop
      vertex 146.12 87.6 85.702
      vertex 146.12 26.2447 112.412
      vertex 146.12 87.6 63.578
    endloop
  endfacet
  facet normal 1 -0 0
    outer loop
      vertex 146.12 23.0812 110.937
      vertex 146.12 87.6 63.578
      vertex 146.12 26.2447 112.412
    endloop
  endfacet
  facet normal 1 -0 0
    outer loop
      vertex 146.12 19.8682 109.573
      vertex 146.12 87.6 63.578
      vertex 146.12 23.0812 110.937
    endloop
  endfacet
  facet normal 1 0 0
    outer loop
      vertex 146.12 87.6 63.578
      vertex 146.12 19.8682 109.573
      vertex 146.12 87.6 59.578
    endloop
  endfacet
  facet normal 1 -0 0
    outer loop
      vertex 146.12 16.6096 108.322
      vertex 146.12 87.6 59.578
      vertex 146.12 19.8682 109.573
    endloop
  endfacet
  facet normal 1 -0 0
    outer loop
      vertex 146.12 13.3092 107.186
      vertex 146.12 87.6 59.578
      vertex 146.12 16.6096 108.322
    endloop
  endfacet
  facet normal 1 0 0
    outer loop
      vertex 146.12 87.6 59.578
      vertex 146.12 0 1.5
      vertex 146.12 87.6 15.062
    endloop
  endfacet
  facet normal 1 0 0
    outer loop
      vertex 146.12 87.6 59.578
      vertex 146.12 13.3092 107.186
      vertex 146.12 0 1.5
    endloop
  endfacet
  facet normal 1 0 0
    outer loop
      vertex 146.12 0 1.5
      vertex 146.12 13.3092 107.186
      vertex 146.12 9.97128 106.166
    endloop
  endfacet
  facet normal 1 0 0
    outer loop
      vertex 146.12 0 1.5
      vertex 146.12 9.97128 106.166
      vertex 146.12 6.59973 105.262
    endloop
  endfacet
  facet normal 1 0 0
    outer loop
      vertex 146.12 0 1.5
      vertex 146.12 6.59973 105.262
      vertex 146.12 3.19871 104.477
    endloop
  endfacet
  facet normal 1 0 0
    outer loop
      vertex 146.12 0 1.5
      vertex 146.12 3.19871 104.477
      vertex 146.12 0 103.855
    endloop
  endfacet
  facet normal 1 0 0
    outer loop
      vertex 146.12 87.6 11.062
      vertex 146.12 0 1.5
      vertex 146.12 134.4 1.5
    endloop
  endfacet
  facet normal 1 0 0
    outer loop
      vertex 146.12 87.6 15.062
      vertex 146.12 0 1.5
      vertex 146.12 87.6 11.062
    endloop
  endfacet
  facet normal 0.707107 0 -0.707107
    outer loop
      vertex 146.12 0 1.5
      vertex 144.62 134.4 0
      vertex 146.12 134.4 1.5
    endloop
  endfacet
  facet normal 0.707107 0 -0.707107
    outer loop
      vertex 144.62 134.4 0
      vertex 146.12 0 1.5
      vertex 144.62 0 0
    endloop
  endfacet
  facet normal 0 1 0
    outer loop
      vertex 56.3651 134.4 0
      vertex 18.411 134.4 1.92999
      vertex 54.649 134.4 1.92999
    endloop
  endfacet
  facet normal 0 1 0
    outer loop
      vertex 18.411 134.4 1.92999
      vertex 56.3651 134.4 0
      vertex 16.6949 134.4 0
    endloop
  endfacet
  facet normal 0 1 0
    outer loop
      vertex 81.9371 134.4 0
      vertex 65.899 134.4 1.92999
      vertex 80.221 134.4 1.92999
    endloop
  endfacet
  facet normal 0 1 0
    outer loop
      vertex 65.899 134.4 1.92999
      vertex 81.9371 134.4 0
      vertex 64.1829 134.4 0
    endloop
  endfacet
  facet normal 0 1 0
    outer loop
      vertex 129.425 134.4 0
      vertex 91.471 134.4 1.92999
      vertex 127.709 134.4 1.92999
    endloop
  endfacet
  facet normal 0 1 0
    outer loop
      vertex 91.471 134.4 1.92999
      vertex 129.425 134.4 0
      vertex 89.7549 134.4 0
    endloop
  endfacet
  facet normal 0 1 0
    outer loop
      vertex 144.19 134.4 67.203
      vertex 80.221 134.4 1.92999
      vertex 1.92999 134.4 67.203
    endloop
  endfacet
  facet normal 0 1 -0
    outer loop
      vertex 146.12 134.4 1.5
      vertex 144.19 134.4 7.437
      vertex 146.12 134.4 9.15312
    endloop
  endfacet
  facet normal 0 1 0
    outer loop
      vertex 144.19 134.4 7.437
      vertex 146.12 134.4 1.5
      vertex 138.959 134.4 1.92999
    endloop
  endfacet
  facet normal 0 1 -0
    outer loop
      vertex 144.62 134.4 0
      vertex 138.959 134.4 1.92999
      vertex 146.12 134.4 1.5
    endloop
  endfacet
  facet normal 0 1 0
    outer loop
      vertex 138.959 134.4 1.92999
      vertex 144.62 134.4 0
      vertex 137.243 134.4 0
    endloop
  endfacet
  facet normal 0 1 0
    outer loop
      vertex 127.709 134.4 1.92999
      vertex 144.19 134.4 7.437
      vertex 138.959 134.4 1.92999
    endloop
  endfacet
  facet normal 0 1 -0
    outer loop
      vertex 144.19 134.4 7.437
      vertex 127.709 134.4 1.92999
      vertex 144.19 134.4 18.687
    endloop
  endfacet
  facet normal 0 1 0
    outer loop
      vertex 91.471 134.4 1.92999
      vertex 144.19 134.4 18.687
      vertex 127.709 134.4 1.92999
    endloop
  endfacet
  facet normal 0 1 0
    outer loop
      vertex 146.12 134.4 57.6691
      vertex 144.19 134.4 18.687
      vertex 144.19 134.4 55.953
    endloop
  endfacet
  facet normal -0 1 0
    outer loop
      vertex 144.19 134.4 18.687
      vertex 146.12 134.4 57.6691
      vertex 146.12 134.4 16.9709
    endloop
  endfacet
  facet normal 0 1 0
    outer loop
      vertex 80.221 134.4 1.92999
      vertex 144.19 134.4 55.953
      vertex 91.471 134.4 1.92999
    endloop
  endfacet
  facet normal 0 1 -0
    outer loop
      vertex 144.19 134.4 55.953
      vertex 80.221 134.4 1.92999
      vertex 144.19 134.4 67.203
    endloop
  endfacet
  facet normal 0 1 0
    outer loop
      vertex 144.19 134.4 82.077
      vertex 144.19 134.4 67.203
      vertex 1.92999 134.4 82.077
    endloop
  endfacet
  facet normal 0 1 0
    outer loop
      vertex 146.12 134.4 83.7931
      vertex 144.19 134.4 67.203
      vertex 144.19 134.4 82.077
    endloop
  endfacet
  facet normal -0 1 0
    outer loop
      vertex 144.19 134.4 67.203
      vertex 146.12 134.4 83.7931
      vertex 146.12 134.4 65.4869
    endloop
  endfacet
  facet normal 0 1 0
    outer loop
      vertex 1.92999 134.4 82.077
      vertex 65.899 134.4 147.35
      vertex 144.19 134.4 82.077
    endloop
  endfacet
  facet normal 0 1 0
    outer loop
      vertex 65.899 134.4 147.35
      vertex 1.92999 134.4 82.077
      vertex 1.92999 134.4 93.327
    endloop
  endfacet
  facet normal 0 1 0
    outer loop
      vertex 65.899 134.4 147.35
      vertex 1.92999 134.4 93.327
      vertex 54.649 134.4 147.35
    endloop
  endfacet
  facet normal 0 1 0
    outer loop
      vertex 146.12 134.4 132.309
      vertex 144.19 134.4 93.327
      vertex 144.19 134.4 130.593
    endloop
  endfacet
  facet normal -0 1 0
    outer loop
      vertex 144.19 134.4 93.327
      vertex 146.12 134.4 132.309
      vertex 146.12 134.4 91.6109
    endloop
  endfacet
  facet normal 0 1 0
    outer loop
      vertex 80.221 134.4 147.35
      vertex 144.19 134.4 82.077
      vertex 65.899 134.4 147.35
    endloop
  endfacet
  facet normal 0 1 0
    outer loop
      vertex 54.649 134.4 147.35
      vertex 1.92999 134.4 130.593
      vertex 1.92999 134.4 141.843
    endloop
  endfacet
  facet normal 0 1 0
    outer loop
      vertex 138.959 134.4 147.35
      vertex 144.62 134.4 149.28
      vertex 146.12 134.4 147.78
    endloop
  endfacet
  facet normal 0 1 0
    outer loop
      vertex 144.62 134.4 149.28
      vertex 138.959 134.4 147.35
      vertex 137.243 134.4 149.28
    endloop
  endfacet
  facet normal 0 1 0
    outer loop
      vertex 144.19 134.4 141.843
      vertex 127.709 134.4 147.35
      vertex 138.959 134.4 147.35
    endloop
  endfacet
  facet normal 0 1 -0
    outer loop
      vertex 144.19 134.4 130.593
      vertex 127.709 134.4 147.35
      vertex 144.19 134.4 141.843
    endloop
  endfacet
  facet normal 0 1 0
    outer loop
      vertex 127.709 134.4 147.35
      vertex 144.19 134.4 130.593
      vertex 91.471 134.4 147.35
    endloop
  endfacet
  facet normal 0 1 -0
    outer loop
      vertex 144.19 134.4 93.327
      vertex 91.471 134.4 147.35
      vertex 144.19 134.4 130.593
    endloop
  endfacet
  facet normal 0 1 0
    outer loop
      vertex 91.471 134.4 147.35
      vertex 144.19 134.4 93.327
      vertex 80.221 134.4 147.35
    endloop
  endfacet
  facet normal 0 1 -0
    outer loop
      vertex 144.19 134.4 82.077
      vertex 80.221 134.4 147.35
      vertex 144.19 134.4 93.327
    endloop
  endfacet
  facet normal 0 1 0
    outer loop
      vertex 54.649 134.4 147.35
      vertex 1.92999 134.4 141.843
      vertex 18.411 134.4 147.35
    endloop
  endfacet
  facet normal 0 1 0
    outer loop
      vertex 146.12 134.4 147.78
      vertex 144.19 134.4 141.843
      vertex 138.959 134.4 147.35
    endloop
  endfacet
  facet normal -0 1 0
    outer loop
      vertex 144.19 134.4 141.843
      vertex 146.12 134.4 147.78
      vertex 146.12 134.4 140.127
    endloop
  endfacet
  facet normal 0 1 -0
    outer loop
      vertex 127.709 134.4 147.35
      vertex 89.7549 134.4 149.28
      vertex 129.425 134.4 149.28
    endloop
  endfacet
  facet normal 0 1 0
    outer loop
      vertex 89.7549 134.4 149.28
      vertex 127.709 134.4 147.35
      vertex 91.471 134.4 147.35
    endloop
  endfacet
  facet normal 0 1 -0
    outer loop
      vertex 80.221 134.4 147.35
      vertex 64.1829 134.4 149.28
      vertex 81.9371 134.4 149.28
    endloop
  endfacet
  facet normal 0 1 0
    outer loop
      vertex 64.1829 134.4 149.28
      vertex 80.221 134.4 147.35
      vertex 65.899 134.4 147.35
    endloop
  endfacet
  facet normal 0 1 -0
    outer loop
      vertex 54.649 134.4 147.35
      vertex 16.6949 134.4 149.28
      vertex 56.3651 134.4 149.28
    endloop
  endfacet
  facet normal 0 1 0
    outer loop
      vertex 16.6949 134.4 149.28
      vertex 54.649 134.4 147.35
      vertex 18.411 134.4 147.35
    endloop
  endfacet
  facet normal 0 1 -0
    outer loop
      vertex 7.161 134.4 147.35
      vertex 1.5 134.4 149.28
      vertex 8.87712 134.4 149.28
    endloop
  endfacet
  facet normal 0 1 0
    outer loop
      vertex 1.5 134.4 149.28
      vertex 7.161 134.4 147.35
      vertex 0 134.4 147.78
    endloop
  endfacet
  facet normal 0 1 0
    outer loop
      vertex 18.411 134.4 147.35
      vertex 1.92999 134.4 141.843
      vertex 7.161 134.4 147.35
    endloop
  endfacet
  facet normal 0 1 -0
    outer loop
      vertex 1.92999 134.4 141.843
      vertex 0 134.4 147.78
      vertex 7.161 134.4 147.35
    endloop
  endfacet
  facet normal 0 1 0
    outer loop
      vertex 0 134.4 147.78
      vertex 1.92999 134.4 141.843
      vertex 0 134.4 140.127
    endloop
  endfacet
  facet normal 0 1 0
    outer loop
      vertex 54.649 134.4 147.35
      vertex 1.92999 134.4 93.327
      vertex 1.92999 134.4 130.593
    endloop
  endfacet
  facet normal 0 1 -0
    outer loop
      vertex 1.92999 134.4 93.327
      vertex 0 134.4 132.309
      vertex 1.92999 134.4 130.593
    endloop
  endfacet
  facet normal 0 1 0
    outer loop
      vertex 0 134.4 132.309
      vertex 1.92999 134.4 93.327
      vertex 0 134.4 91.6109
    endloop
  endfacet
  facet normal 0 1 0
    outer loop
      vertex 1.92999 134.4 67.203
      vertex 1.92999 134.4 82.077
      vertex 144.19 134.4 67.203
    endloop
  endfacet
  facet normal 0 1 -0
    outer loop
      vertex 1.92999 134.4 67.203
      vertex 0 134.4 83.7931
      vertex 1.92999 134.4 82.077
    endloop
  endfacet
  facet normal 0 1 0
    outer loop
      vertex 0 134.4 83.7931
      vertex 1.92999 134.4 67.203
      vertex 0 134.4 65.4869
    endloop
  endfacet
  facet normal 0 1 -0
    outer loop
      vertex 144.19 134.4 18.687
      vertex 91.471 134.4 1.92999
      vertex 144.19 134.4 55.953
    endloop
  endfacet
  facet normal 0 1 -0
    outer loop
      vertex 1.92999 134.4 18.687
      vertex 0 134.4 57.6691
      vertex 1.92999 134.4 55.953
    endloop
  endfacet
  facet normal 0 1 0
    outer loop
      vertex 0 134.4 57.6691
      vertex 1.92999 134.4 18.687
      vertex 0 134.4 16.9709
    endloop
  endfacet
  facet normal 0 1 -0
    outer loop
      vertex 65.899 134.4 1.92999
      vertex 1.92999 134.4 67.203
      vertex 80.221 134.4 1.92999
    endloop
  endfacet
  facet normal 0 1 0
    outer loop
      vertex 1.92999 134.4 67.203
      vertex 65.899 134.4 1.92999
      vertex 1.92999 134.4 55.953
    endloop
  endfacet
  facet normal 0 1 -0
    outer loop
      vertex 54.649 134.4 1.92999
      vertex 1.92999 134.4 55.953
      vertex 65.899 134.4 1.92999
    endloop
  endfacet
  facet normal 0 1 0
    outer loop
      vertex 1.92999 134.4 55.953
      vertex 54.649 134.4 1.92999
      vertex 1.92999 134.4 18.687
    endloop
  endfacet
  facet normal 0 1 -0
    outer loop
      vertex 18.411 134.4 1.92999
      vertex 1.92999 134.4 18.687
      vertex 54.649 134.4 1.92999
    endloop
  endfacet
  facet normal 0 1 0
    outer loop
      vertex 1.92999 134.4 18.687
      vertex 18.411 134.4 1.92999
      vertex 1.92999 134.4 7.437
    endloop
  endfacet
  facet normal 0 1 -0
    outer loop
      vertex 7.161 134.4 1.92999
      vertex 1.92999 134.4 7.437
      vertex 18.411 134.4 1.92999
    endloop
  endfacet
  facet normal 0 1 0
    outer loop
      vertex 0 134.4 1.5
      vertex 1.92999 134.4 7.437
      vertex 7.161 134.4 1.92999
    endloop
  endfacet
  facet normal 0 1 0
    outer loop
      vertex 1.92999 134.4 7.437
      vertex 0 134.4 1.5
      vertex 0 134.4 9.15312
    endloop
  endfacet
  facet normal 0 1 0
    outer loop
      vertex 1.5 134.4 0
      vertex 7.161 134.4 1.92999
      vertex 8.87712 134.4 0
    endloop
  endfacet
  facet normal 0 1 0
    outer loop
      vertex 7.161 134.4 1.92999
      vertex 1.5 134.4 0
      vertex 0 134.4 1.5
    endloop
  endfacet
  facet normal 0.707107 -0 0.707107
    outer loop
      vertex 144.62 67.1995 149.28
      vertex 146.12 134.4 147.78
      vertex 144.62 134.4 149.28
    endloop
  endfacet
  facet normal 0.707107 0 0.707107
    outer loop
      vertex 146.12 134.4 147.78
      vertex 144.62 67.1995 149.28
      vertex 146.12 66.2254 147.78
    endloop
  endfacet
  facet normal -0.707107 0 -0.707107
    outer loop
      vertex 1.5 0 0
      vertex 0 134.4 1.5
      vertex 1.5 134.4 0
    endloop
  endfacet
  facet normal -0.707107 -0 -0.707107
    outer loop
      vertex 0 134.4 1.5
      vertex 1.5 0 0
      vertex 0 0 1.5
    endloop
  endfacet
  facet normal -0.707107 0 0.707107
    outer loop
      vertex 0 134.4 147.78
      vertex 1.5 67.1995 149.28
      vertex 1.5 134.4 149.28
    endloop
  endfacet
  facet normal -0.707107 0 0.707107
    outer loop
      vertex 1.5 67.1995 149.28
      vertex 0 134.4 147.78
      vertex 0 66.2254 147.78
    endloop
  endfacet
  facet normal 0 0 -1
    outer loop
      vertex 135.334 87.6 0
      vertex 144.62 134.4 0
      vertex 144.62 0 0
    endloop
  endfacet
  facet normal 0 -0 -1
    outer loop
      vertex 135.34 129.4 0
      vertex 144.62 134.4 0
      vertex 135.334 87.6 0
    endloop
  endfacet
  facet normal 0 0 -1
    outer loop
      vertex 144.62 134.4 0
      vertex 135.353 129.426 0
      vertex 137.243 134.39 0
    endloop
  endfacet
  facet normal 0 0 -1
    outer loop
      vertex 144.62 134.4 0
      vertex 135.34 129.4 0
      vertex 135.353 129.426 0
    endloop
  endfacet
  facet normal 0 0 -1
    outer loop
      vertex 144.62 0 0
      vertex 131.334 87.6 0
      vertex 135.334 87.6 0
    endloop
  endfacet
  facet normal 0 0 -1
    outer loop
      vertex 131.334 87.6 0
      vertex 131.328 129.4 0
      vertex 131.334 129.4 0
    endloop
  endfacet
  facet normal 0 0 -1
    outer loop
      vertex 87.8522 129.4 0
      vertex 131.328 129.4 0
      vertex 131.334 87.6 0
    endloop
  endfacet
  facet normal 0 0 -1
    outer loop
      vertex 131.328 129.4 0
      vertex 87.8522 129.4 0
      vertex 131.315 129.426 0
    endloop
  endfacet
  facet normal 0 0 -1
    outer loop
      vertex 129.425 134.39 0
      vertex 89.7549 134.39 0
      vertex 129.425 134.4 0
    endloop
  endfacet
  facet normal 0 -0 -1
    outer loop
      vertex 87.8647 129.426 0
      vertex 131.315 129.426 0
      vertex 87.8522 129.4 0
    endloop
  endfacet
  facet normal 0 0 -1
    outer loop
      vertex 87.846 87.6 0
      vertex 131.334 87.6 0
      vertex 144.62 0 0
    endloop
  endfacet
  facet normal 0 -0 -1
    outer loop
      vertex 87.8522 129.4 0
      vertex 131.334 87.6 0
      vertex 87.846 87.6 0
    endloop
  endfacet
  facet normal -0 0 -1
    outer loop
      vertex 129.425 134.39 0
      vertex 87.8647 129.426 0
      vertex 89.7549 134.39 0
    endloop
  endfacet
  facet normal 0 0 -1
    outer loop
      vertex 131.315 129.426 0
      vertex 87.8647 129.426 0
      vertex 129.425 134.39 0
    endloop
  endfacet
  facet normal 0 0 -1
    outer loop
      vertex 144.62 0 0
      vertex 83.846 87.6 0
      vertex 87.846 87.6 0
    endloop
  endfacet
  facet normal 0 0 -1
    outer loop
      vertex 83.846 87.6 0
      vertex 83.8398 129.4 0
      vertex 83.846 129.4 0
    endloop
  endfacet
  facet normal 0 0 -1
    outer loop
      vertex 62.2802 129.4 0
      vertex 83.8398 129.4 0
      vertex 83.846 87.6 0
    endloop
  endfacet
  facet normal 0 0 -1
    outer loop
      vertex 83.8398 129.4 0
      vertex 62.2802 129.4 0
      vertex 83.8273 129.426 0
    endloop
  endfacet
  facet normal 0 0 -1
    outer loop
      vertex 81.9371 134.39 0
      vertex 64.1829 134.39 0
      vertex 81.9371 134.4 0
    endloop
  endfacet
  facet normal 0 -0 -1
    outer loop
      vertex 62.2927 129.426 0
      vertex 83.8273 129.426 0
      vertex 62.2802 129.4 0
    endloop
  endfacet
  facet normal -0 0 -1
    outer loop
      vertex 81.9371 134.39 0
      vertex 62.2927 129.426 0
      vertex 64.1829 134.39 0
    endloop
  endfacet
  facet normal 0 0 -1
    outer loop
      vertex 83.8273 129.426 0
      vertex 62.2927 129.426 0
      vertex 81.9371 134.39 0
    endloop
  endfacet
  facet normal 0 0 -1
    outer loop
      vertex 83.846 87.6 0
      vertex 62.274 87.6 0
      vertex 62.2802 129.4 0
    endloop
  endfacet
  facet normal 0 0 -1
    outer loop
      vertex 144.62 0 0
      vertex 62.274 87.6 0
      vertex 83.846 87.6 0
    endloop
  endfacet
  facet normal 0 0 -1
    outer loop
      vertex 1.5 0 0
      vertex 62.274 87.6 0
      vertex 144.62 0 0
    endloop
  endfacet
  facet normal 0 0 -1
    outer loop
      vertex 58.274 87.6 0
      vertex 58.2678 129.4 0
      vertex 58.274 129.4 0
    endloop
  endfacet
  facet normal 0 0 -1
    outer loop
      vertex 14.7922 129.4 0
      vertex 58.2678 129.4 0
      vertex 58.274 87.6 0
    endloop
  endfacet
  facet normal 0 0 -1
    outer loop
      vertex 58.2678 129.4 0
      vertex 14.7922 129.4 0
      vertex 58.2553 129.426 0
    endloop
  endfacet
  facet normal 0 0 -1
    outer loop
      vertex 56.3651 134.39 0
      vertex 16.6949 134.39 0
      vertex 56.3651 134.4 0
    endloop
  endfacet
  facet normal 0 -0 -1
    outer loop
      vertex 14.8047 129.426 0
      vertex 58.2553 129.426 0
      vertex 14.7922 129.4 0
    endloop
  endfacet
  facet normal -0 0 -1
    outer loop
      vertex 56.3651 134.39 0
      vertex 14.8047 129.426 0
      vertex 16.6949 134.39 0
    endloop
  endfacet
  facet normal -0 0 -1
    outer loop
      vertex 62.274 87.6 0
      vertex 1.5 0 0
      vertex 58.274 87.6 0
    endloop
  endfacet
  facet normal 0 -0 -1
    outer loop
      vertex 14.7922 129.4 0
      vertex 58.274 87.6 0
      vertex 14.786 87.6 0
    endloop
  endfacet
  facet normal 0 0 -1
    outer loop
      vertex 58.2553 129.426 0
      vertex 14.8047 129.426 0
      vertex 56.3651 134.39 0
    endloop
  endfacet
  facet normal -0 0 -1
    outer loop
      vertex 58.274 87.6 0
      vertex 1.5 0 0
      vertex 14.786 87.6 0
    endloop
  endfacet
  facet normal 0 0 -1
    outer loop
      vertex 10.786 87.6 0
      vertex 10.7798 129.4 0
      vertex 10.786 129.4 0
    endloop
  endfacet
  facet normal 0 0 -1
    outer loop
      vertex 1.5 134.4 0
      vertex 10.7798 129.4 0
      vertex 10.786 87.6 0
    endloop
  endfacet
  facet normal 0 0 -1
    outer loop
      vertex 10.7798 129.4 0
      vertex 1.5 134.4 0
      vertex 10.7673 129.426 0
    endloop
  endfacet
  facet normal -0 0 -1
    outer loop
      vertex 14.786 87.6 0
      vertex 1.5 0 0
      vertex 10.786 87.6 0
    endloop
  endfacet
  facet normal 0 0 -1
    outer loop
      vertex 1.5 134.4 0
      vertex 10.786 87.6 0
      vertex 1.5 0 0
    endloop
  endfacet
  facet normal 0 0 -1
    outer loop
      vertex 10.7673 129.426 0
      vertex 1.5 134.4 0
      vertex 8.87712 134.39 0
    endloop
  endfacet
  facet normal 0 0 -1
    outer loop
      vertex 8.87712 134.39 0
      vertex 1.5 134.4 0
      vertex 8.87712 134.4 0
    endloop
  endfacet
  facet normal -0 0 -1
    outer loop
      vertex 144.62 134.4 0
      vertex 137.243 134.39 0
      vertex 137.243 134.4 0
    endloop
  endfacet
  facet normal -0 0 -1
    outer loop
      vertex 135.34 129.4 0
      vertex 135.334 87.6 0
      vertex 135.334 129.4 0
    endloop
  endfacet
  facet normal -0 0 -1
    outer loop
      vertex 129.425 134.4 0
      vertex 89.7549 134.39 0
      vertex 89.7549 134.4 0
    endloop
  endfacet
  facet normal -0 0 -1
    outer loop
      vertex 87.8522 129.4 0
      vertex 87.846 87.6 0
      vertex 87.846 129.4 0
    endloop
  endfacet
  facet normal -0 0 -1
    outer loop
      vertex 81.9371 134.4 0
      vertex 64.1829 134.39 0
      vertex 64.1829 134.4 0
    endloop
  endfacet
  facet normal -0 0 -1
    outer loop
      vertex 62.2802 129.4 0
      vertex 62.274 87.6 0
      vertex 62.274 129.4 0
    endloop
  endfacet
  facet normal -0 0 -1
    outer loop
      vertex 56.3651 134.4 0
      vertex 16.6949 134.39 0
      vertex 16.6949 134.4 0
    endloop
  endfacet
  facet normal -0 0 -1
    outer loop
      vertex 14.7922 129.4 0
      vertex 14.786 87.6 0
      vertex 14.786 129.4 0
    endloop
  endfacet
  facet normal 0 0 1
    outer loop
      vertex 8.87712 134.4 149.28
      vertex 1.5 134.4 149.28
      vertex 8.87712 134.39 149.28
    endloop
  endfacet
  facet normal 0 0 1
    outer loop
      vertex 10.786 129.4 149.28
      vertex 10.7798 129.4 149.28
      vertex 10.786 87.6 149.28
    endloop
  endfacet
  facet normal 0 0 1
    outer loop
      vertex 56.3651 134.4 149.28
      vertex 16.6949 134.4 149.28
      vertex 56.3651 134.39 149.28
    endloop
  endfacet
  facet normal 0 0 1
    outer loop
      vertex 58.274 129.4 149.28
      vertex 58.2678 129.4 149.28
      vertex 58.274 87.6 149.28
    endloop
  endfacet
  facet normal 0 0 1
    outer loop
      vertex 81.9371 134.4 149.28
      vertex 64.1829 134.4 149.28
      vertex 81.9371 134.39 149.28
    endloop
  endfacet
  facet normal 0 0 1
    outer loop
      vertex 83.846 129.4 149.28
      vertex 83.8398 129.4 149.28
      vertex 83.846 87.6 149.28
    endloop
  endfacet
  facet normal 0 0 1
    outer loop
      vertex 129.425 134.4 149.28
      vertex 89.7549 134.4 149.28
      vertex 129.425 134.39 149.28
    endloop
  endfacet
  facet normal 0 0 1
    outer loop
      vertex 131.334 129.4 149.28
      vertex 131.328 129.4 149.28
      vertex 131.334 87.6 149.28
    endloop
  endfacet
  facet normal 0 0 1
    outer loop
      vertex 137.243 134.39 149.28
      vertex 144.62 134.4 149.28
      vertex 137.243 134.4 149.28
    endloop
  endfacet
  facet normal 0 0 1
    outer loop
      vertex 135.353 129.426 149.28
      vertex 144.62 134.4 149.28
      vertex 137.243 134.39 149.28
    endloop
  endfacet
  facet normal 0 0 1
    outer loop
      vertex 135.34 129.4 149.28
      vertex 144.62 134.4 149.28
      vertex 135.353 129.426 149.28
    endloop
  endfacet
  facet normal 0 0 1
    outer loop
      vertex 144.62 134.4 149.28
      vertex 135.34 129.4 149.28
      vertex 135.334 87.6 149.28
    endloop
  endfacet
  facet normal 0 0 1
    outer loop
      vertex 135.334 87.6 149.28
      vertex 135.34 129.4 149.28
      vertex 135.334 129.4 149.28
    endloop
  endfacet
  facet normal 0 0 1
    outer loop
      vertex 144.62 134.4 149.28
      vertex 135.334 87.6 149.28
      vertex 144.62 67.1995 149.28
    endloop
  endfacet
  facet normal -0 0 1
    outer loop
      vertex 131.334 87.6 149.28
      vertex 144.62 67.1995 149.28
      vertex 135.334 87.6 149.28
    endloop
  endfacet
  facet normal 0 0 1
    outer loop
      vertex 87.8522 129.4 149.28
      vertex 131.328 129.4 149.28
      vertex 131.315 129.426 149.28
    endloop
  endfacet
  facet normal 0 0 1
    outer loop
      vertex 87.8647 129.426 149.28
      vertex 131.315 129.426 149.28
      vertex 129.425 134.39 149.28
    endloop
  endfacet
  facet normal 0 0 1
    outer loop
      vertex 89.7549 134.39 149.28
      vertex 129.425 134.39 149.28
      vertex 89.7549 134.4 149.28
    endloop
  endfacet
  facet normal 0 0 1
    outer loop
      vertex 87.8647 129.426 149.28
      vertex 129.425 134.39 149.28
      vertex 89.7549 134.39 149.28
    endloop
  endfacet
  facet normal 0 0 1
    outer loop
      vertex 131.315 129.426 149.28
      vertex 87.8647 129.426 149.28
      vertex 87.8522 129.4 149.28
    endloop
  endfacet
  facet normal 0 0 1
    outer loop
      vertex 131.328 129.4 149.28
      vertex 87.8522 129.4 149.28
      vertex 131.334 87.6 149.28
    endloop
  endfacet
  facet normal 0 0 1
    outer loop
      vertex 87.846 87.6 149.28
      vertex 131.334 87.6 149.28
      vertex 87.8522 129.4 149.28
    endloop
  endfacet
  facet normal 0 0 1
    outer loop
      vertex 87.846 87.6 149.28
      vertex 87.8522 129.4 149.28
      vertex 87.846 129.4 149.28
    endloop
  endfacet
  facet normal 0 0 1
    outer loop
      vertex 131.334 87.6 149.28
      vertex 87.846 87.6 149.28
      vertex 144.62 67.1995 149.28
    endloop
  endfacet
  facet normal -0 0 1
    outer loop
      vertex 83.846 87.6 149.28
      vertex 144.62 67.1995 149.28
      vertex 87.846 87.6 149.28
    endloop
  endfacet
  facet normal 0 0 1
    outer loop
      vertex 62.2802 129.4 149.28
      vertex 83.8398 129.4 149.28
      vertex 83.8273 129.426 149.28
    endloop
  endfacet
  facet normal 0 0 1
    outer loop
      vertex 62.2927 129.426 149.28
      vertex 83.8273 129.426 149.28
      vertex 81.9371 134.39 149.28
    endloop
  endfacet
  facet normal 0 0 1
    outer loop
      vertex 64.1829 134.39 149.28
      vertex 81.9371 134.39 149.28
      vertex 64.1829 134.4 149.28
    endloop
  endfacet
  facet normal 0 0 1
    outer loop
      vertex 62.2927 129.426 149.28
      vertex 81.9371 134.39 149.28
      vertex 64.1829 134.39 149.28
    endloop
  endfacet
  facet normal 0 0 1
    outer loop
      vertex 83.8273 129.426 149.28
      vertex 62.2927 129.426 149.28
      vertex 62.2802 129.4 149.28
    endloop
  endfacet
  facet normal 0 0 1
    outer loop
      vertex 83.8398 129.4 149.28
      vertex 62.2802 129.4 149.28
      vertex 83.846 87.6 149.28
    endloop
  endfacet
  facet normal 0 0 1
    outer loop
      vertex 62.274 87.6 149.28
      vertex 62.2802 129.4 149.28
      vertex 62.274 129.4 149.28
    endloop
  endfacet
  facet normal 0 0 1
    outer loop
      vertex 62.2802 129.4 149.28
      vertex 62.274 87.6 149.28
      vertex 83.846 87.6 149.28
    endloop
  endfacet
  facet normal -0 0 1
    outer loop
      vertex 62.274 87.6 149.28
      vertex 144.62 67.1995 149.28
      vertex 83.846 87.6 149.28
    endloop
  endfacet
  facet normal 0 0 1
    outer loop
      vertex 1.5 67.1995 149.28
      vertex 62.274 87.6 149.28
      vertex 58.274 87.6 149.28
    endloop
  endfacet
  facet normal 0 0 1
    outer loop
      vertex 14.7922 129.4 149.28
      vertex 58.2678 129.4 149.28
      vertex 58.2553 129.426 149.28
    endloop
  endfacet
  facet normal 0 0 1
    outer loop
      vertex 14.8047 129.426 149.28
      vertex 58.2553 129.426 149.28
      vertex 56.3651 134.39 149.28
    endloop
  endfacet
  facet normal 0 0 1
    outer loop
      vertex 16.6949 134.39 149.28
      vertex 56.3651 134.39 149.28
      vertex 16.6949 134.4 149.28
    endloop
  endfacet
  facet normal 0 0 1
    outer loop
      vertex 14.8047 129.426 149.28
      vertex 56.3651 134.39 149.28
      vertex 16.6949 134.39 149.28
    endloop
  endfacet
  facet normal 0 0 1
    outer loop
      vertex 58.2553 129.426 149.28
      vertex 14.8047 129.426 149.28
      vertex 14.7922 129.4 149.28
    endloop
  endfacet
  facet normal 0 0 1
    outer loop
      vertex 58.2678 129.4 149.28
      vertex 14.7922 129.4 149.28
      vertex 58.274 87.6 149.28
    endloop
  endfacet
  facet normal 0 0 1
    outer loop
      vertex 14.786 87.6 149.28
      vertex 14.7922 129.4 149.28
      vertex 14.786 129.4 149.28
    endloop
  endfacet
  facet normal 0 0 1
    outer loop
      vertex 14.7922 129.4 149.28
      vertex 14.786 87.6 149.28
      vertex 58.274 87.6 149.28
    endloop
  endfacet
  facet normal 0 0 1
    outer loop
      vertex 1.5 67.1995 149.28
      vertex 58.274 87.6 149.28
      vertex 14.786 87.6 149.28
    endloop
  endfacet
  facet normal 0 0 1
    outer loop
      vertex 1.5 67.1995 149.28
      vertex 14.786 87.6 149.28
      vertex 10.786 87.6 149.28
    endloop
  endfacet
  facet normal 0 0 1
    outer loop
      vertex 1.5 134.4 149.28
      vertex 10.7798 129.4 149.28
      vertex 10.7673 129.426 149.28
    endloop
  endfacet
  facet normal 0 0 1
    outer loop
      vertex 1.5 134.4 149.28
      vertex 10.7673 129.426 149.28
      vertex 8.87712 134.39 149.28
    endloop
  endfacet
  facet normal 0 0 1
    outer loop
      vertex 10.7798 129.4 149.28
      vertex 1.5 134.4 149.28
      vertex 10.786 87.6 149.28
    endloop
  endfacet
  facet normal 0 0 1
    outer loop
      vertex 62.274 87.6 149.28
      vertex 1.5 67.1995 149.28
      vertex 144.62 67.1995 149.28
    endloop
  endfacet
  facet normal 0 0 1
    outer loop
      vertex 1.5 67.1995 149.28
      vertex 10.786 87.6 149.28
      vertex 1.5 134.4 149.28
    endloop
  endfacet
  facet normal 0 -1 0
    outer loop
      vertex 0 0 103.855
      vertex 2.4 0 73.78
      vertex 146.12 0 103.855
    endloop
  endfacet
  facet normal 0 -1 0
    outer loop
      vertex 0 0 1.5
      vertex 2.4 0 73.78
      vertex 0 0 103.855
    endloop
  endfacet
  facet normal 0 -1 0
    outer loop
      vertex 1.5 0 0
      vertex 2.4 0 2.4
      vertex 0 0 1.5
    endloop
  endfacet
  facet normal 0 -1 -0
    outer loop
      vertex 2.4 0 73.78
      vertex 0 0 1.5
      vertex 2.4 0 2.4
    endloop
  endfacet
  facet normal 0 -1 0
    outer loop
      vertex 143.72 0 73.78
      vertex 146.12 0 103.855
      vertex 2.4 0 73.78
    endloop
  endfacet
  facet normal 0 -1 0
    outer loop
      vertex 146.12 0 1.5
      vertex 143.72 0 73.78
      vertex 143.72 0 2.4
    endloop
  endfacet
  facet normal 0 -1 0
    outer loop
      vertex 143.72 0 73.78
      vertex 146.12 0 1.5
      vertex 146.12 0 103.855
    endloop
  endfacet
  facet normal 0 -1 -0
    outer loop
      vertex 2.4 0 2.4
      vertex 1.5 0 0
      vertex 143.72 0 2.4
    endloop
  endfacet
  facet normal 0 -1 0
    outer loop
      vertex 144.62 0 0
      vertex 143.72 0 2.4
      vertex 1.5 0 0
    endloop
  endfacet
  facet normal 0 -1 0
    outer loop
      vertex 143.72 0 2.4
      vertex 144.62 0 0
      vertex 146.12 0 1.5
    endloop
  endfacet
  facet normal 0 1 0
    outer loop
      vertex 0.599991 129.4 11.062
      vertex 0 129.4 11.0558
      vertex 0 129.4 11.062
    endloop
  endfacet
  facet normal -0 1 0
    outer loop
      vertex 0 129.4 11.0558
      vertex 0.599991 129.4 11.062
      vertex 1.59999 129.4 10.062
    endloop
  endfacet
  facet normal 0 1 -0
    outer loop
      vertex 0.599991 129.4 15.062
      vertex 0 129.4 15.0682
      vertex 1.59999 129.4 16.062
    endloop
  endfacet
  facet normal 0 1 0
    outer loop
      vertex 0 129.4 15.0682
      vertex 0.599991 129.4 15.062
      vertex 0 129.4 15.062
    endloop
  endfacet
  facet normal 0 1 0
    outer loop
      vertex 0.599991 87.6 15.062
      vertex 0.599991 87.6 11.062
      vertex 0 87.6 15.062
    endloop
  endfacet
  facet normal 0 1 0
    outer loop
      vertex 1.59999 87.6 16.062
      vertex 0.599991 87.6 11.062
      vertex 0.599991 87.6 15.062
    endloop
  endfacet
  facet normal -0 1 0
    outer loop
      vertex 0.599991 87.6 11.062
      vertex 1.59999 87.6 16.062
      vertex 1.59999 87.6 10.062
    endloop
  endfacet
  facet normal 0 1 0
    outer loop
      vertex 0 87.6 15.062
      vertex 0.599991 87.6 11.062
      vertex 0 87.6 11.062
    endloop
  endfacet
  facet normal 0.707107 0 -0.707106
    outer loop
      vertex 1.59999 87.6 16.062
      vertex 0.599991 129.4 15.062
      vertex 1.59999 129.4 16.062
    endloop
  endfacet
  facet normal 0.707107 0 -0.707106
    outer loop
      vertex 0.599991 129.4 15.062
      vertex 1.59999 87.6 16.062
      vertex 0.599991 87.6 15.062
    endloop
  endfacet
  facet normal -1 0 0
    outer loop
      vertex 1.59999 87.6 10.062
      vertex 1.59999 129.4 16.062
      vertex 1.59999 129.4 10.062
    endloop
  endfacet
  facet normal -1 -0 0
    outer loop
      vertex 1.59999 129.4 16.062
      vertex 1.59999 87.6 10.062
      vertex 1.59999 87.6 16.062
    endloop
  endfacet
  facet normal 0.707107 -0 0.707106
    outer loop
      vertex 0.599991 87.6 11.062
      vertex 1.59999 129.4 10.062
      vertex 0.599991 129.4 11.062
    endloop
  endfacet
  facet normal 0.707107 0 0.707106
    outer loop
      vertex 1.59999 129.4 10.062
      vertex 0.599991 87.6 11.062
      vertex 1.59999 87.6 10.062
    endloop
  endfacet
  facet normal -0 0 1
    outer loop
      vertex 0 129.4 11.062
      vertex 0.599991 87.6 11.062
      vertex 0.599991 129.4 11.062
    endloop
  endfacet
  facet normal 0 0 1
    outer loop
      vertex 0.599991 87.6 11.062
      vertex 0 129.4 11.062
      vertex 0 87.6 11.062
    endloop
  endfacet
  facet normal 0 0 -1
    outer loop
      vertex 0 87.6 15.062
      vertex 0.599991 129.4 15.062
      vertex 0.599991 87.6 15.062
    endloop
  endfacet
  facet normal -0 0 -1
    outer loop
      vertex 0.599991 129.4 15.062
      vertex 0 87.6 15.062
      vertex 0 129.4 15.062
    endloop
  endfacet
  facet normal 0.488466 0.378085 -0.786417
    outer loop
      vertex 0 129.426 15.0807
      vertex 1.59999 129.4 16.062
      vertex 0 129.4 15.0682
    endloop
  endfacet
  facet normal 0.487896 0.380902 -0.785412
    outer loop
      vertex 1.59999 129.4 16.062
      vertex 0 129.426 15.0807
      vertex 1.92999 134.39 18.687
    endloop
  endfacet
  facet normal -1 0 0
    outer loop
      vertex 1.92999 134.39 7.437
      vertex 1.92999 134.4 18.687
      vertex 1.92999 134.4 7.437
    endloop
  endfacet
  facet normal -1 -0 0
    outer loop
      vertex 1.92999 134.4 18.687
      vertex 1.92999 134.39 7.437
      vertex 1.92999 134.39 18.687
    endloop
  endfacet
  facet normal 0.664488 0 0.747299
    outer loop
      vertex 0 134.4 9.15312
      vertex 1.92999 134.39 7.437
      vertex 1.92999 134.4 7.437
    endloop
  endfacet
  facet normal 0.664488 0 0.747299
    outer loop
      vertex 1.92999 134.39 7.437
      vertex 0 134.4 9.15312
      vertex 0 134.39 9.15312
    endloop
  endfacet
  facet normal 0.664484 0 -0.747303
    outer loop
      vertex 0 134.39 16.9709
      vertex 1.92999 134.4 18.687
      vertex 1.92999 134.39 18.687
    endloop
  endfacet
  facet normal 0.664484 0 -0.747303
    outer loop
      vertex 1.92999 134.4 18.687
      vertex 0 134.39 16.9709
      vertex 0 134.4 16.9709
    endloop
  endfacet
  facet normal 0.639116 0.27369 0.718766
    outer loop
      vertex 0 134.39 9.15312
      vertex 0 129.426 11.0433
      vertex 1.92999 134.39 7.437
    endloop
  endfacet
  facet normal 0.487896 0.380902 0.785412
    outer loop
      vertex 0 129.426 11.0433
      vertex 1.59999 129.4 10.062
      vertex 1.92999 134.39 7.437
    endloop
  endfacet
  facet normal 0.488466 0.378085 0.786417
    outer loop
      vertex 1.59999 129.4 10.062
      vertex 0 129.426 11.0433
      vertex 0 129.4 11.0558
    endloop
  endfacet
  facet normal -0.99782 0.0659881 0
    outer loop
      vertex 1.59999 129.4 10.062
      vertex 1.92999 134.39 18.687
      vertex 1.92999 134.39 7.437
    endloop
  endfacet
  facet normal -0.99782 0.0659881 0
    outer loop
      vertex 1.92999 134.39 18.687
      vertex 1.59999 129.4 10.062
      vertex 1.59999 129.4 16.062
    endloop
  endfacet
  facet normal 0.639111 0.273694 -0.718769
    outer loop
      vertex 1.92999 134.39 18.687
      vertex 0 129.426 15.0807
      vertex 0 134.39 16.9709
    endloop
  endfacet
  facet normal 0 1 0
    outer loop
      vertex 145.52 129.4 15.062
      vertex 146.12 129.4 15.0682
      vertex 146.12 129.4 15.062
    endloop
  endfacet
  facet normal 0 1 0
    outer loop
      vertex 146.12 129.4 15.0682
      vertex 145.52 129.4 15.062
      vertex 144.52 129.4 16.062
    endloop
  endfacet
  facet normal 0 1 -0
    outer loop
      vertex 146.12 129.4 11.0558
      vertex 145.52 129.4 11.062
      vertex 146.12 129.4 11.062
    endloop
  endfacet
  facet normal 0 1 0
    outer loop
      vertex 145.52 129.4 11.062
      vertex 146.12 129.4 11.0558
      vertex 144.52 129.4 10.062
    endloop
  endfacet
  facet normal 0 1 0
    outer loop
      vertex 146.12 87.6 15.062
      vertex 146.12 87.6 11.062
      vertex 145.52 87.6 15.062
    endloop
  endfacet
  facet normal 0 1 0
    outer loop
      vertex 145.52 87.6 11.062
      vertex 145.52 87.6 15.062
      vertex 146.12 87.6 11.062
    endloop
  endfacet
  facet normal 0 1 0
    outer loop
      vertex 145.52 87.6 15.062
      vertex 145.52 87.6 11.062
      vertex 144.52 87.6 16.062
    endloop
  endfacet
  facet normal 0 1 0
    outer loop
      vertex 144.52 87.6 16.062
      vertex 145.52 87.6 11.062
      vertex 144.52 87.6 10.062
    endloop
  endfacet
  facet normal -0.707107 0 0.707107
    outer loop
      vertex 144.52 87.6 10.062
      vertex 145.52 129.4 11.062
      vertex 144.52 129.4 10.062
    endloop
  endfacet
  facet normal -0.707107 0 0.707107
    outer loop
      vertex 145.52 129.4 11.062
      vertex 144.52 87.6 10.062
      vertex 145.52 87.6 11.062
    endloop
  endfacet
  facet normal 1 -0 0
    outer loop
      vertex 144.52 87.6 16.062
      vertex 144.52 129.4 10.062
      vertex 144.52 129.4 16.062
    endloop
  endfacet
  facet normal 1 0 0
    outer loop
      vertex 144.52 129.4 10.062
      vertex 144.52 87.6 16.062
      vertex 144.52 87.6 10.062
    endloop
  endfacet
  facet normal -0.707107 0 -0.707107
    outer loop
      vertex 145.52 87.6 15.062
      vertex 144.52 129.4 16.062
      vertex 145.52 129.4 15.062
    endloop
  endfacet
  facet normal -0.707107 -0 -0.707107
    outer loop
      vertex 144.52 129.4 16.062
      vertex 145.52 87.6 15.062
      vertex 144.52 87.6 16.062
    endloop
  endfacet
  facet normal 0 0 -1
    outer loop
      vertex 145.52 87.6 15.062
      vertex 146.12 129.4 15.062
      vertex 146.12 87.6 15.062
    endloop
  endfacet
  facet normal -0 0 -1
    outer loop
      vertex 146.12 129.4 15.062
      vertex 145.52 87.6 15.062
      vertex 145.52 129.4 15.062
    endloop
  endfacet
  facet normal -0 0 1
    outer loop
      vertex 145.52 129.4 11.062
      vertex 146.12 87.6 11.062
      vertex 146.12 129.4 11.062
    endloop
  endfacet
  facet normal 0 0 1
    outer loop
      vertex 146.12 87.6 11.062
      vertex 145.52 129.4 11.062
      vertex 145.52 87.6 11.062
    endloop
  endfacet
  facet normal -0.488464 0.378086 0.786418
    outer loop
      vertex 146.12 129.426 11.0433
      vertex 144.52 129.4 10.062
      vertex 146.12 129.4 11.0558
    endloop
  endfacet
  facet normal -0.487893 0.380903 0.785413
    outer loop
      vertex 144.52 129.4 10.062
      vertex 146.12 129.426 11.0433
      vertex 144.19 134.39 7.437
    endloop
  endfacet
  facet normal 1 -0 0
    outer loop
      vertex 144.19 134.39 18.687
      vertex 144.19 134.4 7.437
      vertex 144.19 134.4 18.687
    endloop
  endfacet
  facet normal 1 0 0
    outer loop
      vertex 144.19 134.4 7.437
      vertex 144.19 134.39 18.687
      vertex 144.19 134.39 7.437
    endloop
  endfacet
  facet normal -0.664482 0 -0.747305
    outer loop
      vertex 144.19 134.39 18.687
      vertex 146.12 134.4 16.9709
      vertex 146.12 134.39 16.9709
    endloop
  endfacet
  facet normal -0.664482 0 -0.747305
    outer loop
      vertex 146.12 134.4 16.9709
      vertex 144.19 134.39 18.687
      vertex 144.19 134.4 18.687
    endloop
  endfacet
  facet normal -0.664486 0 0.747301
    outer loop
      vertex 144.19 134.4 7.437
      vertex 146.12 134.39 9.15312
      vertex 146.12 134.4 9.15312
    endloop
  endfacet
  facet normal -0.664486 0 0.747301
    outer loop
      vertex 146.12 134.39 9.15312
      vertex 144.19 134.4 7.437
      vertex 144.19 134.39 7.437
    endloop
  endfacet
  facet normal -0.639109 0.273694 -0.71877
    outer loop
      vertex 146.12 129.426 15.0807
      vertex 144.19 134.39 18.687
      vertex 146.12 134.39 16.9709
    endloop
  endfacet
  facet normal -0.488464 0.378086 -0.786418
    outer loop
      vertex 144.52 129.4 16.062
      vertex 146.12 129.426 15.0807
      vertex 146.12 129.4 15.0682
    endloop
  endfacet
  facet normal -0.487893 0.380903 -0.785413
    outer loop
      vertex 146.12 129.426 15.0807
      vertex 144.52 129.4 16.062
      vertex 144.19 134.39 18.687
    endloop
  endfacet
  facet normal 0.99782 0.0659881 0
    outer loop
      vertex 144.52 129.4 16.062
      vertex 144.19 134.39 7.437
      vertex 144.19 134.39 18.687
    endloop
  endfacet
  facet normal 0.99782 0.0659881 0
    outer loop
      vertex 144.19 134.39 7.437
      vertex 144.52 129.4 16.062
      vertex 144.52 129.4 10.062
    endloop
  endfacet
  facet normal -0.639114 0.27369 0.718767
    outer loop
      vertex 146.12 134.39 9.15312
      vertex 144.19 134.39 7.437
      vertex 146.12 129.426 11.0433
    endloop
  endfacet
  facet normal 0 1 0
    outer loop
      vertex 0.599991 129.4 59.578
      vertex 0 129.4 59.5718
      vertex 0 129.4 59.578
    endloop
  endfacet
  facet normal -0 1 0
    outer loop
      vertex 0 129.4 59.5718
      vertex 0.599991 129.4 59.578
      vertex 1.59999 129.4 58.578
    endloop
  endfacet
  facet normal 0 1 -0
    outer loop
      vertex 0.599991 129.4 63.578
      vertex 0 129.4 63.5842
      vertex 1.59999 129.4 64.578
    endloop
  endfacet
  facet normal 0 1 0
    outer loop
      vertex 0 129.4 63.5842
      vertex 0.599991 129.4 63.578
      vertex 0 129.4 63.578
    endloop
  endfacet
  facet normal 0 1 0
    outer loop
      vertex 0.599991 87.6 63.578
      vertex 0.599991 87.6 59.578
      vertex 0 87.6 63.578
    endloop
  endfacet
  facet normal 0 1 0
    outer loop
      vertex 1.59999 87.6 64.578
      vertex 0.599991 87.6 59.578
      vertex 0.599991 87.6 63.578
    endloop
  endfacet
  facet normal -0 1 0
    outer loop
      vertex 0.599991 87.6 59.578
      vertex 1.59999 87.6 64.578
      vertex 1.59999 87.6 58.578
    endloop
  endfacet
  facet normal 0 1 0
    outer loop
      vertex 0 87.6 63.578
      vertex 0.599991 87.6 59.578
      vertex 0 87.6 59.578
    endloop
  endfacet
  facet normal 0.707107 0 -0.707106
    outer loop
      vertex 1.59999 87.6 64.578
      vertex 0.599991 129.4 63.578
      vertex 1.59999 129.4 64.578
    endloop
  endfacet
  facet normal 0.707107 0 -0.707106
    outer loop
      vertex 0.599991 129.4 63.578
      vertex 1.59999 87.6 64.578
      vertex 0.599991 87.6 63.578
    endloop
  endfacet
  facet normal -1 0 0
    outer loop
      vertex 1.59999 87.6 58.578
      vertex 1.59999 129.4 64.578
      vertex 1.59999 129.4 58.578
    endloop
  endfacet
  facet normal -1 -0 0
    outer loop
      vertex 1.59999 129.4 64.578
      vertex 1.59999 87.6 58.578
      vertex 1.59999 87.6 64.578
    endloop
  endfacet
  facet normal 0.707107 -0 0.707106
    outer loop
      vertex 0.599991 87.6 59.578
      vertex 1.59999 129.4 58.578
      vertex 0.599991 129.4 59.578
    endloop
  endfacet
  facet normal 0.707107 0 0.707106
    outer loop
      vertex 1.59999 129.4 58.578
      vertex 0.599991 87.6 59.578
      vertex 1.59999 87.6 58.578
    endloop
  endfacet
  facet normal -0 0 1
    outer loop
      vertex 0 129.4 59.578
      vertex 0.599991 87.6 59.578
      vertex 0.599991 129.4 59.578
    endloop
  endfacet
  facet normal 0 0 1
    outer loop
      vertex 0.599991 87.6 59.578
      vertex 0 129.4 59.578
      vertex 0 87.6 59.578
    endloop
  endfacet
  facet normal 0 0 -1
    outer loop
      vertex 0 87.6 63.578
      vertex 0.599991 129.4 63.578
      vertex 0.599991 87.6 63.578
    endloop
  endfacet
  facet normal -0 0 -1
    outer loop
      vertex 0.599991 129.4 63.578
      vertex 0 87.6 63.578
      vertex 0 129.4 63.578
    endloop
  endfacet
  facet normal 0.488466 0.378085 -0.786417
    outer loop
      vertex 0 129.426 63.5967
      vertex 1.59999 129.4 64.578
      vertex 0 129.4 63.5842
    endloop
  endfacet
  facet normal 0.487896 0.380902 -0.785412
    outer loop
      vertex 1.59999 129.4 64.578
      vertex 0 129.426 63.5967
      vertex 1.92999 134.39 67.203
    endloop
  endfacet
  facet normal -1 0 0
    outer loop
      vertex 1.92999 134.39 55.953
      vertex 1.92999 134.4 67.203
      vertex 1.92999 134.4 55.953
    endloop
  endfacet
  facet normal -1 -0 0
    outer loop
      vertex 1.92999 134.4 67.203
      vertex 1.92999 134.39 55.953
      vertex 1.92999 134.39 67.203
    endloop
  endfacet
  facet normal 0.664484 0 0.747303
    outer loop
      vertex 0 134.4 57.6691
      vertex 1.92999 134.39 55.953
      vertex 1.92999 134.4 55.953
    endloop
  endfacet
  facet normal 0.664484 0 0.747303
    outer loop
      vertex 1.92999 134.39 55.953
      vertex 0 134.4 57.6691
      vertex 0 134.39 57.6691
    endloop
  endfacet
  facet normal 0.664484 0 -0.747303
    outer loop
      vertex 0 134.39 65.4869
      vertex 1.92999 134.4 67.203
      vertex 1.92999 134.39 67.203
    endloop
  endfacet
  facet normal 0.664484 0 -0.747303
    outer loop
      vertex 1.92999 134.4 67.203
      vertex 0 134.39 65.4869
      vertex 0 134.4 65.4869
    endloop
  endfacet
  facet normal 0.639111 0.273694 0.718769
    outer loop
      vertex 0 134.39 57.6691
      vertex 0 129.426 59.5593
      vertex 1.92999 134.39 55.953
    endloop
  endfacet
  facet normal 0.487896 0.380902 0.785412
    outer loop
      vertex 0 129.426 59.5593
      vertex 1.59999 129.4 58.578
      vertex 1.92999 134.39 55.953
    endloop
  endfacet
  facet normal 0.488466 0.378085 0.786417
    outer loop
      vertex 1.59999 129.4 58.578
      vertex 0 129.426 59.5593
      vertex 0 129.4 59.5718
    endloop
  endfacet
  facet normal -0.99782 0.0659881 0
    outer loop
      vertex 1.59999 129.4 58.578
      vertex 1.92999 134.39 67.203
      vertex 1.92999 134.39 55.953
    endloop
  endfacet
  facet normal -0.99782 0.0659881 0
    outer loop
      vertex 1.92999 134.39 67.203
      vertex 1.59999 129.4 58.578
      vertex 1.59999 129.4 64.578
    endloop
  endfacet
  facet normal 0.639111 0.273694 -0.718769
    outer loop
      vertex 1.92999 134.39 67.203
      vertex 0 129.426 63.5967
      vertex 0 134.39 65.4869
    endloop
  endfacet
  facet normal 0 1 0
    outer loop
      vertex 145.52 129.4 63.578
      vertex 146.12 129.4 63.5842
      vertex 146.12 129.4 63.578
    endloop
  endfacet
  facet normal 0 1 0
    outer loop
      vertex 146.12 129.4 63.5842
      vertex 145.52 129.4 63.578
      vertex 144.52 129.4 64.578
    endloop
  endfacet
  facet normal 0 1 -0
    outer loop
      vertex 146.12 129.4 59.5718
      vertex 145.52 129.4 59.578
      vertex 146.12 129.4 59.578
    endloop
  endfacet
  facet normal 0 1 0
    outer loop
      vertex 145.52 129.4 59.578
      vertex 146.12 129.4 59.5718
      vertex 144.52 129.4 58.578
    endloop
  endfacet
  facet normal 0 1 0
    outer loop
      vertex 146.12 87.6 63.578
      vertex 146.12 87.6 59.578
      vertex 145.52 87.6 63.578
    endloop
  endfacet
  facet normal 0 1 0
    outer loop
      vertex 145.52 87.6 59.578
      vertex 145.52 87.6 63.578
      vertex 146.12 87.6 59.578
    endloop
  endfacet
  facet normal 0 1 0
    outer loop
      vertex 145.52 87.6 63.578
      vertex 145.52 87.6 59.578
      vertex 144.52 87.6 64.578
    endloop
  endfacet
  facet normal 0 1 0
    outer loop
      vertex 144.52 87.6 64.578
      vertex 145.52 87.6 59.578
      vertex 144.52 87.6 58.578
    endloop
  endfacet
  facet normal -0.707107 0 0.707107
    outer loop
      vertex 144.52 87.6 58.578
      vertex 145.52 129.4 59.578
      vertex 144.52 129.4 58.578
    endloop
  endfacet
  facet normal -0.707107 0 0.707107
    outer loop
      vertex 145.52 129.4 59.578
      vertex 144.52 87.6 58.578
      vertex 145.52 87.6 59.578
    endloop
  endfacet
  facet normal 1 -0 0
    outer loop
      vertex 144.52 87.6 64.578
      vertex 144.52 129.4 58.578
      vertex 144.52 129.4 64.578
    endloop
  endfacet
  facet normal 1 0 0
    outer loop
      vertex 144.52 129.4 58.578
      vertex 144.52 87.6 64.578
      vertex 144.52 87.6 58.578
    endloop
  endfacet
  facet normal -0.707107 0 -0.707107
    outer loop
      vertex 145.52 87.6 63.578
      vertex 144.52 129.4 64.578
      vertex 145.52 129.4 63.578
    endloop
  endfacet
  facet normal -0.707107 -0 -0.707107
    outer loop
      vertex 144.52 129.4 64.578
      vertex 145.52 87.6 63.578
      vertex 144.52 87.6 64.578
    endloop
  endfacet
  facet normal 0 0 -1
    outer loop
      vertex 145.52 87.6 63.578
      vertex 146.12 129.4 63.578
      vertex 146.12 87.6 63.578
    endloop
  endfacet
  facet normal -0 0 -1
    outer loop
      vertex 146.12 129.4 63.578
      vertex 145.52 87.6 63.578
      vertex 145.52 129.4 63.578
    endloop
  endfacet
  facet normal -0 0 1
    outer loop
      vertex 145.52 129.4 59.578
      vertex 146.12 87.6 59.578
      vertex 146.12 129.4 59.578
    endloop
  endfacet
  facet normal 0 0 1
    outer loop
      vertex 146.12 87.6 59.578
      vertex 145.52 129.4 59.578
      vertex 145.52 87.6 59.578
    endloop
  endfacet
  facet normal -0.488464 0.378086 0.786418
    outer loop
      vertex 146.12 129.426 59.5593
      vertex 144.52 129.4 58.578
      vertex 146.12 129.4 59.5718
    endloop
  endfacet
  facet normal -0.487893 0.380903 0.785413
    outer loop
      vertex 144.52 129.4 58.578
      vertex 146.12 129.426 59.5593
      vertex 144.19 134.39 55.953
    endloop
  endfacet
  facet normal 1 -0 0
    outer loop
      vertex 144.19 134.39 67.203
      vertex 144.19 134.4 55.953
      vertex 144.19 134.4 67.203
    endloop
  endfacet
  facet normal 1 0 0
    outer loop
      vertex 144.19 134.4 55.953
      vertex 144.19 134.39 67.203
      vertex 144.19 134.39 55.953
    endloop
  endfacet
  facet normal -0.664482 0 -0.747305
    outer loop
      vertex 144.19 134.39 67.203
      vertex 146.12 134.4 65.4869
      vertex 146.12 134.39 65.4869
    endloop
  endfacet
  facet normal -0.664482 0 -0.747305
    outer loop
      vertex 146.12 134.4 65.4869
      vertex 144.19 134.39 67.203
      vertex 144.19 134.4 67.203
    endloop
  endfacet
  facet normal -0.664482 0 0.747305
    outer loop
      vertex 144.19 134.4 55.953
      vertex 146.12 134.39 57.6691
      vertex 146.12 134.4 57.6691
    endloop
  endfacet
  facet normal -0.664482 0 0.747305
    outer loop
      vertex 146.12 134.39 57.6691
      vertex 144.19 134.4 55.953
      vertex 144.19 134.39 55.953
    endloop
  endfacet
  facet normal -0.639109 0.273694 -0.71877
    outer loop
      vertex 146.12 129.426 63.5967
      vertex 144.19 134.39 67.203
      vertex 146.12 134.39 65.4869
    endloop
  endfacet
  facet normal -0.488464 0.378086 -0.786418
    outer loop
      vertex 144.52 129.4 64.578
      vertex 146.12 129.426 63.5967
      vertex 146.12 129.4 63.5842
    endloop
  endfacet
  facet normal -0.487893 0.380903 -0.785413
    outer loop
      vertex 146.12 129.426 63.5967
      vertex 144.52 129.4 64.578
      vertex 144.19 134.39 67.203
    endloop
  endfacet
  facet normal 0.99782 0.0659881 0
    outer loop
      vertex 144.52 129.4 64.578
      vertex 144.19 134.39 55.953
      vertex 144.19 134.39 67.203
    endloop
  endfacet
  facet normal 0.99782 0.0659881 0
    outer loop
      vertex 144.19 134.39 55.953
      vertex 144.52 129.4 64.578
      vertex 144.52 129.4 58.578
    endloop
  endfacet
  facet normal -0.639109 0.273694 0.71877
    outer loop
      vertex 146.12 134.39 57.6691
      vertex 144.19 134.39 55.953
      vertex 146.12 129.426 59.5593
    endloop
  endfacet
  facet normal 0 1 0
    outer loop
      vertex 0.599991 129.4 85.702
      vertex 0 129.4 85.6958
      vertex 0 129.4 85.702
    endloop
  endfacet
  facet normal -0 1 0
    outer loop
      vertex 0 129.4 85.6958
      vertex 0.599991 129.4 85.702
      vertex 1.59999 129.4 84.702
    endloop
  endfacet
  facet normal 0 1 -0
    outer loop
      vertex 0.599991 129.4 89.702
      vertex 0 129.4 89.7082
      vertex 1.59999 129.4 90.702
    endloop
  endfacet
  facet normal 0 1 0
    outer loop
      vertex 0 129.4 89.7082
      vertex 0.599991 129.4 89.702
      vertex 0 129.4 89.702
    endloop
  endfacet
  facet normal 0 1 0
    outer loop
      vertex 0.599991 87.6 89.702
      vertex 0.599991 87.6 85.702
      vertex 0 87.6 89.702
    endloop
  endfacet
  facet normal 0 1 0
    outer loop
      vertex 1.59999 87.6 90.702
      vertex 0.599991 87.6 85.702
      vertex 0.599991 87.6 89.702
    endloop
  endfacet
  facet normal -0 1 0
    outer loop
      vertex 0.599991 87.6 85.702
      vertex 1.59999 87.6 90.702
      vertex 1.59999 87.6 84.702
    endloop
  endfacet
  facet normal 0 1 0
    outer loop
      vertex 0 87.6 89.702
      vertex 0.599991 87.6 85.702
      vertex 0 87.6 85.702
    endloop
  endfacet
  facet normal 0.707107 0 -0.707106
    outer loop
      vertex 1.59999 87.6 90.702
      vertex 0.599991 129.4 89.702
      vertex 1.59999 129.4 90.702
    endloop
  endfacet
  facet normal 0.707107 0 -0.707106
    outer loop
      vertex 0.599991 129.4 89.702
      vertex 1.59999 87.6 90.702
      vertex 0.599991 87.6 89.702
    endloop
  endfacet
  facet normal -1 0 0
    outer loop
      vertex 1.59999 87.6 84.702
      vertex 1.59999 129.4 90.702
      vertex 1.59999 129.4 84.702
    endloop
  endfacet
  facet normal -1 -0 0
    outer loop
      vertex 1.59999 129.4 90.702
      vertex 1.59999 87.6 84.702
      vertex 1.59999 87.6 90.702
    endloop
  endfacet
  facet normal 0.707107 -0 0.707106
    outer loop
      vertex 0.599991 87.6 85.702
      vertex 1.59999 129.4 84.702
      vertex 0.599991 129.4 85.702
    endloop
  endfacet
  facet normal 0.707107 0 0.707106
    outer loop
      vertex 1.59999 129.4 84.702
      vertex 0.599991 87.6 85.702
      vertex 1.59999 87.6 84.702
    endloop
  endfacet
  facet normal -0 0 1
    outer loop
      vertex 0 129.4 85.702
      vertex 0.599991 87.6 85.702
      vertex 0.599991 129.4 85.702
    endloop
  endfacet
  facet normal 0 0 1
    outer loop
      vertex 0.599991 87.6 85.702
      vertex 0 129.4 85.702
      vertex 0 87.6 85.702
    endloop
  endfacet
  facet normal 0 0 -1
    outer loop
      vertex 0 87.6 89.702
      vertex 0.599991 129.4 89.702
      vertex 0.599991 87.6 89.702
    endloop
  endfacet
  facet normal -0 0 -1
    outer loop
      vertex 0.599991 129.4 89.702
      vertex 0 87.6 89.702
      vertex 0 129.4 89.702
    endloop
  endfacet
  facet normal 0.488466 0.378085 -0.786417
    outer loop
      vertex 0 129.426 89.7207
      vertex 1.59999 129.4 90.702
      vertex 0 129.4 89.7082
    endloop
  endfacet
  facet normal 0.487896 0.380902 -0.785412
    outer loop
      vertex 1.59999 129.4 90.702
      vertex 0 129.426 89.7207
      vertex 1.92999 134.39 93.327
    endloop
  endfacet
  facet normal -1 0 0
    outer loop
      vertex 1.92999 134.39 82.077
      vertex 1.92999 134.4 93.327
      vertex 1.92999 134.4 82.077
    endloop
  endfacet
  facet normal -1 -0 0
    outer loop
      vertex 1.92999 134.4 93.327
      vertex 1.92999 134.39 82.077
      vertex 1.92999 134.39 93.327
    endloop
  endfacet
  facet normal 0.664484 0 0.747303
    outer loop
      vertex 0 134.4 83.7931
      vertex 1.92999 134.39 82.077
      vertex 1.92999 134.4 82.077
    endloop
  endfacet
  facet normal 0.664484 0 0.747303
    outer loop
      vertex 1.92999 134.39 82.077
      vertex 0 134.4 83.7931
      vertex 0 134.39 83.7931
    endloop
  endfacet
  facet normal 0.664484 0 -0.747303
    outer loop
      vertex 0 134.39 91.6109
      vertex 1.92999 134.4 93.327
      vertex 1.92999 134.39 93.327
    endloop
  endfacet
  facet normal 0.664484 0 -0.747303
    outer loop
      vertex 1.92999 134.4 93.327
      vertex 0 134.39 91.6109
      vertex 0 134.4 91.6109
    endloop
  endfacet
  facet normal 0.639111 0.273694 0.718769
    outer loop
      vertex 0 134.39 83.7931
      vertex 0 129.426 85.6833
      vertex 1.92999 134.39 82.077
    endloop
  endfacet
  facet normal 0.487896 0.380902 0.785412
    outer loop
      vertex 0 129.426 85.6833
      vertex 1.59999 129.4 84.702
      vertex 1.92999 134.39 82.077
    endloop
  endfacet
  facet normal 0.488466 0.378085 0.786417
    outer loop
      vertex 1.59999 129.4 84.702
      vertex 0 129.426 85.6833
      vertex 0 129.4 85.6958
    endloop
  endfacet
  facet normal -0.99782 0.0659881 0
    outer loop
      vertex 1.59999 129.4 84.702
      vertex 1.92999 134.39 93.327
      vertex 1.92999 134.39 82.077
    endloop
  endfacet
  facet normal -0.99782 0.0659881 0
    outer loop
      vertex 1.92999 134.39 93.327
      vertex 1.59999 129.4 84.702
      vertex 1.59999 129.4 90.702
    endloop
  endfacet
  facet normal 0.639111 0.273694 -0.718769
    outer loop
      vertex 1.92999 134.39 93.327
      vertex 0 129.426 89.7207
      vertex 0 134.39 91.6109
    endloop
  endfacet
  facet normal 0 1 0
    outer loop
      vertex 145.52 129.4 89.702
      vertex 146.12 129.4 89.7082
      vertex 146.12 129.4 89.702
    endloop
  endfacet
  facet normal 0 1 0
    outer loop
      vertex 146.12 129.4 89.7082
      vertex 145.52 129.4 89.702
      vertex 144.52 129.4 90.702
    endloop
  endfacet
  facet normal 0 1 -0
    outer loop
      vertex 146.12 129.4 85.6958
      vertex 145.52 129.4 85.702
      vertex 146.12 129.4 85.702
    endloop
  endfacet
  facet normal 0 1 0
    outer loop
      vertex 145.52 129.4 85.702
      vertex 146.12 129.4 85.6958
      vertex 144.52 129.4 84.702
    endloop
  endfacet
  facet normal 0 1 0
    outer loop
      vertex 146.12 87.6 89.702
      vertex 146.12 87.6 85.702
      vertex 145.52 87.6 89.702
    endloop
  endfacet
  facet normal 0 1 0
    outer loop
      vertex 145.52 87.6 85.702
      vertex 145.52 87.6 89.702
      vertex 146.12 87.6 85.702
    endloop
  endfacet
  facet normal 0 1 0
    outer loop
      vertex 145.52 87.6 89.702
      vertex 145.52 87.6 85.702
      vertex 144.52 87.6 90.702
    endloop
  endfacet
  facet normal 0 1 0
    outer loop
      vertex 144.52 87.6 90.702
      vertex 145.52 87.6 85.702
      vertex 144.52 87.6 84.702
    endloop
  endfacet
  facet normal -0.707107 0 0.707107
    outer loop
      vertex 144.52 87.6 84.702
      vertex 145.52 129.4 85.702
      vertex 144.52 129.4 84.702
    endloop
  endfacet
  facet normal -0.707107 0 0.707107
    outer loop
      vertex 145.52 129.4 85.702
      vertex 144.52 87.6 84.702
      vertex 145.52 87.6 85.702
    endloop
  endfacet
  facet normal 1 -0 0
    outer loop
      vertex 144.52 87.6 90.702
      vertex 144.52 129.4 84.702
      vertex 144.52 129.4 90.702
    endloop
  endfacet
  facet normal 1 0 0
    outer loop
      vertex 144.52 129.4 84.702
      vertex 144.52 87.6 90.702
      vertex 144.52 87.6 84.702
    endloop
  endfacet
  facet normal -0.707107 0 -0.707107
    outer loop
      vertex 145.52 87.6 89.702
      vertex 144.52 129.4 90.702
      vertex 145.52 129.4 89.702
    endloop
  endfacet
  facet normal -0.707107 -0 -0.707107
    outer loop
      vertex 144.52 129.4 90.702
      vertex 145.52 87.6 89.702
      vertex 144.52 87.6 90.702
    endloop
  endfacet
  facet normal 0 0 -1
    outer loop
      vertex 145.52 87.6 89.702
      vertex 146.12 129.4 89.702
      vertex 146.12 87.6 89.702
    endloop
  endfacet
  facet normal -0 0 -1
    outer loop
      vertex 146.12 129.4 89.702
      vertex 145.52 87.6 89.702
      vertex 145.52 129.4 89.702
    endloop
  endfacet
  facet normal -0 0 1
    outer loop
      vertex 145.52 129.4 85.702
      vertex 146.12 87.6 85.702
      vertex 146.12 129.4 85.702
    endloop
  endfacet
  facet normal 0 0 1
    outer loop
      vertex 146.12 87.6 85.702
      vertex 145.52 129.4 85.702
      vertex 145.52 87.6 85.702
    endloop
  endfacet
  facet normal -0.488464 0.378086 0.786418
    outer loop
      vertex 146.12 129.426 85.6833
      vertex 144.52 129.4 84.702
      vertex 146.12 129.4 85.6958
    endloop
  endfacet
  facet normal -0.487893 0.380903 0.785413
    outer loop
      vertex 144.52 129.4 84.702
      vertex 146.12 129.426 85.6833
      vertex 144.19 134.39 82.077
    endloop
  endfacet
  facet normal 1 -0 0
    outer loop
      vertex 144.19 134.39 93.327
      vertex 144.19 134.4 82.077
      vertex 144.19 134.4 93.327
    endloop
  endfacet
  facet normal 1 0 0
    outer loop
      vertex 144.19 134.4 82.077
      vertex 144.19 134.39 93.327
      vertex 144.19 134.39 82.077
    endloop
  endfacet
  facet normal -0.664482 0 -0.747305
    outer loop
      vertex 144.19 134.39 93.327
      vertex 146.12 134.4 91.6109
      vertex 146.12 134.39 91.6109
    endloop
  endfacet
  facet normal -0.664482 0 -0.747305
    outer loop
      vertex 146.12 134.4 91.6109
      vertex 144.19 134.39 93.327
      vertex 144.19 134.4 93.327
    endloop
  endfacet
  facet normal -0.664482 0 0.747305
    outer loop
      vertex 144.19 134.4 82.077
      vertex 146.12 134.39 83.7931
      vertex 146.12 134.4 83.7931
    endloop
  endfacet
  facet normal -0.664482 0 0.747305
    outer loop
      vertex 146.12 134.39 83.7931
      vertex 144.19 134.4 82.077
      vertex 144.19 134.39 82.077
    endloop
  endfacet
  facet normal -0.639109 0.273694 -0.71877
    outer loop
      vertex 146.12 129.426 89.7207
      vertex 144.19 134.39 93.327
      vertex 146.12 134.39 91.6109
    endloop
  endfacet
  facet normal -0.488464 0.378086 -0.786418
    outer loop
      vertex 144.52 129.4 90.702
      vertex 146.12 129.426 89.7207
      vertex 146.12 129.4 89.7082
    endloop
  endfacet
  facet normal -0.487893 0.380903 -0.785413
    outer loop
      vertex 146.12 129.426 89.7207
      vertex 144.52 129.4 90.702
      vertex 144.19 134.39 93.327
    endloop
  endfacet
  facet normal 0.99782 0.0659881 0
    outer loop
      vertex 144.52 129.4 90.702
      vertex 144.19 134.39 82.077
      vertex 144.19 134.39 93.327
    endloop
  endfacet
  facet normal 0.99782 0.0659881 0
    outer loop
      vertex 144.19 134.39 82.077
      vertex 144.52 129.4 90.702
      vertex 144.52 129.4 84.702
    endloop
  endfacet
  facet normal -0.639109 0.273694 0.71877
    outer loop
      vertex 146.12 134.39 83.7931
      vertex 144.19 134.39 82.077
      vertex 146.12 129.426 85.6833
    endloop
  endfacet
  facet normal 0 1 0
    outer loop
      vertex 0.599991 129.4 134.218
      vertex 0 129.4 134.212
      vertex 0 129.4 134.218
    endloop
  endfacet
  facet normal -0 1 0
    outer loop
      vertex 0 129.4 134.212
      vertex 0.599991 129.4 134.218
      vertex 1.59999 129.4 133.218
    endloop
  endfacet
  facet normal 0 1 -0
    outer loop
      vertex 0.599991 129.4 138.218
      vertex 0 129.4 138.224
      vertex 1.59999 129.4 139.218
    endloop
  endfacet
  facet normal 0 1 0
    outer loop
      vertex 0 129.4 138.224
      vertex 0.599991 129.4 138.218
      vertex 0 129.4 138.218
    endloop
  endfacet
  facet normal 0 1 0
    outer loop
      vertex 0.599991 87.6 138.218
      vertex 0.599991 87.6 134.218
      vertex 0 87.6 138.218
    endloop
  endfacet
  facet normal 0 1 0
    outer loop
      vertex 1.59999 87.6 139.218
      vertex 0.599991 87.6 134.218
      vertex 0.599991 87.6 138.218
    endloop
  endfacet
  facet normal -0 1 0
    outer loop
      vertex 0.599991 87.6 134.218
      vertex 1.59999 87.6 139.218
      vertex 1.59999 87.6 133.218
    endloop
  endfacet
  facet normal 0 1 0
    outer loop
      vertex 0 87.6 138.218
      vertex 0.599991 87.6 134.218
      vertex 0 87.6 134.218
    endloop
  endfacet
  facet normal 0.707107 0 -0.707106
    outer loop
      vertex 1.59999 87.6 139.218
      vertex 0.599991 129.4 138.218
      vertex 1.59999 129.4 139.218
    endloop
  endfacet
  facet normal 0.707107 0 -0.707106
    outer loop
      vertex 0.599991 129.4 138.218
      vertex 1.59999 87.6 139.218
      vertex 0.599991 87.6 138.218
    endloop
  endfacet
  facet normal -1 0 0
    outer loop
      vertex 1.59999 87.6 133.218
      vertex 1.59999 129.4 139.218
      vertex 1.59999 129.4 133.218
    endloop
  endfacet
  facet normal -1 -0 0
    outer loop
      vertex 1.59999 129.4 139.218
      vertex 1.59999 87.6 133.218
      vertex 1.59999 87.6 139.218
    endloop
  endfacet
  facet normal 0.707107 -0 0.707106
    outer loop
      vertex 0.599991 87.6 134.218
      vertex 1.59999 129.4 133.218
      vertex 0.599991 129.4 134.218
    endloop
  endfacet
  facet normal 0.707107 0 0.707106
    outer loop
      vertex 1.59999 129.4 133.218
      vertex 0.599991 87.6 134.218
      vertex 1.59999 87.6 133.218
    endloop
  endfacet
  facet normal -0 0 1
    outer loop
      vertex 0 129.4 134.218
      vertex 0.599991 87.6 134.218
      vertex 0.599991 129.4 134.218
    endloop
  endfacet
  facet normal 0 0 1
    outer loop
      vertex 0.599991 87.6 134.218
      vertex 0 129.4 134.218
      vertex 0 87.6 134.218
    endloop
  endfacet
  facet normal 0 0 -1
    outer loop
      vertex 0 87.6 138.218
      vertex 0.599991 129.4 138.218
      vertex 0.599991 87.6 138.218
    endloop
  endfacet
  facet normal -0 0 -1
    outer loop
      vertex 0.599991 129.4 138.218
      vertex 0 87.6 138.218
      vertex 0 129.4 138.218
    endloop
  endfacet
  facet normal 0.485717 0.390917 -0.781833
    outer loop
      vertex 0 129.426 138.237
      vertex 1.59999 129.4 139.218
      vertex 0 129.4 138.224
    endloop
  endfacet
  facet normal 0.487782 0.380938 -0.785465
    outer loop
      vertex 1.59999 129.4 139.218
      vertex 0 129.426 138.237
      vertex 1.92999 134.39 141.843
    endloop
  endfacet
  facet normal -1 0 0
    outer loop
      vertex 1.92999 134.39 130.593
      vertex 1.92999 134.4 141.843
      vertex 1.92999 134.4 130.593
    endloop
  endfacet
  facet normal -1 -0 0
    outer loop
      vertex 1.92999 134.4 141.843
      vertex 1.92999 134.39 130.593
      vertex 1.92999 134.39 141.843
    endloop
  endfacet
  facet normal 0.664462 0 0.747322
    outer loop
      vertex 0 134.4 132.309
      vertex 1.92999 134.39 130.593
      vertex 1.92999 134.4 130.593
    endloop
  endfacet
  facet normal 0.664462 0 0.747322
    outer loop
      vertex 1.92999 134.39 130.593
      vertex 0 134.4 132.309
      vertex 0 134.39 132.309
    endloop
  endfacet
  facet normal 0.664462 0 -0.747322
    outer loop
      vertex 0 134.39 140.127
      vertex 1.92999 134.4 141.843
      vertex 1.92999 134.39 141.843
    endloop
  endfacet
  facet normal 0.664462 0 -0.747322
    outer loop
      vertex 1.92999 134.4 141.843
      vertex 0 134.39 140.127
      vertex 0 134.4 140.127
    endloop
  endfacet
  facet normal 0.639094 0.273674 0.718791
    outer loop
      vertex 0 134.39 132.309
      vertex 0 129.426 134.199
      vertex 1.92999 134.39 130.593
    endloop
  endfacet
  facet normal 0.487782 0.380938 0.785465
    outer loop
      vertex 0 129.426 134.199
      vertex 1.59999 129.4 133.218
      vertex 1.92999 134.39 130.593
    endloop
  endfacet
  facet normal 0.485717 0.390917 0.781833
    outer loop
      vertex 1.59999 129.4 133.218
      vertex 0 129.426 134.199
      vertex 0 129.4 134.212
    endloop
  endfacet
  facet normal -0.99782 0.0659881 0
    outer loop
      vertex 1.59999 129.4 133.218
      vertex 1.92999 134.39 141.843
      vertex 1.92999 134.39 130.593
    endloop
  endfacet
  facet normal -0.99782 0.0659881 0
    outer loop
      vertex 1.92999 134.39 141.843
      vertex 1.59999 129.4 133.218
      vertex 1.59999 129.4 139.218
    endloop
  endfacet
  facet normal 0.639094 0.273674 -0.718791
    outer loop
      vertex 1.92999 134.39 141.843
      vertex 0 129.426 138.237
      vertex 0 134.39 140.127
    endloop
  endfacet
  facet normal 0 1 0
    outer loop
      vertex 145.52 129.4 138.218
      vertex 146.12 129.4 138.224
      vertex 146.12 129.4 138.218
    endloop
  endfacet
  facet normal 0 1 0
    outer loop
      vertex 146.12 129.4 138.224
      vertex 145.52 129.4 138.218
      vertex 144.52 129.4 139.218
    endloop
  endfacet
  facet normal 0 1 -0
    outer loop
      vertex 146.12 129.4 134.212
      vertex 145.52 129.4 134.218
      vertex 146.12 129.4 134.218
    endloop
  endfacet
  facet normal 0 1 0
    outer loop
      vertex 145.52 129.4 134.218
      vertex 146.12 129.4 134.212
      vertex 144.52 129.4 133.218
    endloop
  endfacet
  facet normal 0 1 0
    outer loop
      vertex 146.12 87.6 138.218
      vertex 146.12 87.6 134.218
      vertex 145.52 87.6 138.218
    endloop
  endfacet
  facet normal 0 1 0
    outer loop
      vertex 145.52 87.6 134.218
      vertex 145.52 87.6 138.218
      vertex 146.12 87.6 134.218
    endloop
  endfacet
  facet normal 0 1 0
    outer loop
      vertex 145.52 87.6 138.218
      vertex 145.52 87.6 134.218
      vertex 144.52 87.6 139.218
    endloop
  endfacet
  facet normal 0 1 0
    outer loop
      vertex 144.52 87.6 139.218
      vertex 145.52 87.6 134.218
      vertex 144.52 87.6 133.218
    endloop
  endfacet
  facet normal -0.707107 0 0.707107
    outer loop
      vertex 144.52 87.6 133.218
      vertex 145.52 129.4 134.218
      vertex 144.52 129.4 133.218
    endloop
  endfacet
  facet normal -0.707107 0 0.707107
    outer loop
      vertex 145.52 129.4 134.218
      vertex 144.52 87.6 133.218
      vertex 145.52 87.6 134.218
    endloop
  endfacet
  facet normal 1 -0 0
    outer loop
      vertex 144.52 87.6 139.218
      vertex 144.52 129.4 133.218
      vertex 144.52 129.4 139.218
    endloop
  endfacet
  facet normal 1 0 0
    outer loop
      vertex 144.52 129.4 133.218
      vertex 144.52 87.6 139.218
      vertex 144.52 87.6 133.218
    endloop
  endfacet
  facet normal -0.707107 0 -0.707107
    outer loop
      vertex 145.52 87.6 138.218
      vertex 144.52 129.4 139.218
      vertex 145.52 129.4 138.218
    endloop
  endfacet
  facet normal -0.707107 -0 -0.707107
    outer loop
      vertex 144.52 129.4 139.218
      vertex 145.52 87.6 138.218
      vertex 144.52 87.6 139.218
    endloop
  endfacet
  facet normal 0 0 -1
    outer loop
      vertex 145.52 87.6 138.218
      vertex 146.12 129.4 138.218
      vertex 146.12 87.6 138.218
    endloop
  endfacet
  facet normal -0 0 -1
    outer loop
      vertex 146.12 129.4 138.218
      vertex 145.52 87.6 138.218
      vertex 145.52 129.4 138.218
    endloop
  endfacet
  facet normal -0 0 1
    outer loop
      vertex 145.52 129.4 134.218
      vertex 146.12 87.6 134.218
      vertex 146.12 129.4 134.218
    endloop
  endfacet
  facet normal 0 0 1
    outer loop
      vertex 146.12 87.6 134.218
      vertex 145.52 129.4 134.218
      vertex 145.52 87.6 134.218
    endloop
  endfacet
  facet normal -0.485715 0.390917 0.781834
    outer loop
      vertex 146.12 129.426 134.199
      vertex 144.52 129.4 133.218
      vertex 146.12 129.4 134.212
    endloop
  endfacet
  facet normal -0.487779 0.380938 0.785466
    outer loop
      vertex 144.52 129.4 133.218
      vertex 146.12 129.426 134.199
      vertex 144.19 134.39 130.593
    endloop
  endfacet
  facet normal 1 -0 0
    outer loop
      vertex 144.19 134.39 141.843
      vertex 144.19 134.4 130.593
      vertex 144.19 134.4 141.843
    endloop
  endfacet
  facet normal 1 0 0
    outer loop
      vertex 144.19 134.4 130.593
      vertex 144.19 134.39 141.843
      vertex 144.19 134.39 130.593
    endloop
  endfacet
  facet normal -0.66446 0 -0.747324
    outer loop
      vertex 144.19 134.39 141.843
      vertex 146.12 134.4 140.127
      vertex 146.12 134.39 140.127
    endloop
  endfacet
  facet normal -0.66446 0 -0.747324
    outer loop
      vertex 146.12 134.4 140.127
      vertex 144.19 134.39 141.843
      vertex 144.19 134.4 141.843
    endloop
  endfacet
  facet normal -0.66446 0 0.747324
    outer loop
      vertex 144.19 134.4 130.593
      vertex 146.12 134.39 132.309
      vertex 146.12 134.4 132.309
    endloop
  endfacet
  facet normal -0.66446 0 0.747324
    outer loop
      vertex 146.12 134.39 132.309
      vertex 144.19 134.4 130.593
      vertex 144.19 134.39 130.593
    endloop
  endfacet
  facet normal -0.639093 0.273674 -0.718793
    outer loop
      vertex 146.12 129.426 138.237
      vertex 144.19 134.39 141.843
      vertex 146.12 134.39 140.127
    endloop
  endfacet
  facet normal -0.485715 0.390917 -0.781834
    outer loop
      vertex 144.52 129.4 139.218
      vertex 146.12 129.426 138.237
      vertex 146.12 129.4 138.224
    endloop
  endfacet
  facet normal -0.487779 0.380938 -0.785466
    outer loop
      vertex 146.12 129.426 138.237
      vertex 144.52 129.4 139.218
      vertex 144.19 134.39 141.843
    endloop
  endfacet
  facet normal 0.99782 0.0659881 0
    outer loop
      vertex 144.52 129.4 139.218
      vertex 144.19 134.39 130.593
      vertex 144.19 134.39 141.843
    endloop
  endfacet
  facet normal 0.99782 0.0659881 0
    outer loop
      vertex 144.19 134.39 130.593
      vertex 144.52 129.4 139.218
      vertex 144.52 129.4 133.218
    endloop
  endfacet
  facet normal -0.639093 0.273674 0.718793
    outer loop
      vertex 146.12 134.39 132.309
      vertex 144.19 134.39 130.593
      vertex 146.12 129.426 134.199
    endloop
  endfacet
  facet normal 0 1 -0
    outer loop
      vertex 14.7922 129.4 0
      vertex 14.786 129.4 0.599991
      vertex 15.786 129.4 1.59999
    endloop
  endfacet
  facet normal 0 1 0
    outer loop
      vertex 14.786 129.4 0.599991
      vertex 14.7922 129.4 0
      vertex 14.786 129.4 0
    endloop
  endfacet
  facet normal 0 1 0
    outer loop
      vertex 10.7798 129.4 0
      vertex 10.786 129.4 0.599991
      vertex 10.786 129.4 0
    endloop
  endfacet
  facet normal 0 1 0
    outer loop
      vertex 10.786 129.4 0.599991
      vertex 10.7798 129.4 0
      vertex 9.786 129.4 1.59999
    endloop
  endfacet
  facet normal 0 1 -0
    outer loop
      vertex 14.786 87.6 0.599991
      vertex 9.786 87.6 1.59999
      vertex 15.786 87.6 1.59999
    endloop
  endfacet
  facet normal 0 1 0
    outer loop
      vertex 14.786 87.6 0.599991
      vertex 10.786 87.6 0.599991
      vertex 9.786 87.6 1.59999
    endloop
  endfacet
  facet normal 0 1 -0
    outer loop
      vertex 14.786 87.6 0
      vertex 10.786 87.6 0.599991
      vertex 14.786 87.6 0.599991
    endloop
  endfacet
  facet normal 0 1 0
    outer loop
      vertex 10.786 87.6 0.599991
      vertex 14.786 87.6 0
      vertex 10.786 87.6 0
    endloop
  endfacet
  facet normal 0.707106 -0 0.707107
    outer loop
      vertex 9.786 87.6 1.59999
      vertex 10.786 129.4 0.599991
      vertex 9.786 129.4 1.59999
    endloop
  endfacet
  facet normal 0.707106 0 0.707107
    outer loop
      vertex 10.786 129.4 0.599991
      vertex 9.786 87.6 1.59999
      vertex 10.786 87.6 0.599991
    endloop
  endfacet
  facet normal 0 0 -1
    outer loop
      vertex 9.786 87.6 1.59999
      vertex 15.786 129.4 1.59999
      vertex 15.786 87.6 1.59999
    endloop
  endfacet
  facet normal -0 0 -1
    outer loop
      vertex 15.786 129.4 1.59999
      vertex 9.786 87.6 1.59999
      vertex 9.786 129.4 1.59999
    endloop
  endfacet
  facet normal -0.707106 0 0.707107
    outer loop
      vertex 14.786 87.6 0.599991
      vertex 15.786 129.4 1.59999
      vertex 14.786 129.4 0.599991
    endloop
  endfacet
  facet normal -0.707106 0 0.707107
    outer loop
      vertex 15.786 129.4 1.59999
      vertex 14.786 87.6 0.599991
      vertex 15.786 87.6 1.59999
    endloop
  endfacet
  facet normal -1 0 0
    outer loop
      vertex 14.786 87.6 0
      vertex 14.786 129.4 0.599991
      vertex 14.786 129.4 0
    endloop
  endfacet
  facet normal -1 -0 0
    outer loop
      vertex 14.786 129.4 0.599991
      vertex 14.786 87.6 0
      vertex 14.786 87.6 0.599991
    endloop
  endfacet
  facet normal 1 -0 0
    outer loop
      vertex 10.786 87.6 0.599991
      vertex 10.786 129.4 0
      vertex 10.786 129.4 0.599991
    endloop
  endfacet
  facet normal 1 0 0
    outer loop
      vertex 10.786 129.4 0
      vertex 10.786 87.6 0.599991
      vertex 10.786 87.6 0
    endloop
  endfacet
  facet normal 0.785412 0.380902 0.487896
    outer loop
      vertex 9.786 129.4 1.59999
      vertex 10.7673 129.426 0
      vertex 7.161 134.39 1.92999
    endloop
  endfacet
  facet normal 0.786417 0.378085 0.488466
    outer loop
      vertex 10.7673 129.426 0
      vertex 9.786 129.4 1.59999
      vertex 10.7798 129.4 0
    endloop
  endfacet
  facet normal 0 0 -1
    outer loop
      vertex 7.161 134.39 1.92999
      vertex 18.411 134.4 1.92999
      vertex 18.411 134.39 1.92999
    endloop
  endfacet
  facet normal -0 0 -1
    outer loop
      vertex 18.411 134.4 1.92999
      vertex 7.161 134.39 1.92999
      vertex 7.161 134.4 1.92999
    endloop
  endfacet
  facet normal -0.747303 0 0.664484
    outer loop
      vertex 16.6949 134.39 0
      vertex 18.411 134.4 1.92999
      vertex 16.6949 134.4 0
    endloop
  endfacet
  facet normal -0.747303 0 0.664484
    outer loop
      vertex 18.411 134.4 1.92999
      vertex 16.6949 134.39 0
      vertex 18.411 134.39 1.92999
    endloop
  endfacet
  facet normal 0.747299 -0 0.664488
    outer loop
      vertex 7.161 134.39 1.92999
      vertex 8.87712 134.4 0
      vertex 7.161 134.4 1.92999
    endloop
  endfacet
  facet normal 0.747299 0 0.664488
    outer loop
      vertex 8.87712 134.4 0
      vertex 7.161 134.39 1.92999
      vertex 8.87712 134.39 0
    endloop
  endfacet
  facet normal -0.718769 0.273694 0.639111
    outer loop
      vertex 16.6949 134.39 0
      vertex 14.8047 129.426 0
      vertex 18.411 134.39 1.92999
    endloop
  endfacet
  facet normal -0.786417 0.378085 0.488466
    outer loop
      vertex 15.786 129.4 1.59999
      vertex 14.8047 129.426 0
      vertex 14.7922 129.4 0
    endloop
  endfacet
  facet normal -0.785412 0.380902 0.487896
    outer loop
      vertex 14.8047 129.426 0
      vertex 15.786 129.4 1.59999
      vertex 18.411 134.39 1.92999
    endloop
  endfacet
  facet normal 0 0.0659881 -0.99782
    outer loop
      vertex 9.786 129.4 1.59999
      vertex 18.411 134.39 1.92999
      vertex 15.786 129.4 1.59999
    endloop
  endfacet
  facet normal 0 0.0659881 -0.99782
    outer loop
      vertex 18.411 134.39 1.92999
      vertex 9.786 129.4 1.59999
      vertex 7.161 134.39 1.92999
    endloop
  endfacet
  facet normal 0.718766 0.27369 0.639116
    outer loop
      vertex 8.87712 134.39 0
      vertex 7.161 134.39 1.92999
      vertex 10.7673 129.426 0
    endloop
  endfacet
  facet normal 0 1 -0
    outer loop
      vertex 10.786 129.4 148.68
      vertex 10.7798 129.4 149.28
      vertex 10.786 129.4 149.28
    endloop
  endfacet
  facet normal 0 1 0
    outer loop
      vertex 10.7798 129.4 149.28
      vertex 10.786 129.4 148.68
      vertex 9.786 129.4 147.68
    endloop
  endfacet
  facet normal 0 1 0
    outer loop
      vertex 14.7922 129.4 149.28
      vertex 14.786 129.4 148.68
      vertex 14.786 129.4 149.28
    endloop
  endfacet
  facet normal -0 1 0
    outer loop
      vertex 14.786 129.4 148.68
      vertex 14.7922 129.4 149.28
      vertex 15.786 129.4 147.68
    endloop
  endfacet
  facet normal 0 1 -0
    outer loop
      vertex 14.786 87.6 148.68
      vertex 10.786 87.6 149.28
      vertex 14.786 87.6 149.28
    endloop
  endfacet
  facet normal 0 1 0
    outer loop
      vertex 14.786 87.6 148.68
      vertex 10.786 87.6 148.68
      vertex 10.786 87.6 149.28
    endloop
  endfacet
  facet normal 0 1 0
    outer loop
      vertex 15.786 87.6 147.68
      vertex 10.786 87.6 148.68
      vertex 14.786 87.6 148.68
    endloop
  endfacet
  facet normal 0 1 0
    outer loop
      vertex 10.786 87.6 148.68
      vertex 15.786 87.6 147.68
      vertex 9.786 87.6 147.68
    endloop
  endfacet
  facet normal -0.707107 0 -0.707107
    outer loop
      vertex 15.786 87.6 147.68
      vertex 14.786 129.4 148.68
      vertex 15.786 129.4 147.68
    endloop
  endfacet
  facet normal -0.707107 -0 -0.707107
    outer loop
      vertex 14.786 129.4 148.68
      vertex 15.786 87.6 147.68
      vertex 14.786 87.6 148.68
    endloop
  endfacet
  facet normal -0 0 1
    outer loop
      vertex 9.786 129.4 147.68
      vertex 15.786 87.6 147.68
      vertex 15.786 129.4 147.68
    endloop
  endfacet
  facet normal 0 0 1
    outer loop
      vertex 15.786 87.6 147.68
      vertex 9.786 129.4 147.68
      vertex 9.786 87.6 147.68
    endloop
  endfacet
  facet normal 0.707107 0 -0.707107
    outer loop
      vertex 10.786 87.6 148.68
      vertex 9.786 129.4 147.68
      vertex 10.786 129.4 148.68
    endloop
  endfacet
  facet normal 0.707107 0 -0.707107
    outer loop
      vertex 9.786 129.4 147.68
      vertex 10.786 87.6 148.68
      vertex 9.786 87.6 147.68
    endloop
  endfacet
  facet normal 1 -0 0
    outer loop
      vertex 10.786 87.6 149.28
      vertex 10.786 129.4 148.68
      vertex 10.786 129.4 149.28
    endloop
  endfacet
  facet normal 1 0 0
    outer loop
      vertex 10.786 129.4 148.68
      vertex 10.786 87.6 149.28
      vertex 10.786 87.6 148.68
    endloop
  endfacet
  facet normal -1 0 0
    outer loop
      vertex 14.786 87.6 148.68
      vertex 14.786 129.4 149.28
      vertex 14.786 129.4 148.68
    endloop
  endfacet
  facet normal -1 -0 0
    outer loop
      vertex 14.786 129.4 149.28
      vertex 14.786 87.6 148.68
      vertex 14.786 87.6 149.28
    endloop
  endfacet
  facet normal -0.785413 0.380903 -0.487893
    outer loop
      vertex 15.786 129.4 147.68
      vertex 14.8047 129.426 149.28
      vertex 18.411 134.39 147.35
    endloop
  endfacet
  facet normal -0.786418 0.378086 -0.488464
    outer loop
      vertex 14.8047 129.426 149.28
      vertex 15.786 129.4 147.68
      vertex 14.7922 129.4 149.28
    endloop
  endfacet
  facet normal -0 0 1
    outer loop
      vertex 7.161 134.4 147.35
      vertex 18.411 134.39 147.35
      vertex 18.411 134.4 147.35
    endloop
  endfacet
  facet normal 0 0 1
    outer loop
      vertex 18.411 134.39 147.35
      vertex 7.161 134.4 147.35
      vertex 7.161 134.39 147.35
    endloop
  endfacet
  facet normal 0.747301 0 -0.664486
    outer loop
      vertex 8.87712 134.39 149.28
      vertex 7.161 134.4 147.35
      vertex 8.87712 134.4 149.28
    endloop
  endfacet
  facet normal 0.747301 0 -0.664486
    outer loop
      vertex 7.161 134.4 147.35
      vertex 8.87712 134.39 149.28
      vertex 7.161 134.39 147.35
    endloop
  endfacet
  facet normal -0.747305 0 -0.664482
    outer loop
      vertex 18.411 134.39 147.35
      vertex 16.6949 134.4 149.28
      vertex 18.411 134.4 147.35
    endloop
  endfacet
  facet normal -0.747305 -0 -0.664482
    outer loop
      vertex 16.6949 134.4 149.28
      vertex 18.411 134.39 147.35
      vertex 16.6949 134.39 149.28
    endloop
  endfacet
  facet normal 0.718767 0.27369 -0.639114
    outer loop
      vertex 10.7673 129.426 149.28
      vertex 7.161 134.39 147.35
      vertex 8.87712 134.39 149.28
    endloop
  endfacet
  facet normal 0.786418 0.378086 -0.488464
    outer loop
      vertex 9.786 129.4 147.68
      vertex 10.7673 129.426 149.28
      vertex 10.7798 129.4 149.28
    endloop
  endfacet
  facet normal 0.785413 0.380903 -0.487893
    outer loop
      vertex 10.7673 129.426 149.28
      vertex 9.786 129.4 147.68
      vertex 7.161 134.39 147.35
    endloop
  endfacet
  facet normal 0 0.0659881 0.99782
    outer loop
      vertex 18.411 134.39 147.35
      vertex 9.786 129.4 147.68
      vertex 15.786 129.4 147.68
    endloop
  endfacet
  facet normal 0 0.0659881 0.99782
    outer loop
      vertex 9.786 129.4 147.68
      vertex 18.411 134.39 147.35
      vertex 7.161 134.39 147.35
    endloop
  endfacet
  facet normal -0.71877 0.273694 -0.639109
    outer loop
      vertex 18.411 134.39 147.35
      vertex 14.8047 129.426 149.28
      vertex 16.6949 134.39 149.28
    endloop
  endfacet
  facet normal 0 1 -0
    outer loop
      vertex 62.2802 129.4 0
      vertex 62.274 129.4 0.599991
      vertex 63.274 129.4 1.59999
    endloop
  endfacet
  facet normal 0 1 0
    outer loop
      vertex 62.274 129.4 0.599991
      vertex 62.2802 129.4 0
      vertex 62.274 129.4 0
    endloop
  endfacet
  facet normal 0 1 0
    outer loop
      vertex 58.2678 129.4 0
      vertex 58.274 129.4 0.599991
      vertex 58.274 129.4 0
    endloop
  endfacet
  facet normal 0 1 0
    outer loop
      vertex 58.274 129.4 0.599991
      vertex 58.2678 129.4 0
      vertex 57.274 129.4 1.59999
    endloop
  endfacet
  facet normal 0 1 -0
    outer loop
      vertex 62.274 87.6 0.599991
      vertex 57.274 87.6 1.59999
      vertex 63.274 87.6 1.59999
    endloop
  endfacet
  facet normal 0 1 0
    outer loop
      vertex 62.274 87.6 0.599991
      vertex 58.274 87.6 0.599991
      vertex 57.274 87.6 1.59999
    endloop
  endfacet
  facet normal 0 1 -0
    outer loop
      vertex 62.274 87.6 0
      vertex 58.274 87.6 0.599991
      vertex 62.274 87.6 0.599991
    endloop
  endfacet
  facet normal 0 1 0
    outer loop
      vertex 58.274 87.6 0.599991
      vertex 62.274 87.6 0
      vertex 58.274 87.6 0
    endloop
  endfacet
  facet normal 0.707106 -0 0.707107
    outer loop
      vertex 57.274 87.6 1.59999
      vertex 58.274 129.4 0.599991
      vertex 57.274 129.4 1.59999
    endloop
  endfacet
  facet normal 0.707106 0 0.707107
    outer loop
      vertex 58.274 129.4 0.599991
      vertex 57.274 87.6 1.59999
      vertex 58.274 87.6 0.599991
    endloop
  endfacet
  facet normal 0 0 -1
    outer loop
      vertex 57.274 87.6 1.59999
      vertex 63.274 129.4 1.59999
      vertex 63.274 87.6 1.59999
    endloop
  endfacet
  facet normal -0 0 -1
    outer loop
      vertex 63.274 129.4 1.59999
      vertex 57.274 87.6 1.59999
      vertex 57.274 129.4 1.59999
    endloop
  endfacet
  facet normal -0.707106 0 0.707107
    outer loop
      vertex 62.274 87.6 0.599991
      vertex 63.274 129.4 1.59999
      vertex 62.274 129.4 0.599991
    endloop
  endfacet
  facet normal -0.707106 0 0.707107
    outer loop
      vertex 63.274 129.4 1.59999
      vertex 62.274 87.6 0.599991
      vertex 63.274 87.6 1.59999
    endloop
  endfacet
  facet normal -1 0 0
    outer loop
      vertex 62.274 87.6 0
      vertex 62.274 129.4 0.599991
      vertex 62.274 129.4 0
    endloop
  endfacet
  facet normal -1 -0 0
    outer loop
      vertex 62.274 129.4 0.599991
      vertex 62.274 87.6 0
      vertex 62.274 87.6 0.599991
    endloop
  endfacet
  facet normal 1 -0 0
    outer loop
      vertex 58.274 87.6 0.599991
      vertex 58.274 129.4 0
      vertex 58.274 129.4 0.599991
    endloop
  endfacet
  facet normal 1 0 0
    outer loop
      vertex 58.274 129.4 0
      vertex 58.274 87.6 0.599991
      vertex 58.274 87.6 0
    endloop
  endfacet
  facet normal 0.785412 0.380902 0.487896
    outer loop
      vertex 57.274 129.4 1.59999
      vertex 58.2553 129.426 0
      vertex 54.649 134.39 1.92999
    endloop
  endfacet
  facet normal 0.786417 0.378085 0.488466
    outer loop
      vertex 58.2553 129.426 0
      vertex 57.274 129.4 1.59999
      vertex 58.2678 129.4 0
    endloop
  endfacet
  facet normal 0 0 -1
    outer loop
      vertex 54.649 134.39 1.92999
      vertex 65.899 134.4 1.92999
      vertex 65.899 134.39 1.92999
    endloop
  endfacet
  facet normal -0 0 -1
    outer loop
      vertex 65.899 134.4 1.92999
      vertex 54.649 134.39 1.92999
      vertex 54.649 134.4 1.92999
    endloop
  endfacet
  facet normal -0.747303 0 0.664484
    outer loop
      vertex 64.1829 134.39 0
      vertex 65.899 134.4 1.92999
      vertex 64.1829 134.4 0
    endloop
  endfacet
  facet normal -0.747303 0 0.664484
    outer loop
      vertex 65.899 134.4 1.92999
      vertex 64.1829 134.39 0
      vertex 65.899 134.39 1.92999
    endloop
  endfacet
  facet normal 0.747303 -0 0.664484
    outer loop
      vertex 54.649 134.39 1.92999
      vertex 56.3651 134.4 0
      vertex 54.649 134.4 1.92999
    endloop
  endfacet
  facet normal 0.747303 0 0.664484
    outer loop
      vertex 56.3651 134.4 0
      vertex 54.649 134.39 1.92999
      vertex 56.3651 134.39 0
    endloop
  endfacet
  facet normal -0.718769 0.273694 0.639111
    outer loop
      vertex 64.1829 134.39 0
      vertex 62.2927 129.426 0
      vertex 65.899 134.39 1.92999
    endloop
  endfacet
  facet normal -0.786417 0.378085 0.488466
    outer loop
      vertex 63.274 129.4 1.59999
      vertex 62.2927 129.426 0
      vertex 62.2802 129.4 0
    endloop
  endfacet
  facet normal -0.785412 0.380902 0.487896
    outer loop
      vertex 62.2927 129.426 0
      vertex 63.274 129.4 1.59999
      vertex 65.899 134.39 1.92999
    endloop
  endfacet
  facet normal 0 0.0659881 -0.99782
    outer loop
      vertex 57.274 129.4 1.59999
      vertex 65.899 134.39 1.92999
      vertex 63.274 129.4 1.59999
    endloop
  endfacet
  facet normal 0 0.0659881 -0.99782
    outer loop
      vertex 65.899 134.39 1.92999
      vertex 57.274 129.4 1.59999
      vertex 54.649 134.39 1.92999
    endloop
  endfacet
  facet normal 0.718769 0.273694 0.639111
    outer loop
      vertex 56.3651 134.39 0
      vertex 54.649 134.39 1.92999
      vertex 58.2553 129.426 0
    endloop
  endfacet
  facet normal 0 1 -0
    outer loop
      vertex 58.274 129.4 148.68
      vertex 58.2678 129.4 149.28
      vertex 58.274 129.4 149.28
    endloop
  endfacet
  facet normal 0 1 0
    outer loop
      vertex 58.2678 129.4 149.28
      vertex 58.274 129.4 148.68
      vertex 57.274 129.4 147.68
    endloop
  endfacet
  facet normal 0 1 0
    outer loop
      vertex 62.2802 129.4 149.28
      vertex 62.274 129.4 148.68
      vertex 62.274 129.4 149.28
    endloop
  endfacet
  facet normal -0 1 0
    outer loop
      vertex 62.274 129.4 148.68
      vertex 62.2802 129.4 149.28
      vertex 63.274 129.4 147.68
    endloop
  endfacet
  facet normal 0 1 -0
    outer loop
      vertex 62.274 87.6 148.68
      vertex 58.274 87.6 149.28
      vertex 62.274 87.6 149.28
    endloop
  endfacet
  facet normal 0 1 0
    outer loop
      vertex 62.274 87.6 148.68
      vertex 58.274 87.6 148.68
      vertex 58.274 87.6 149.28
    endloop
  endfacet
  facet normal 0 1 0
    outer loop
      vertex 63.274 87.6 147.68
      vertex 58.274 87.6 148.68
      vertex 62.274 87.6 148.68
    endloop
  endfacet
  facet normal 0 1 0
    outer loop
      vertex 58.274 87.6 148.68
      vertex 63.274 87.6 147.68
      vertex 57.274 87.6 147.68
    endloop
  endfacet
  facet normal -0.707107 0 -0.707107
    outer loop
      vertex 63.274 87.6 147.68
      vertex 62.274 129.4 148.68
      vertex 63.274 129.4 147.68
    endloop
  endfacet
  facet normal -0.707107 -0 -0.707107
    outer loop
      vertex 62.274 129.4 148.68
      vertex 63.274 87.6 147.68
      vertex 62.274 87.6 148.68
    endloop
  endfacet
  facet normal -0 0 1
    outer loop
      vertex 57.274 129.4 147.68
      vertex 63.274 87.6 147.68
      vertex 63.274 129.4 147.68
    endloop
  endfacet
  facet normal 0 0 1
    outer loop
      vertex 63.274 87.6 147.68
      vertex 57.274 129.4 147.68
      vertex 57.274 87.6 147.68
    endloop
  endfacet
  facet normal 0.707107 0 -0.707107
    outer loop
      vertex 58.274 87.6 148.68
      vertex 57.274 129.4 147.68
      vertex 58.274 129.4 148.68
    endloop
  endfacet
  facet normal 0.707107 0 -0.707107
    outer loop
      vertex 57.274 129.4 147.68
      vertex 58.274 87.6 148.68
      vertex 57.274 87.6 147.68
    endloop
  endfacet
  facet normal 1 -0 0
    outer loop
      vertex 58.274 87.6 149.28
      vertex 58.274 129.4 148.68
      vertex 58.274 129.4 149.28
    endloop
  endfacet
  facet normal 1 0 0
    outer loop
      vertex 58.274 129.4 148.68
      vertex 58.274 87.6 149.28
      vertex 58.274 87.6 148.68
    endloop
  endfacet
  facet normal -1 0 0
    outer loop
      vertex 62.274 87.6 148.68
      vertex 62.274 129.4 149.28
      vertex 62.274 129.4 148.68
    endloop
  endfacet
  facet normal -1 -0 0
    outer loop
      vertex 62.274 129.4 149.28
      vertex 62.274 87.6 148.68
      vertex 62.274 87.6 149.28
    endloop
  endfacet
  facet normal -0.785413 0.380903 -0.487893
    outer loop
      vertex 63.274 129.4 147.68
      vertex 62.2927 129.426 149.28
      vertex 65.899 134.39 147.35
    endloop
  endfacet
  facet normal -0.786418 0.378086 -0.488464
    outer loop
      vertex 62.2927 129.426 149.28
      vertex 63.274 129.4 147.68
      vertex 62.2802 129.4 149.28
    endloop
  endfacet
  facet normal -0 0 1
    outer loop
      vertex 54.649 134.4 147.35
      vertex 65.899 134.39 147.35
      vertex 65.899 134.4 147.35
    endloop
  endfacet
  facet normal 0 0 1
    outer loop
      vertex 65.899 134.39 147.35
      vertex 54.649 134.4 147.35
      vertex 54.649 134.39 147.35
    endloop
  endfacet
  facet normal 0.747305 0 -0.664482
    outer loop
      vertex 56.3651 134.39 149.28
      vertex 54.649 134.4 147.35
      vertex 56.3651 134.4 149.28
    endloop
  endfacet
  facet normal 0.747305 0 -0.664482
    outer loop
      vertex 54.649 134.4 147.35
      vertex 56.3651 134.39 149.28
      vertex 54.649 134.39 147.35
    endloop
  endfacet
  facet normal -0.747305 0 -0.664482
    outer loop
      vertex 65.899 134.39 147.35
      vertex 64.1829 134.4 149.28
      vertex 65.899 134.4 147.35
    endloop
  endfacet
  facet normal -0.747305 -0 -0.664482
    outer loop
      vertex 64.1829 134.4 149.28
      vertex 65.899 134.39 147.35
      vertex 64.1829 134.39 149.28
    endloop
  endfacet
  facet normal 0.71877 0.273694 -0.639109
    outer loop
      vertex 58.2553 129.426 149.28
      vertex 54.649 134.39 147.35
      vertex 56.3651 134.39 149.28
    endloop
  endfacet
  facet normal 0.786418 0.378086 -0.488464
    outer loop
      vertex 57.274 129.4 147.68
      vertex 58.2553 129.426 149.28
      vertex 58.2678 129.4 149.28
    endloop
  endfacet
  facet normal 0.785413 0.380903 -0.487893
    outer loop
      vertex 58.2553 129.426 149.28
      vertex 57.274 129.4 147.68
      vertex 54.649 134.39 147.35
    endloop
  endfacet
  facet normal 0 0.0659881 0.99782
    outer loop
      vertex 65.899 134.39 147.35
      vertex 57.274 129.4 147.68
      vertex 63.274 129.4 147.68
    endloop
  endfacet
  facet normal 0 0.0659881 0.99782
    outer loop
      vertex 57.274 129.4 147.68
      vertex 65.899 134.39 147.35
      vertex 54.649 134.39 147.35
    endloop
  endfacet
  facet normal -0.71877 0.273694 -0.639109
    outer loop
      vertex 65.899 134.39 147.35
      vertex 62.2927 129.426 149.28
      vertex 64.1829 134.39 149.28
    endloop
  endfacet
  facet normal 0 1 -0
    outer loop
      vertex 87.8522 129.4 0
      vertex 87.846 129.4 0.599991
      vertex 88.846 129.4 1.59999
    endloop
  endfacet
  facet normal 0 1 0
    outer loop
      vertex 87.846 129.4 0.599991
      vertex 87.8522 129.4 0
      vertex 87.846 129.4 0
    endloop
  endfacet
  facet normal 0 1 0
    outer loop
      vertex 83.8398 129.4 0
      vertex 83.846 129.4 0.599991
      vertex 83.846 129.4 0
    endloop
  endfacet
  facet normal 0 1 0
    outer loop
      vertex 83.846 129.4 0.599991
      vertex 83.8398 129.4 0
      vertex 82.846 129.4 1.59999
    endloop
  endfacet
  facet normal 0 1 -0
    outer loop
      vertex 87.846 87.6 0.599991
      vertex 82.846 87.6 1.59999
      vertex 88.846 87.6 1.59999
    endloop
  endfacet
  facet normal 0 1 0
    outer loop
      vertex 87.846 87.6 0.599991
      vertex 83.846 87.6 0.599991
      vertex 82.846 87.6 1.59999
    endloop
  endfacet
  facet normal 0 1 -0
    outer loop
      vertex 87.846 87.6 0
      vertex 83.846 87.6 0.599991
      vertex 87.846 87.6 0.599991
    endloop
  endfacet
  facet normal 0 1 0
    outer loop
      vertex 83.846 87.6 0.599991
      vertex 87.846 87.6 0
      vertex 83.846 87.6 0
    endloop
  endfacet
  facet normal 0.707106 -0 0.707107
    outer loop
      vertex 82.846 87.6 1.59999
      vertex 83.846 129.4 0.599991
      vertex 82.846 129.4 1.59999
    endloop
  endfacet
  facet normal 0.707106 0 0.707107
    outer loop
      vertex 83.846 129.4 0.599991
      vertex 82.846 87.6 1.59999
      vertex 83.846 87.6 0.599991
    endloop
  endfacet
  facet normal 0 0 -1
    outer loop
      vertex 82.846 87.6 1.59999
      vertex 88.846 129.4 1.59999
      vertex 88.846 87.6 1.59999
    endloop
  endfacet
  facet normal -0 0 -1
    outer loop
      vertex 88.846 129.4 1.59999
      vertex 82.846 87.6 1.59999
      vertex 82.846 129.4 1.59999
    endloop
  endfacet
  facet normal -0.707106 0 0.707107
    outer loop
      vertex 87.846 87.6 0.599991
      vertex 88.846 129.4 1.59999
      vertex 87.846 129.4 0.599991
    endloop
  endfacet
  facet normal -0.707106 0 0.707107
    outer loop
      vertex 88.846 129.4 1.59999
      vertex 87.846 87.6 0.599991
      vertex 88.846 87.6 1.59999
    endloop
  endfacet
  facet normal -1 0 0
    outer loop
      vertex 87.846 87.6 0
      vertex 87.846 129.4 0.599991
      vertex 87.846 129.4 0
    endloop
  endfacet
  facet normal -1 -0 0
    outer loop
      vertex 87.846 129.4 0.599991
      vertex 87.846 87.6 0
      vertex 87.846 87.6 0.599991
    endloop
  endfacet
  facet normal 1 -0 0
    outer loop
      vertex 83.846 87.6 0.599991
      vertex 83.846 129.4 0
      vertex 83.846 129.4 0.599991
    endloop
  endfacet
  facet normal 1 0 0
    outer loop
      vertex 83.846 129.4 0
      vertex 83.846 87.6 0.599991
      vertex 83.846 87.6 0
    endloop
  endfacet
  facet normal 0.785412 0.380902 0.487896
    outer loop
      vertex 82.846 129.4 1.59999
      vertex 83.8273 129.426 0
      vertex 80.221 134.39 1.92999
    endloop
  endfacet
  facet normal 0.786417 0.378085 0.488466
    outer loop
      vertex 83.8273 129.426 0
      vertex 82.846 129.4 1.59999
      vertex 83.8398 129.4 0
    endloop
  endfacet
  facet normal 0 0 -1
    outer loop
      vertex 80.221 134.39 1.92999
      vertex 91.471 134.4 1.92999
      vertex 91.471 134.39 1.92999
    endloop
  endfacet
  facet normal -0 0 -1
    outer loop
      vertex 91.471 134.4 1.92999
      vertex 80.221 134.39 1.92999
      vertex 80.221 134.4 1.92999
    endloop
  endfacet
  facet normal -0.747303 0 0.664484
    outer loop
      vertex 89.7549 134.39 0
      vertex 91.471 134.4 1.92999
      vertex 89.7549 134.4 0
    endloop
  endfacet
  facet normal -0.747303 0 0.664484
    outer loop
      vertex 91.471 134.4 1.92999
      vertex 89.7549 134.39 0
      vertex 91.471 134.39 1.92999
    endloop
  endfacet
  facet normal 0.747303 -0 0.664484
    outer loop
      vertex 80.221 134.39 1.92999
      vertex 81.9371 134.4 0
      vertex 80.221 134.4 1.92999
    endloop
  endfacet
  facet normal 0.747303 0 0.664484
    outer loop
      vertex 81.9371 134.4 0
      vertex 80.221 134.39 1.92999
      vertex 81.9371 134.39 0
    endloop
  endfacet
  facet normal -0.718769 0.273694 0.639111
    outer loop
      vertex 89.7549 134.39 0
      vertex 87.8647 129.426 0
      vertex 91.471 134.39 1.92999
    endloop
  endfacet
  facet normal -0.786417 0.378085 0.488466
    outer loop
      vertex 88.846 129.4 1.59999
      vertex 87.8647 129.426 0
      vertex 87.8522 129.4 0
    endloop
  endfacet
  facet normal -0.785412 0.380902 0.487896
    outer loop
      vertex 87.8647 129.426 0
      vertex 88.846 129.4 1.59999
      vertex 91.471 134.39 1.92999
    endloop
  endfacet
  facet normal 0 0.0659881 -0.99782
    outer loop
      vertex 82.846 129.4 1.59999
      vertex 91.471 134.39 1.92999
      vertex 88.846 129.4 1.59999
    endloop
  endfacet
  facet normal 0 0.0659881 -0.99782
    outer loop
      vertex 91.471 134.39 1.92999
      vertex 82.846 129.4 1.59999
      vertex 80.221 134.39 1.92999
    endloop
  endfacet
  facet normal 0.718769 0.273694 0.639111
    outer loop
      vertex 81.9371 134.39 0
      vertex 80.221 134.39 1.92999
      vertex 83.8273 129.426 0
    endloop
  endfacet
  facet normal 0 1 -0
    outer loop
      vertex 83.846 129.4 148.68
      vertex 83.8398 129.4 149.28
      vertex 83.846 129.4 149.28
    endloop
  endfacet
  facet normal 0 1 0
    outer loop
      vertex 83.8398 129.4 149.28
      vertex 83.846 129.4 148.68
      vertex 82.846 129.4 147.68
    endloop
  endfacet
  facet normal 0 1 0
    outer loop
      vertex 87.8522 129.4 149.28
      vertex 87.846 129.4 148.68
      vertex 87.846 129.4 149.28
    endloop
  endfacet
  facet normal -0 1 0
    outer loop
      vertex 87.846 129.4 148.68
      vertex 87.8522 129.4 149.28
      vertex 88.846 129.4 147.68
    endloop
  endfacet
  facet normal 0 1 -0
    outer loop
      vertex 87.846 87.6 148.68
      vertex 83.846 87.6 149.28
      vertex 87.846 87.6 149.28
    endloop
  endfacet
  facet normal 0 1 0
    outer loop
      vertex 87.846 87.6 148.68
      vertex 83.846 87.6 148.68
      vertex 83.846 87.6 149.28
    endloop
  endfacet
  facet normal 0 1 0
    outer loop
      vertex 88.846 87.6 147.68
      vertex 83.846 87.6 148.68
      vertex 87.846 87.6 148.68
    endloop
  endfacet
  facet normal 0 1 0
    outer loop
      vertex 83.846 87.6 148.68
      vertex 88.846 87.6 147.68
      vertex 82.846 87.6 147.68
    endloop
  endfacet
  facet normal -0.707107 0 -0.707107
    outer loop
      vertex 88.846 87.6 147.68
      vertex 87.846 129.4 148.68
      vertex 88.846 129.4 147.68
    endloop
  endfacet
  facet normal -0.707107 -0 -0.707107
    outer loop
      vertex 87.846 129.4 148.68
      vertex 88.846 87.6 147.68
      vertex 87.846 87.6 148.68
    endloop
  endfacet
  facet normal -0 0 1
    outer loop
      vertex 82.846 129.4 147.68
      vertex 88.846 87.6 147.68
      vertex 88.846 129.4 147.68
    endloop
  endfacet
  facet normal 0 0 1
    outer loop
      vertex 88.846 87.6 147.68
      vertex 82.846 129.4 147.68
      vertex 82.846 87.6 147.68
    endloop
  endfacet
  facet normal 0.707107 0 -0.707107
    outer loop
      vertex 83.846 87.6 148.68
      vertex 82.846 129.4 147.68
      vertex 83.846 129.4 148.68
    endloop
  endfacet
  facet normal 0.707107 0 -0.707107
    outer loop
      vertex 82.846 129.4 147.68
      vertex 83.846 87.6 148.68
      vertex 82.846 87.6 147.68
    endloop
  endfacet
  facet normal 1 -0 0
    outer loop
      vertex 83.846 87.6 149.28
      vertex 83.846 129.4 148.68
      vertex 83.846 129.4 149.28
    endloop
  endfacet
  facet normal 1 0 0
    outer loop
      vertex 83.846 129.4 148.68
      vertex 83.846 87.6 149.28
      vertex 83.846 87.6 148.68
    endloop
  endfacet
  facet normal -1 0 0
    outer loop
      vertex 87.846 87.6 148.68
      vertex 87.846 129.4 149.28
      vertex 87.846 129.4 148.68
    endloop
  endfacet
  facet normal -1 -0 0
    outer loop
      vertex 87.846 129.4 149.28
      vertex 87.846 87.6 148.68
      vertex 87.846 87.6 149.28
    endloop
  endfacet
  facet normal -0.785413 0.380903 -0.487893
    outer loop
      vertex 88.846 129.4 147.68
      vertex 87.8647 129.426 149.28
      vertex 91.471 134.39 147.35
    endloop
  endfacet
  facet normal -0.786418 0.378086 -0.488464
    outer loop
      vertex 87.8647 129.426 149.28
      vertex 88.846 129.4 147.68
      vertex 87.8522 129.4 149.28
    endloop
  endfacet
  facet normal -0 0 1
    outer loop
      vertex 80.221 134.4 147.35
      vertex 91.471 134.39 147.35
      vertex 91.471 134.4 147.35
    endloop
  endfacet
  facet normal 0 0 1
    outer loop
      vertex 91.471 134.39 147.35
      vertex 80.221 134.4 147.35
      vertex 80.221 134.39 147.35
    endloop
  endfacet
  facet normal 0.747305 0 -0.664482
    outer loop
      vertex 81.9371 134.39 149.28
      vertex 80.221 134.4 147.35
      vertex 81.9371 134.4 149.28
    endloop
  endfacet
  facet normal 0.747305 0 -0.664482
    outer loop
      vertex 80.221 134.4 147.35
      vertex 81.9371 134.39 149.28
      vertex 80.221 134.39 147.35
    endloop
  endfacet
  facet normal -0.747305 0 -0.664482
    outer loop
      vertex 91.471 134.39 147.35
      vertex 89.7549 134.4 149.28
      vertex 91.471 134.4 147.35
    endloop
  endfacet
  facet normal -0.747305 -0 -0.664482
    outer loop
      vertex 89.7549 134.4 149.28
      vertex 91.471 134.39 147.35
      vertex 89.7549 134.39 149.28
    endloop
  endfacet
  facet normal 0.71877 0.273694 -0.639109
    outer loop
      vertex 83.8273 129.426 149.28
      vertex 80.221 134.39 147.35
      vertex 81.9371 134.39 149.28
    endloop
  endfacet
  facet normal 0.786418 0.378086 -0.488464
    outer loop
      vertex 82.846 129.4 147.68
      vertex 83.8273 129.426 149.28
      vertex 83.8398 129.4 149.28
    endloop
  endfacet
  facet normal 0.785413 0.380903 -0.487893
    outer loop
      vertex 83.8273 129.426 149.28
      vertex 82.846 129.4 147.68
      vertex 80.221 134.39 147.35
    endloop
  endfacet
  facet normal 0 0.0659881 0.99782
    outer loop
      vertex 91.471 134.39 147.35
      vertex 82.846 129.4 147.68
      vertex 88.846 129.4 147.68
    endloop
  endfacet
  facet normal 0 0.0659881 0.99782
    outer loop
      vertex 82.846 129.4 147.68
      vertex 91.471 134.39 147.35
      vertex 80.221 134.39 147.35
    endloop
  endfacet
  facet normal -0.71877 0.273694 -0.639109
    outer loop
      vertex 91.471 134.39 147.35
      vertex 87.8647 129.426 149.28
      vertex 89.7549 134.39 149.28
    endloop
  endfacet
  facet normal 0 1 -0
    outer loop
      vertex 135.34 129.4 0
      vertex 135.334 129.4 0.599991
      vertex 136.334 129.4 1.59999
    endloop
  endfacet
  facet normal 0 1 0
    outer loop
      vertex 135.334 129.4 0.599991
      vertex 135.34 129.4 0
      vertex 135.334 129.4 0
    endloop
  endfacet
  facet normal 0 1 0
    outer loop
      vertex 131.328 129.4 0
      vertex 131.334 129.4 0.599991
      vertex 131.334 129.4 0
    endloop
  endfacet
  facet normal 0 1 0
    outer loop
      vertex 131.334 129.4 0.599991
      vertex 131.328 129.4 0
      vertex 130.334 129.4 1.59999
    endloop
  endfacet
  facet normal 0 1 -0
    outer loop
      vertex 135.334 87.6 0.599991
      vertex 130.334 87.6 1.59999
      vertex 136.334 87.6 1.59999
    endloop
  endfacet
  facet normal 0 1 0
    outer loop
      vertex 135.334 87.6 0.599991
      vertex 131.334 87.6 0.599991
      vertex 130.334 87.6 1.59999
    endloop
  endfacet
  facet normal 0 1 -0
    outer loop
      vertex 135.334 87.6 0
      vertex 131.334 87.6 0.599991
      vertex 135.334 87.6 0.599991
    endloop
  endfacet
  facet normal 0 1 0
    outer loop
      vertex 131.334 87.6 0.599991
      vertex 135.334 87.6 0
      vertex 131.334 87.6 0
    endloop
  endfacet
  facet normal 0.707106 -0 0.707107
    outer loop
      vertex 130.334 87.6 1.59999
      vertex 131.334 129.4 0.599991
      vertex 130.334 129.4 1.59999
    endloop
  endfacet
  facet normal 0.707106 0 0.707107
    outer loop
      vertex 131.334 129.4 0.599991
      vertex 130.334 87.6 1.59999
      vertex 131.334 87.6 0.599991
    endloop
  endfacet
  facet normal 0 0 -1
    outer loop
      vertex 130.334 87.6 1.59999
      vertex 136.334 129.4 1.59999
      vertex 136.334 87.6 1.59999
    endloop
  endfacet
  facet normal -0 0 -1
    outer loop
      vertex 136.334 129.4 1.59999
      vertex 130.334 87.6 1.59999
      vertex 130.334 129.4 1.59999
    endloop
  endfacet
  facet normal -0.707106 0 0.707107
    outer loop
      vertex 135.334 87.6 0.599991
      vertex 136.334 129.4 1.59999
      vertex 135.334 129.4 0.599991
    endloop
  endfacet
  facet normal -0.707106 0 0.707107
    outer loop
      vertex 136.334 129.4 1.59999
      vertex 135.334 87.6 0.599991
      vertex 136.334 87.6 1.59999
    endloop
  endfacet
  facet normal -1 0 0
    outer loop
      vertex 135.334 87.6 0
      vertex 135.334 129.4 0.599991
      vertex 135.334 129.4 0
    endloop
  endfacet
  facet normal -1 -0 0
    outer loop
      vertex 135.334 129.4 0.599991
      vertex 135.334 87.6 0
      vertex 135.334 87.6 0.599991
    endloop
  endfacet
  facet normal 1 -0 0
    outer loop
      vertex 131.334 87.6 0.599991
      vertex 131.334 129.4 0
      vertex 131.334 129.4 0.599991
    endloop
  endfacet
  facet normal 1 0 0
    outer loop
      vertex 131.334 129.4 0
      vertex 131.334 87.6 0.599991
      vertex 131.334 87.6 0
    endloop
  endfacet
  facet normal 0.785465 0.380938 0.487782
    outer loop
      vertex 130.334 129.4 1.59999
      vertex 131.315 129.426 0
      vertex 127.709 134.39 1.92999
    endloop
  endfacet
  facet normal 0.781833 0.390917 0.485717
    outer loop
      vertex 131.315 129.426 0
      vertex 130.334 129.4 1.59999
      vertex 131.328 129.4 0
    endloop
  endfacet
  facet normal 0 0 -1
    outer loop
      vertex 127.709 134.39 1.92999
      vertex 138.959 134.4 1.92999
      vertex 138.959 134.39 1.92999
    endloop
  endfacet
  facet normal -0 0 -1
    outer loop
      vertex 138.959 134.4 1.92999
      vertex 127.709 134.39 1.92999
      vertex 127.709 134.4 1.92999
    endloop
  endfacet
  facet normal -0.747322 0 0.664462
    outer loop
      vertex 137.243 134.39 0
      vertex 138.959 134.4 1.92999
      vertex 137.243 134.4 0
    endloop
  endfacet
  facet normal -0.747322 0 0.664462
    outer loop
      vertex 138.959 134.4 1.92999
      vertex 137.243 134.39 0
      vertex 138.959 134.39 1.92999
    endloop
  endfacet
  facet normal 0.747322 -0 0.664462
    outer loop
      vertex 127.709 134.39 1.92999
      vertex 129.425 134.4 0
      vertex 127.709 134.4 1.92999
    endloop
  endfacet
  facet normal 0.747322 0 0.664462
    outer loop
      vertex 129.425 134.4 0
      vertex 127.709 134.39 1.92999
      vertex 129.425 134.39 0
    endloop
  endfacet
  facet normal -0.718791 0.273674 0.639094
    outer loop
      vertex 137.243 134.39 0
      vertex 135.353 129.426 0
      vertex 138.959 134.39 1.92999
    endloop
  endfacet
  facet normal -0.781833 0.390917 0.485717
    outer loop
      vertex 136.334 129.4 1.59999
      vertex 135.353 129.426 0
      vertex 135.34 129.4 0
    endloop
  endfacet
  facet normal -0.785465 0.380938 0.487782
    outer loop
      vertex 135.353 129.426 0
      vertex 136.334 129.4 1.59999
      vertex 138.959 134.39 1.92999
    endloop
  endfacet
  facet normal 0 0.0659881 -0.99782
    outer loop
      vertex 130.334 129.4 1.59999
      vertex 138.959 134.39 1.92999
      vertex 136.334 129.4 1.59999
    endloop
  endfacet
  facet normal 0 0.0659881 -0.99782
    outer loop
      vertex 138.959 134.39 1.92999
      vertex 130.334 129.4 1.59999
      vertex 127.709 134.39 1.92999
    endloop
  endfacet
  facet normal 0.718791 0.273674 0.639094
    outer loop
      vertex 129.425 134.39 0
      vertex 127.709 134.39 1.92999
      vertex 131.315 129.426 0
    endloop
  endfacet
  facet normal 0 1 -0
    outer loop
      vertex 131.334 129.4 148.68
      vertex 131.328 129.4 149.28
      vertex 131.334 129.4 149.28
    endloop
  endfacet
  facet normal 0 1 0
    outer loop
      vertex 131.328 129.4 149.28
      vertex 131.334 129.4 148.68
      vertex 130.334 129.4 147.68
    endloop
  endfacet
  facet normal 0 1 0
    outer loop
      vertex 135.34 129.4 149.28
      vertex 135.334 129.4 148.68
      vertex 135.334 129.4 149.28
    endloop
  endfacet
  facet normal -0 1 0
    outer loop
      vertex 135.334 129.4 148.68
      vertex 135.34 129.4 149.28
      vertex 136.334 129.4 147.68
    endloop
  endfacet
  facet normal 0 1 -0
    outer loop
      vertex 135.334 87.6 148.68
      vertex 131.334 87.6 149.28
      vertex 135.334 87.6 149.28
    endloop
  endfacet
  facet normal 0 1 0
    outer loop
      vertex 135.334 87.6 148.68
      vertex 131.334 87.6 148.68
      vertex 131.334 87.6 149.28
    endloop
  endfacet
  facet normal 0 1 0
    outer loop
      vertex 136.334 87.6 147.68
      vertex 131.334 87.6 148.68
      vertex 135.334 87.6 148.68
    endloop
  endfacet
  facet normal 0 1 0
    outer loop
      vertex 131.334 87.6 148.68
      vertex 136.334 87.6 147.68
      vertex 130.334 87.6 147.68
    endloop
  endfacet
  facet normal -0.707107 0 -0.707107
    outer loop
      vertex 136.334 87.6 147.68
      vertex 135.334 129.4 148.68
      vertex 136.334 129.4 147.68
    endloop
  endfacet
  facet normal -0.707107 -0 -0.707107
    outer loop
      vertex 135.334 129.4 148.68
      vertex 136.334 87.6 147.68
      vertex 135.334 87.6 148.68
    endloop
  endfacet
  facet normal -0 0 1
    outer loop
      vertex 130.334 129.4 147.68
      vertex 136.334 87.6 147.68
      vertex 136.334 129.4 147.68
    endloop
  endfacet
  facet normal 0 0 1
    outer loop
      vertex 136.334 87.6 147.68
      vertex 130.334 129.4 147.68
      vertex 130.334 87.6 147.68
    endloop
  endfacet
  facet normal 0.707107 0 -0.707107
    outer loop
      vertex 131.334 87.6 148.68
      vertex 130.334 129.4 147.68
      vertex 131.334 129.4 148.68
    endloop
  endfacet
  facet normal 0.707107 0 -0.707107
    outer loop
      vertex 130.334 129.4 147.68
      vertex 131.334 87.6 148.68
      vertex 130.334 87.6 147.68
    endloop
  endfacet
  facet normal 1 -0 0
    outer loop
      vertex 131.334 87.6 149.28
      vertex 131.334 129.4 148.68
      vertex 131.334 129.4 149.28
    endloop
  endfacet
  facet normal 1 0 0
    outer loop
      vertex 131.334 129.4 148.68
      vertex 131.334 87.6 149.28
      vertex 131.334 87.6 148.68
    endloop
  endfacet
  facet normal -1 0 0
    outer loop
      vertex 135.334 87.6 148.68
      vertex 135.334 129.4 149.28
      vertex 135.334 129.4 148.68
    endloop
  endfacet
  facet normal -1 -0 0
    outer loop
      vertex 135.334 129.4 149.28
      vertex 135.334 87.6 148.68
      vertex 135.334 87.6 149.28
    endloop
  endfacet
  facet normal -0.785466 0.380938 -0.487779
    outer loop
      vertex 136.334 129.4 147.68
      vertex 135.353 129.426 149.28
      vertex 138.959 134.39 147.35
    endloop
  endfacet
  facet normal -0.781834 0.390917 -0.485715
    outer loop
      vertex 135.353 129.426 149.28
      vertex 136.334 129.4 147.68
      vertex 135.34 129.4 149.28
    endloop
  endfacet
  facet normal -0 0 1
    outer loop
      vertex 127.709 134.4 147.35
      vertex 138.959 134.39 147.35
      vertex 138.959 134.4 147.35
    endloop
  endfacet
  facet normal 0 0 1
    outer loop
      vertex 138.959 134.39 147.35
      vertex 127.709 134.4 147.35
      vertex 127.709 134.39 147.35
    endloop
  endfacet
  facet normal 0.747324 0 -0.66446
    outer loop
      vertex 129.425 134.39 149.28
      vertex 127.709 134.4 147.35
      vertex 129.425 134.4 149.28
    endloop
  endfacet
  facet normal 0.747324 0 -0.66446
    outer loop
      vertex 127.709 134.4 147.35
      vertex 129.425 134.39 149.28
      vertex 127.709 134.39 147.35
    endloop
  endfacet
  facet normal -0.747324 0 -0.66446
    outer loop
      vertex 138.959 134.39 147.35
      vertex 137.243 134.4 149.28
      vertex 138.959 134.4 147.35
    endloop
  endfacet
  facet normal -0.747324 -0 -0.66446
    outer loop
      vertex 137.243 134.4 149.28
      vertex 138.959 134.39 147.35
      vertex 137.243 134.39 149.28
    endloop
  endfacet
  facet normal 0.718793 0.273674 -0.639093
    outer loop
      vertex 131.315 129.426 149.28
      vertex 127.709 134.39 147.35
      vertex 129.425 134.39 149.28
    endloop
  endfacet
  facet normal 0.781834 0.390917 -0.485715
    outer loop
      vertex 130.334 129.4 147.68
      vertex 131.315 129.426 149.28
      vertex 131.328 129.4 149.28
    endloop
  endfacet
  facet normal 0.785466 0.380938 -0.487779
    outer loop
      vertex 131.315 129.426 149.28
      vertex 130.334 129.4 147.68
      vertex 127.709 134.39 147.35
    endloop
  endfacet
  facet normal 0 0.0659881 0.99782
    outer loop
      vertex 138.959 134.39 147.35
      vertex 130.334 129.4 147.68
      vertex 136.334 129.4 147.68
    endloop
  endfacet
  facet normal 0 0.0659881 0.99782
    outer loop
      vertex 130.334 129.4 147.68
      vertex 138.959 134.39 147.35
      vertex 127.709 134.39 147.35
    endloop
  endfacet
  facet normal -0.718793 0.273674 -0.639093
    outer loop
      vertex 138.959 134.39 147.35
      vertex 135.353 129.426 149.28
      vertex 137.243 134.39 149.28
    endloop
  endfacet
  facet normal 1 -0 0
    outer loop
      vertex 142.72 3.4 40.07
      vertex 142.72 3.41 37.61
      vertex 142.72 3.41 40.07
    endloop
  endfacet
  facet normal 1 0 0
    outer loop
      vertex 142.72 3.41 37.61
      vertex 142.72 3.4 40.07
      vertex 142.72 3.4 37.61
    endloop
  endfacet
  facet normal -1 0 0
    outer loop
      vertex 142.72 3.41 2.4
      vertex 142.72 133.4 37.61
      vertex 142.72 133.4 2.4
    endloop
  endfacet
  facet normal -1 -0 0
    outer loop
      vertex 142.72 133.4 37.61
      vertex 142.72 3.41 2.4
      vertex 142.72 3.41 37.61
    endloop
  endfacet
  facet normal -1 0 0
    outer loop
      vertex 142.72 3.41 40.07
      vertex 142.72 133.4 73.78
      vertex 142.72 133.4 40.07
    endloop
  endfacet
  facet normal -1 -0 0
    outer loop
      vertex 142.72 133.4 73.78
      vertex 142.72 3.41 40.07
      vertex 142.72 3.41 73.78
    endloop
  endfacet
  facet normal 0 0 -1
    outer loop
      vertex 143.72 0 73.78
      vertex 142.72 3.41 73.78
      vertex 143.72 3.41 73.78
    endloop
  endfacet
  facet normal 0 0 -1
    outer loop
      vertex 138.82 4.99999 73.78
      vertex 142.72 3.41 73.78
      vertex 138.82 3.6 73.78
    endloop
  endfacet
  facet normal 0 0 -1
    outer loop
      vertex 143.72 0 73.78
      vertex 138.82 3.6 73.78
      vertex 142.72 3.41 73.78
    endloop
  endfacet
  facet normal 0 0 -1
    outer loop
      vertex 143.72 0 73.78
      vertex 135.36 3.6 73.78
      vertex 138.82 3.6 73.78
    endloop
  endfacet
  facet normal 0 0 -1
    outer loop
      vertex 135.36 3.6 73.78
      vertex 10.76 3.6 73.78
      vertex 135.36 4.99999 73.78
    endloop
  endfacet
  facet normal 0 0 -1
    outer loop
      vertex 143.72 0 73.78
      vertex 10.76 3.6 73.78
      vertex 135.36 3.6 73.78
    endloop
  endfacet
  facet normal 0 0 -1
    outer loop
      vertex 2.4 0 73.78
      vertex 10.76 3.6 73.78
      vertex 143.72 0 73.78
    endloop
  endfacet
  facet normal -0 0 -1
    outer loop
      vertex 7.3 3.6 73.78
      vertex 3.4 3.41 73.78
      vertex 7.3 4.99999 73.78
    endloop
  endfacet
  facet normal -0 0 -1
    outer loop
      vertex 10.76 3.6 73.78
      vertex 2.4 0 73.78
      vertex 7.3 3.6 73.78
    endloop
  endfacet
  facet normal 0 0 -1
    outer loop
      vertex 7.3 3.6 73.78
      vertex 2.4 0 73.78
      vertex 3.4 3.41 73.78
    endloop
  endfacet
  facet normal -0 0 -1
    outer loop
      vertex 3.4 3.41 73.78
      vertex 2.4 0 73.78
      vertex 2.4 3.41 73.78
    endloop
  endfacet
  facet normal 0 0 -1
    outer loop
      vertex 142.72 3.41 73.78
      vertex 138.82 4.99999 73.78
      vertex 142.72 133.4 73.78
    endloop
  endfacet
  facet normal 0 0 -1
    outer loop
      vertex 135.36 4.99999 73.78
      vertex 142.72 133.4 73.78
      vertex 138.82 4.99999 73.78
    endloop
  endfacet
  facet normal 0 0 -1
    outer loop
      vertex 10.76 4.99999 73.78
      vertex 135.36 4.99999 73.78
      vertex 10.76 3.6 73.78
    endloop
  endfacet
  facet normal 0 0 -1
    outer loop
      vertex 135.36 4.99999 73.78
      vertex 10.76 4.99999 73.78
      vertex 142.72 133.4 73.78
    endloop
  endfacet
  facet normal 0 0 -1
    outer loop
      vertex 3.4 133.4 73.78
      vertex 10.76 4.99999 73.78
      vertex 7.3 4.99999 73.78
    endloop
  endfacet
  facet normal 0 0 -1
    outer loop
      vertex 3.4 133.4 73.78
      vertex 7.3 4.99999 73.78
      vertex 3.4 3.41 73.78
    endloop
  endfacet
  facet normal 0 0 -1
    outer loop
      vertex 10.76 4.99999 73.78
      vertex 3.4 133.4 73.78
      vertex 142.72 133.4 73.78
    endloop
  endfacet
  facet normal 0 0 1
    outer loop
      vertex 142.72 133.4 2.4
      vertex 3.4 133.4 2.4
      vertex 142.72 3.41 2.4
    endloop
  endfacet
  facet normal -0 0 1
    outer loop
      vertex 142.72 3.41 2.4
      vertex 143.72 0 2.4
      vertex 143.72 3.41 2.4
    endloop
  endfacet
  facet normal 0 0 1
    outer loop
      vertex 3.4 3.41 2.4
      vertex 142.72 3.41 2.4
      vertex 3.4 133.4 2.4
    endloop
  endfacet
  facet normal 0 0 1
    outer loop
      vertex 142.72 3.41 2.4
      vertex 3.4 3.41 2.4
      vertex 143.72 0 2.4
    endloop
  endfacet
  facet normal 0 0 1
    outer loop
      vertex 2.4 0 2.4
      vertex 3.4 3.41 2.4
      vertex 2.4 3.41 2.4
    endloop
  endfacet
  facet normal 0 0 1
    outer loop
      vertex 3.4 3.41 2.4
      vertex 2.4 0 2.4
      vertex 143.72 0 2.4
    endloop
  endfacet
  facet normal -1 0 0
    outer loop
      vertex 3.4 3.4 37.61
      vertex 3.4 3.41 40.07
      vertex 3.4 3.41 37.61
    endloop
  endfacet
  facet normal -1 -0 0
    outer loop
      vertex 3.4 3.41 40.07
      vertex 3.4 3.4 37.61
      vertex 3.4 3.4 40.07
    endloop
  endfacet
  facet normal 1 -0 0
    outer loop
      vertex 3.4 3.41 37.61
      vertex 3.4 133.4 2.4
      vertex 3.4 133.4 37.61
    endloop
  endfacet
  facet normal 1 0 0
    outer loop
      vertex 3.4 133.4 2.4
      vertex 3.4 3.41 37.61
      vertex 3.4 3.41 2.4
    endloop
  endfacet
  facet normal 1 -0 0
    outer loop
      vertex 3.4 3.41 73.78
      vertex 3.4 133.4 40.07
      vertex 3.4 133.4 73.78
    endloop
  endfacet
  facet normal 1 0 0
    outer loop
      vertex 3.4 133.4 40.07
      vertex 3.4 3.41 73.78
      vertex 3.4 3.41 40.07
    endloop
  endfacet
  facet normal 0 -1 0
    outer loop
      vertex 12.47 133.4 38.57
      vertex 3.4 133.4 73.78
      vertex 3.4 133.4 40.07
    endloop
  endfacet
  facet normal 0 -1 0
    outer loop
      vertex 3.4 133.4 73.78
      vertex 12.47 133.4 38.57
      vertex 142.72 133.4 73.78
    endloop
  endfacet
  facet normal 0 -1 0
    outer loop
      vertex 4.9 133.4 38.57
      vertex 3.4 133.4 40.07
      vertex 3.4511 133.4 39.6818
    endloop
  endfacet
  facet normal 0 -1 0
    outer loop
      vertex 133.65 133.4 38.57
      vertex 142.72 133.4 73.78
      vertex 12.47 133.4 38.57
    endloop
  endfacet
  facet normal 0 -1 0
    outer loop
      vertex 4.9 133.4 38.57
      vertex 3.4511 133.4 39.6818
      vertex 3.60096 133.4 39.32
    endloop
  endfacet
  facet normal 0 -1 -0
    outer loop
      vertex 142.72 133.4 73.78
      vertex 133.65 133.4 38.57
      vertex 142.72 133.4 40.07
    endloop
  endfacet
  facet normal 0 -1 0
    outer loop
      vertex 4.9 133.4 38.57
      vertex 3.60096 133.4 39.32
      vertex 3.83933 133.4 39.0093
    endloop
  endfacet
  facet normal 0 -1 0
    outer loop
      vertex 141.22 133.4 38.57
      vertex 142.72 133.4 40.07
      vertex 133.65 133.4 38.57
    endloop
  endfacet
  facet normal 0 -1 0
    outer loop
      vertex 4.9 133.4 38.57
      vertex 3.83933 133.4 39.0093
      vertex 4.15 133.4 38.771
    endloop
  endfacet
  facet normal 0 -1 0
    outer loop
      vertex 142.72 133.4 40.07
      vertex 141.22 133.4 38.57
      vertex 142.669 133.4 39.6818
    endloop
  endfacet
  facet normal 0 -1 0
    outer loop
      vertex 4.9 133.4 38.57
      vertex 4.15 133.4 38.771
      vertex 4.51177 133.4 38.6211
    endloop
  endfacet
  facet normal 0 -1 0
    outer loop
      vertex 142.669 133.4 39.6818
      vertex 141.22 133.4 38.57
      vertex 142.519 133.4 39.32
    endloop
  endfacet
  facet normal 0 -1 0
    outer loop
      vertex 142.519 133.4 39.32
      vertex 141.22 133.4 38.57
      vertex 142.281 133.4 39.0093
    endloop
  endfacet
  facet normal 0 -1 0
    outer loop
      vertex 3.4 133.4 40.07
      vertex 4.9 133.4 38.57
      vertex 12.47 133.4 38.57
    endloop
  endfacet
  facet normal 0 -1 0
    outer loop
      vertex 142.281 133.4 39.0093
      vertex 141.22 133.4 38.57
      vertex 141.97 133.4 38.771
    endloop
  endfacet
  facet normal 0 -1 0
    outer loop
      vertex 141.97 133.4 38.771
      vertex 141.22 133.4 38.57
      vertex 141.608 133.4 38.6211
    endloop
  endfacet
  facet normal 0 -1 0
    outer loop
      vertex 3.4 133.4 2.4
      vertex 142.72 133.4 37.61
      vertex 3.4 133.4 37.61
    endloop
  endfacet
  facet normal 0 -1 -0
    outer loop
      vertex 142.72 133.4 37.61
      vertex 3.4 133.4 2.4
      vertex 142.72 133.4 2.4
    endloop
  endfacet
  facet normal -1 0 0
    outer loop
      vertex 142.72 61.2086 140.726
      vertex 142.72 133.4 145.92
      vertex 142.72 133.4 76.18
    endloop
  endfacet
  facet normal -1 -0 0
    outer loop
      vertex 142.72 133.4 145.92
      vertex 142.72 63.3092 143.513
      vertex 142.72 64.9945 145.92
    endloop
  endfacet
  facet normal -1 0 0
    outer loop
      vertex 142.72 133.4 145.92
      vertex 142.72 61.2086 140.726
      vertex 142.72 63.3092 143.513
    endloop
  endfacet
  facet normal -1 0 0
    outer loop
      vertex 142.72 133.4 76.18
      vertex 142.72 59.012 138.013
      vertex 142.72 61.2086 140.726
    endloop
  endfacet
  facet normal -1 0 0
    outer loop
      vertex 142.72 133.4 76.18
      vertex 142.72 56.722 135.379
      vertex 142.72 59.012 138.013
    endloop
  endfacet
  facet normal -1 0 0
    outer loop
      vertex 142.72 133.4 76.18
      vertex 142.72 54.3415 132.826
      vertex 142.72 56.722 135.379
    endloop
  endfacet
  facet normal -1 0 0
    outer loop
      vertex 142.72 133.4 76.18
      vertex 142.72 51.8734 130.358
      vertex 142.72 54.3415 132.826
    endloop
  endfacet
  facet normal -1 0 0
    outer loop
      vertex 142.72 133.4 76.18
      vertex 142.72 49.3206 127.977
      vertex 142.72 51.8734 130.358
    endloop
  endfacet
  facet normal -1 0 0
    outer loop
      vertex 142.72 33.96 76.18
      vertex 142.72 49.3206 127.977
      vertex 142.72 133.4 76.18
    endloop
  endfacet
  facet normal -1 0 0
    outer loop
      vertex 142.72 49.3206 127.977
      vertex 142.72 33.96 76.18
      vertex 142.72 46.6863 125.687
    endloop
  endfacet
  facet normal -1 0 0
    outer loop
      vertex 142.72 46.6863 125.687
      vertex 142.72 33.96 76.18
      vertex 142.72 43.9737 123.491
    endloop
  endfacet
  facet normal -1 0 0
    outer loop
      vertex 142.72 43.9737 123.491
      vertex 142.72 33.96 76.18
      vertex 142.72 41.1861 121.39
    endloop
  endfacet
  facet normal -1 0 0
    outer loop
      vertex 142.72 41.1861 121.39
      vertex 142.72 33.96 76.18
      vertex 142.72 38.3268 119.388
    endloop
  endfacet
  facet normal -1 0 0
    outer loop
      vertex 142.72 38.3268 119.388
      vertex 142.72 33.96 76.18
      vertex 142.72 35.3995 117.487
    endloop
  endfacet
  facet normal -1 0 0
    outer loop
      vertex 142.72 33.96 76.18
      vertex 142.72 32.4075 115.689
      vertex 142.72 35.3995 117.487
    endloop
  endfacet
  facet normal -1 0 0
    outer loop
      vertex 142.72 33.96 76.18
      vertex 142.72 29.3547 113.997
      vertex 142.72 32.4075 115.689
    endloop
  endfacet
  facet normal -1 0 0
    outer loop
      vertex 142.72 33.96 76.18
      vertex 142.72 26.2447 112.412
      vertex 142.72 29.3547 113.997
    endloop
  endfacet
  facet normal -1 0 0
    outer loop
      vertex 142.72 33.96 76.18
      vertex 142.72 23.0812 110.937
      vertex 142.72 26.2447 112.412
    endloop
  endfacet
  facet normal -1 0 0
    outer loop
      vertex 142.72 33.96 76.18
      vertex 142.72 19.8682 109.573
      vertex 142.72 23.0812 110.937
    endloop
  endfacet
  facet normal -1 0 0
    outer loop
      vertex 142.72 33.96 76.18
      vertex 142.72 16.6096 108.322
      vertex 142.72 19.8682 109.573
    endloop
  endfacet
  facet normal -1 0 0
    outer loop
      vertex 142.72 33.96 76.18
      vertex 142.72 13.3092 107.186
      vertex 142.72 16.6096 108.322
    endloop
  endfacet
  facet normal -1 0 0
    outer loop
      vertex 142.72 33.96 76.18
      vertex 142.72 9.97128 106.166
      vertex 142.72 13.3092 107.186
    endloop
  endfacet
  facet normal -1 0 0
    outer loop
      vertex 142.72 5.4 104.74
      vertex 142.72 9.97128 106.166
      vertex 142.72 33.96 76.18
    endloop
  endfacet
  facet normal -1 0 0
    outer loop
      vertex 142.72 9.97128 106.166
      vertex 142.72 5.4 104.74
      vertex 142.72 6.59973 105.262
    endloop
  endfacet
  facet normal -1 0 0
    outer loop
      vertex 142.72 6.59973 105.262
      vertex 142.72 5.4 104.74
      vertex 142.72 5.4 104.985
    endloop
  endfacet
  facet normal 0 0 -1
    outer loop
      vertex 3.4 64.9945 145.92
      vertex 142.72 133.4 145.92
      vertex 142.72 64.9945 145.92
    endloop
  endfacet
  facet normal -0 0 -1
    outer loop
      vertex 142.72 133.4 145.92
      vertex 3.4 64.9945 145.92
      vertex 3.4 133.4 145.92
    endloop
  endfacet
  facet normal -0 0 1
    outer loop
      vertex 3.4 133.4 76.18
      vertex 142.72 33.96 76.18
      vertex 142.72 133.4 76.18
    endloop
  endfacet
  facet normal 0 0 1
    outer loop
      vertex 142.72 33.96 76.18
      vertex 3.4 133.4 76.18
      vertex 3.4 33.96 76.18
    endloop
  endfacet
  facet normal 1 0 0
    outer loop
      vertex 3.4 63.3092 143.513
      vertex 3.4 133.4 145.92
      vertex 3.4 64.9945 145.92
    endloop
  endfacet
  facet normal 1 0 0
    outer loop
      vertex 3.4 61.2086 140.726
      vertex 3.4 133.4 145.92
      vertex 3.4 63.3092 143.513
    endloop
  endfacet
  facet normal 1 0 0
    outer loop
      vertex 3.4 133.4 145.92
      vertex 3.4 61.2086 140.726
      vertex 3.4 133.4 76.18
    endloop
  endfacet
  facet normal 1 -0 0
    outer loop
      vertex 3.4 59.012 138.013
      vertex 3.4 133.4 76.18
      vertex 3.4 61.2086 140.726
    endloop
  endfacet
  facet normal 1 -0 0
    outer loop
      vertex 3.4 56.722 135.379
      vertex 3.4 133.4 76.18
      vertex 3.4 59.012 138.013
    endloop
  endfacet
  facet normal 1 -0 0
    outer loop
      vertex 3.4 54.3415 132.826
      vertex 3.4 133.4 76.18
      vertex 3.4 56.722 135.379
    endloop
  endfacet
  facet normal 1 -0 0
    outer loop
      vertex 3.4 51.8734 130.358
      vertex 3.4 133.4 76.18
      vertex 3.4 54.3415 132.826
    endloop
  endfacet
  facet normal 1 -0 0
    outer loop
      vertex 3.4 49.3206 127.977
      vertex 3.4 133.4 76.18
      vertex 3.4 51.8734 130.358
    endloop
  endfacet
  facet normal 1 0 0
    outer loop
      vertex 3.4 33.96 76.18
      vertex 3.4 49.3206 127.977
      vertex 3.4 46.6863 125.687
    endloop
  endfacet
  facet normal 1 0 0
    outer loop
      vertex 3.4 33.96 76.18
      vertex 3.4 46.6863 125.687
      vertex 3.4 43.9737 123.491
    endloop
  endfacet
  facet normal 1 0 0
    outer loop
      vertex 3.4 33.96 76.18
      vertex 3.4 43.9737 123.491
      vertex 3.4 41.1861 121.39
    endloop
  endfacet
  facet normal 1 0 0
    outer loop
      vertex 3.4 33.96 76.18
      vertex 3.4 41.1861 121.39
      vertex 3.4 38.3268 119.388
    endloop
  endfacet
  facet normal 1 0 0
    outer loop
      vertex 3.4 33.96 76.18
      vertex 3.4 38.3268 119.388
      vertex 3.4 35.3995 117.487
    endloop
  endfacet
  facet normal 1 0 0
    outer loop
      vertex 3.4 49.3206 127.977
      vertex 3.4 33.96 76.18
      vertex 3.4 133.4 76.18
    endloop
  endfacet
  facet normal 1 -0 0
    outer loop
      vertex 3.4 32.4075 115.689
      vertex 3.4 33.96 76.18
      vertex 3.4 35.3995 117.487
    endloop
  endfacet
  facet normal 1 -0 0
    outer loop
      vertex 3.4 29.3547 113.997
      vertex 3.4 33.96 76.18
      vertex 3.4 32.4075 115.689
    endloop
  endfacet
  facet normal 1 -0 0
    outer loop
      vertex 3.4 26.2447 112.412
      vertex 3.4 33.96 76.18
      vertex 3.4 29.3547 113.997
    endloop
  endfacet
  facet normal 1 -0 0
    outer loop
      vertex 3.4 23.0812 110.937
      vertex 3.4 33.96 76.18
      vertex 3.4 26.2447 112.412
    endloop
  endfacet
  facet normal 1 -0 0
    outer loop
      vertex 3.4 19.8682 109.573
      vertex 3.4 33.96 76.18
      vertex 3.4 23.0812 110.937
    endloop
  endfacet
  facet normal 1 -0 0
    outer loop
      vertex 3.4 16.6096 108.322
      vertex 3.4 33.96 76.18
      vertex 3.4 19.8682 109.573
    endloop
  endfacet
  facet normal 1 -0 0
    outer loop
      vertex 3.4 13.3092 107.186
      vertex 3.4 33.96 76.18
      vertex 3.4 16.6096 108.322
    endloop
  endfacet
  facet normal 1 -0 0
    outer loop
      vertex 3.4 9.97128 106.166
      vertex 3.4 33.96 76.18
      vertex 3.4 13.3092 107.186
    endloop
  endfacet
  facet normal 1 0 0
    outer loop
      vertex 3.4 5.4 104.74
      vertex 3.4 9.97128 106.166
      vertex 3.4 6.59973 105.262
    endloop
  endfacet
  facet normal 1 0 0
    outer loop
      vertex 3.4 5.4 104.74
      vertex 3.4 6.59973 105.262
      vertex 3.4 5.4 104.985
    endloop
  endfacet
  facet normal 1 0 0
    outer loop
      vertex 3.4 9.97128 106.166
      vertex 3.4 5.4 104.74
      vertex 3.4 33.96 76.18
    endloop
  endfacet
  facet normal 0 -1 0
    outer loop
      vertex 3.4 133.4 76.18
      vertex 142.72 133.4 145.92
      vertex 3.4 133.4 145.92
    endloop
  endfacet
  facet normal 0 -1 -0
    outer loop
      vertex 142.72 133.4 145.92
      vertex 3.4 133.4 76.18
      vertex 142.72 133.4 76.18
    endloop
  endfacet
  facet normal 0 1 -0
    outer loop
      vertex 142.72 5.4 104.74
      vertex 3.4 5.4 104.985
      vertex 142.72 5.4 104.985
    endloop
  endfacet
  facet normal 0 1 0
    outer loop
      vertex 3.4 5.4 104.985
      vertex 142.72 5.4 104.74
      vertex 3.4 5.4 104.74
    endloop
  endfacet
  facet normal -1 0 0
    outer loop
      vertex 143.72 0 2.4
      vertex 143.72 3.41 73.78
      vertex 143.72 3.41 2.4
    endloop
  endfacet
  facet normal -1 -0 0
    outer loop
      vertex 143.72 3.41 73.78
      vertex 143.72 0 2.4
      vertex 143.72 0 73.78
    endloop
  endfacet
  facet normal 1 -0 0
    outer loop
      vertex 2.4 0 73.78
      vertex 2.4 3.41 2.4
      vertex 2.4 3.41 73.78
    endloop
  endfacet
  facet normal 1 0 0
    outer loop
      vertex 2.4 3.41 2.4
      vertex 2.4 0 73.78
      vertex 2.4 0 2.4
    endloop
  endfacet
  facet normal 0 -1 0
    outer loop
      vertex 2.4 3.41 73.78
      vertex 3.4 3.41 40.07
      vertex 3.4 3.41 73.78
    endloop
  endfacet
  facet normal 0 -1 0
    outer loop
      vertex 2.4 3.41 73.78
      vertex 3.4 3.41 37.61
      vertex 3.4 3.41 40.07
    endloop
  endfacet
  facet normal 0 -1 0
    outer loop
      vertex 2.4 3.41 2.4
      vertex 3.4 3.41 37.61
      vertex 2.4 3.41 73.78
    endloop
  endfacet
  facet normal 0 -1 -0
    outer loop
      vertex 3.4 3.41 37.61
      vertex 2.4 3.41 2.4
      vertex 3.4 3.41 2.4
    endloop
  endfacet
  facet normal 0 -1 0
    outer loop
      vertex 142.72 3.41 40.07
      vertex 143.72 3.41 73.78
      vertex 142.72 3.41 73.78
    endloop
  endfacet
  facet normal 0 -1 0
    outer loop
      vertex 142.72 3.41 37.61
      vertex 143.72 3.41 73.78
      vertex 142.72 3.41 40.07
    endloop
  endfacet
  facet normal 0 -1 0
    outer loop
      vertex 143.72 3.41 2.4
      vertex 142.72 3.41 37.61
      vertex 142.72 3.41 2.4
    endloop
  endfacet
  facet normal 0 -1 0
    outer loop
      vertex 142.72 3.41 37.61
      vertex 143.72 3.41 2.4
      vertex 143.72 3.41 73.78
    endloop
  endfacet
  facet normal 0 -0.629213 0.777233
    outer loop
      vertex 0 46.6863 125.687
      vertex 3.4 43.9737 123.491
      vertex 3.4 46.6863 125.687
    endloop
  endfacet
  facet normal 0 -0.629213 0.777233
    outer loop
      vertex 3.4 43.9737 123.491
      vertex 0 46.6863 125.687
      vertex 0 43.9737 123.491
    endloop
  endfacet
  facet normal 0 -0.629213 0.777233
    outer loop
      vertex 142.72 46.6863 125.687
      vertex 146.12 43.9737 123.491
      vertex 146.12 46.6863 125.687
    endloop
  endfacet
  facet normal 0 -0.629213 0.777233
    outer loop
      vertex 146.12 43.9737 123.491
      vertex 142.72 46.6863 125.687
      vertex 142.72 43.9737 123.491
    endloop
  endfacet
  facet normal 0 -0.292239 0.956345
    outer loop
      vertex 0 13.3092 107.186
      vertex 3.4 9.97128 106.166
      vertex 3.4 13.3092 107.186
    endloop
  endfacet
  facet normal 0 -0.292239 0.956345
    outer loop
      vertex 3.4 9.97128 106.166
      vertex 0 13.3092 107.186
      vertex 0 9.97128 106.166
    endloop
  endfacet
  facet normal 0 -0.292239 0.956345
    outer loop
      vertex 142.72 13.3092 107.186
      vertex 146.12 9.97128 106.166
      vertex 146.12 13.3092 107.186
    endloop
  endfacet
  facet normal 0 -0.292239 0.956345
    outer loop
      vertex 146.12 9.97128 106.166
      vertex 142.72 13.3092 107.186
      vertex 142.72 9.97128 106.166
    endloop
  endfacet
  facet normal 0 -0.656065 0.754704
    outer loop
      vertex 0 49.3206 127.977
      vertex 3.4 46.6863 125.687
      vertex 3.4 49.3206 127.977
    endloop
  endfacet
  facet normal 0 -0.656065 0.754704
    outer loop
      vertex 3.4 46.6863 125.687
      vertex 0 49.3206 127.977
      vertex 0 46.6863 125.687
    endloop
  endfacet
  facet normal 0 -0.656065 0.754704
    outer loop
      vertex 142.72 49.3206 127.977
      vertex 146.12 46.6863 125.687
      vertex 146.12 49.3206 127.977
    endloop
  endfacet
  facet normal 0 -0.656065 0.754704
    outer loop
      vertex 146.12 46.6863 125.687
      vertex 142.72 49.3206 127.977
      vertex 142.72 46.6863 125.687
    endloop
  endfacet
  facet normal 0 -0.325461 0.945556
    outer loop
      vertex 0 16.6096 108.322
      vertex 3.4 13.3092 107.186
      vertex 3.4 16.6096 108.322
    endloop
  endfacet
  facet normal 0 -0.325461 0.945556
    outer loop
      vertex 3.4 13.3092 107.186
      vertex 0 16.6096 108.322
      vertex 0 13.3092 107.186
    endloop
  endfacet
  facet normal 0 -0.325461 0.945556
    outer loop
      vertex 142.72 16.6096 108.322
      vertex 146.12 13.3092 107.186
      vertex 146.12 16.6096 108.322
    endloop
  endfacet
  facet normal 0 -0.325461 0.945556
    outer loop
      vertex 146.12 13.3092 107.186
      vertex 142.72 16.6096 108.322
      vertex 142.72 13.3092 107.186
    endloop
  endfacet
  facet normal 0 -0.390771 0.920488
    outer loop
      vertex 0 23.0812 110.937
      vertex 3.4 19.8682 109.573
      vertex 3.4 23.0812 110.937
    endloop
  endfacet
  facet normal 0 -0.390771 0.920488
    outer loop
      vertex 3.4 19.8682 109.573
      vertex 0 23.0812 110.937
      vertex 0 19.8682 109.573
    endloop
  endfacet
  facet normal 0 -0.390771 0.920488
    outer loop
      vertex 142.72 23.0812 110.937
      vertex 146.12 19.8682 109.573
      vertex 146.12 23.0812 110.937
    endloop
  endfacet
  facet normal 0 -0.390771 0.920488
    outer loop
      vertex 146.12 19.8682 109.573
      vertex 142.72 23.0812 110.937
      vertex 142.72 19.8682 109.573
    endloop
  endfacet
  facet normal 0 -0.798574 0.601896
    outer loop
      vertex 0 61.2086 140.726
      vertex 3.4 63.3092 143.513
      vertex 0 63.3092 143.513
    endloop
  endfacet
  facet normal 0 -0.798574 0.601896
    outer loop
      vertex 3.4 63.3092 143.513
      vertex 0 61.2086 140.726
      vertex 3.4 61.2086 140.726
    endloop
  endfacet
  facet normal 0 -0.798574 0.601896
    outer loop
      vertex 142.72 61.2086 140.726
      vertex 146.12 63.3092 143.513
      vertex 142.72 63.3092 143.513
    endloop
  endfacet
  facet normal 0 -0.798574 0.601896
    outer loop
      vertex 146.12 63.3092 143.513
      vertex 142.72 61.2086 140.726
      vertex 146.12 61.2086 140.726
    endloop
  endfacet
  facet normal 0 -0.682071 0.731286
    outer loop
      vertex 0 51.8734 130.358
      vertex 3.4 49.3206 127.977
      vertex 3.4 51.8734 130.358
    endloop
  endfacet
  facet normal 0 -0.682071 0.731286
    outer loop
      vertex 3.4 49.3206 127.977
      vertex 0 51.8734 130.358
      vertex 0 49.3206 127.977
    endloop
  endfacet
  facet normal 0 -0.682071 0.731286
    outer loop
      vertex 142.72 51.8734 130.358
      vertex 146.12 49.3206 127.977
      vertex 146.12 51.8734 130.358
    endloop
  endfacet
  facet normal 0 -0.682071 0.731286
    outer loop
      vertex 146.12 49.3206 127.977
      vertex 142.72 51.8734 130.358
      vertex 142.72 49.3206 127.977
    endloop
  endfacet
  facet normal 0.000152022 -0.838743 0.544528
    outer loop
      vertex 0 65.3113 146.372
      vertex 1.5 67.1995 149.28
      vertex 0 66.2254 147.78
    endloop
  endfacet
  facet normal 0 -0.838707 0.544583
    outer loop
      vertex 1.5 67.1995 149.28
      vertex 0 65.3113 146.372
      vertex 144.62 67.1995 149.28
    endloop
  endfacet
  facet normal 0 -0.838707 0.544583
    outer loop
      vertex 146.12 65.3113 146.372
      vertex 144.62 67.1995 149.28
      vertex 0 65.3113 146.372
    endloop
  endfacet
  facet normal -0.000152022 -0.838743 0.544528
    outer loop
      vertex 144.62 67.1995 149.28
      vertex 146.12 65.3113 146.372
      vertex 146.12 66.2254 147.78
    endloop
  endfacet
  facet normal 0 -0.42258 0.906326
    outer loop
      vertex 0 26.2447 112.412
      vertex 3.4 23.0812 110.937
      vertex 3.4 26.2447 112.412
    endloop
  endfacet
  facet normal 0 -0.42258 0.906326
    outer loop
      vertex 3.4 23.0812 110.937
      vertex 0 26.2447 112.412
      vertex 0 23.0812 110.937
    endloop
  endfacet
  facet normal 0 -0.42258 0.906326
    outer loop
      vertex 142.72 26.2447 112.412
      vertex 146.12 23.0812 110.937
      vertex 146.12 26.2447 112.412
    endloop
  endfacet
  facet normal 0 -0.42258 0.906326
    outer loop
      vertex 146.12 23.0812 110.937
      vertex 142.72 26.2447 112.412
      vertex 142.72 23.0812 110.937
    endloop
  endfacet
  facet normal 0 -0.707092 0.707121
    outer loop
      vertex 0 54.3415 132.826
      vertex 3.4 51.8734 130.358
      vertex 3.4 54.3415 132.826
    endloop
  endfacet
  facet normal 0 -0.707092 0.707121
    outer loop
      vertex 3.4 51.8734 130.358
      vertex 0 54.3415 132.826
      vertex 0 51.8734 130.358
    endloop
  endfacet
  facet normal 0 -0.707092 0.707121
    outer loop
      vertex 142.72 54.3415 132.826
      vertex 146.12 51.8734 130.358
      vertex 146.12 54.3415 132.826
    endloop
  endfacet
  facet normal 0 -0.707092 0.707121
    outer loop
      vertex 146.12 51.8734 130.358
      vertex 142.72 54.3415 132.826
      vertex 142.72 51.8734 130.358
    endloop
  endfacet
  facet normal 0 -0.454076 0.890963
    outer loop
      vertex 0 29.3547 113.997
      vertex 3.4 26.2447 112.412
      vertex 3.4 29.3547 113.997
    endloop
  endfacet
  facet normal 0 -0.454076 0.890963
    outer loop
      vertex 3.4 26.2447 112.412
      vertex 0 29.3547 113.997
      vertex 0 26.2447 112.412
    endloop
  endfacet
  facet normal 0 -0.454076 0.890963
    outer loop
      vertex 142.72 29.3547 113.997
      vertex 146.12 26.2447 112.412
      vertex 146.12 29.3547 113.997
    endloop
  endfacet
  facet normal 0 -0.454076 0.890963
    outer loop
      vertex 146.12 26.2447 112.412
      vertex 142.72 29.3547 113.997
      vertex 142.72 26.2447 112.412
    endloop
  endfacet
  facet normal 0 -0.573557 0.819166
    outer loop
      vertex 0 41.1861 121.39
      vertex 3.4 38.3268 119.388
      vertex 3.4 41.1861 121.39
    endloop
  endfacet
  facet normal 0 -0.573557 0.819166
    outer loop
      vertex 3.4 38.3268 119.388
      vertex 0 41.1861 121.39
      vertex 0 38.3268 119.388
    endloop
  endfacet
  facet normal 0 -0.573557 0.819166
    outer loop
      vertex 142.72 41.1861 121.39
      vertex 146.12 38.3268 119.388
      vertex 146.12 41.1861 121.39
    endloop
  endfacet
  facet normal 0 -0.573557 0.819166
    outer loop
      vertex 146.12 38.3268 119.388
      vertex 142.72 41.1861 121.39
      vertex 142.72 38.3268 119.388
    endloop
  endfacet
  facet normal 0 -0.777194 0.629261
    outer loop
      vertex 0 59.012 138.013
      vertex 3.4 61.2086 140.726
      vertex 0 61.2086 140.726
    endloop
  endfacet
  facet normal 0 -0.777194 0.629261
    outer loop
      vertex 3.4 61.2086 140.726
      vertex 0 59.012 138.013
      vertex 3.4 59.012 138.013
    endloop
  endfacet
  facet normal 0 -0.777194 0.629261
    outer loop
      vertex 142.72 59.012 138.013
      vertex 146.12 61.2086 140.726
      vertex 142.72 61.2086 140.726
    endloop
  endfacet
  facet normal 0 -0.777194 0.629261
    outer loop
      vertex 146.12 61.2086 140.726
      vertex 142.72 59.012 138.013
      vertex 146.12 59.012 138.013
    endloop
  endfacet
  facet normal 0 -0.190878 0.981614
    outer loop
      vertex 0 3.19871 104.477
      vertex 146.12 0 103.855
      vertex 146.12 3.19871 104.477
    endloop
  endfacet
  facet normal 0 -0.190878 0.981614
    outer loop
      vertex 146.12 0 103.855
      vertex 0 3.19871 104.477
      vertex 0 0 103.855
    endloop
  endfacet
  facet normal 0 -0.358403 0.933567
    outer loop
      vertex 0 19.8682 109.573
      vertex 3.4 16.6096 108.322
      vertex 3.4 19.8682 109.573
    endloop
  endfacet
  facet normal 0 -0.358403 0.933567
    outer loop
      vertex 3.4 16.6096 108.322
      vertex 0 19.8682 109.573
      vertex 0 16.6096 108.322
    endloop
  endfacet
  facet normal 0 -0.358403 0.933567
    outer loop
      vertex 142.72 19.8682 109.573
      vertex 146.12 16.6096 108.322
      vertex 146.12 19.8682 109.573
    endloop
  endfacet
  facet normal 0 -0.358403 0.933567
    outer loop
      vertex 146.12 16.6096 108.322
      vertex 142.72 19.8682 109.573
      vertex 142.72 16.6096 108.322
    endloop
  endfacet
  facet normal 0 -0.601887 0.798581
    outer loop
      vertex 0 43.9737 123.491
      vertex 3.4 41.1861 121.39
      vertex 3.4 43.9737 123.491
    endloop
  endfacet
  facet normal 0 -0.601887 0.798581
    outer loop
      vertex 3.4 41.1861 121.39
      vertex 0 43.9737 123.491
      vertex 0 41.1861 121.39
    endloop
  endfacet
  facet normal 0 -0.601887 0.798581
    outer loop
      vertex 142.72 43.9737 123.491
      vertex 146.12 41.1861 121.39
      vertex 146.12 43.9737 123.491
    endloop
  endfacet
  facet normal 0 -0.601887 0.798581
    outer loop
      vertex 146.12 41.1861 121.39
      vertex 142.72 43.9737 123.491
      vertex 142.72 41.1861 121.39
    endloop
  endfacet
  facet normal 0 -0.484767 0.874643
    outer loop
      vertex 0 32.4075 115.689
      vertex 3.4 29.3547 113.997
      vertex 3.4 32.4075 115.689
    endloop
  endfacet
  facet normal 0 -0.484767 0.874643
    outer loop
      vertex 3.4 29.3547 113.997
      vertex 0 32.4075 115.689
      vertex 0 29.3547 113.997
    endloop
  endfacet
  facet normal 0 -0.484767 0.874643
    outer loop
      vertex 142.72 32.4075 115.689
      vertex 146.12 29.3547 113.997
      vertex 146.12 32.4075 115.689
    endloop
  endfacet
  facet normal 0 -0.484767 0.874643
    outer loop
      vertex 146.12 29.3547 113.997
      vertex 142.72 32.4075 115.689
      vertex 142.72 29.3547 113.997
    endloop
  endfacet
  facet normal 0 -0.818891 0.573949
    outer loop
      vertex 0 65.3113 146.372
      vertex 3.4 64.9945 145.92
      vertex 146.12 65.3113 146.372
    endloop
  endfacet
  facet normal -6.58967e-05 -0.819124 0.573616
    outer loop
      vertex 0 63.3092 143.513
      vertex 3.4 64.9945 145.92
      vertex 0 65.3113 146.372
    endloop
  endfacet
  facet normal 0 -0.819168 0.573554
    outer loop
      vertex 3.4 64.9945 145.92
      vertex 0 63.3092 143.513
      vertex 3.4 63.3092 143.513
    endloop
  endfacet
  facet normal 0 -0.818891 0.573949
    outer loop
      vertex 142.72 64.9945 145.92
      vertex 146.12 65.3113 146.372
      vertex 3.4 64.9945 145.92
    endloop
  endfacet
  facet normal 0 -0.819168 0.573554
    outer loop
      vertex 146.12 63.3092 143.513
      vertex 142.72 64.9945 145.92
      vertex 142.72 63.3092 143.513
    endloop
  endfacet
  facet normal 6.58967e-05 -0.819124 0.573616
    outer loop
      vertex 142.72 64.9945 145.92
      vertex 146.12 63.3092 143.513
      vertex 146.12 65.3113 146.372
    endloop
  endfacet
  facet normal 0 -0.258978 0.965883
    outer loop
      vertex 0 9.97128 106.166
      vertex 3.4 6.59973 105.262
      vertex 3.4 9.97128 106.166
    endloop
  endfacet
  facet normal 0 -0.258978 0.965883
    outer loop
      vertex 3.4 6.59973 105.262
      vertex 0 9.97128 106.166
      vertex 0 6.59973 105.262
    endloop
  endfacet
  facet normal 0 -0.258978 0.965883
    outer loop
      vertex 142.72 9.97128 106.166
      vertex 146.12 6.59973 105.262
      vertex 146.12 9.97128 106.166
    endloop
  endfacet
  facet normal 0 -0.258978 0.965883
    outer loop
      vertex 146.12 6.59973 105.262
      vertex 142.72 9.97128 106.166
      vertex 142.72 6.59973 105.262
    endloop
  endfacet
  facet normal 0 -0.754667 0.656108
    outer loop
      vertex 0 56.722 135.379
      vertex 3.4 59.012 138.013
      vertex 0 59.012 138.013
    endloop
  endfacet
  facet normal 0 -0.754667 0.656108
    outer loop
      vertex 3.4 59.012 138.013
      vertex 0 56.722 135.379
      vertex 3.4 56.722 135.379
    endloop
  endfacet
  facet normal 0 -0.754667 0.656108
    outer loop
      vertex 142.72 56.722 135.379
      vertex 146.12 59.012 138.013
      vertex 142.72 59.012 138.013
    endloop
  endfacet
  facet normal 0 -0.754667 0.656108
    outer loop
      vertex 146.12 59.012 138.013
      vertex 142.72 56.722 135.379
      vertex 146.12 56.722 135.379
    endloop
  endfacet
  facet normal 0 -0.731384 0.681966
    outer loop
      vertex 0 54.3415 132.826
      vertex 3.4 56.722 135.379
      vertex 0 56.722 135.379
    endloop
  endfacet
  facet normal 0 -0.731384 0.681966
    outer loop
      vertex 3.4 56.722 135.379
      vertex 0 54.3415 132.826
      vertex 3.4 54.3415 132.826
    endloop
  endfacet
  facet normal 0 -0.731384 0.681966
    outer loop
      vertex 142.72 54.3415 132.826
      vertex 146.12 56.722 135.379
      vertex 142.72 56.722 135.379
    endloop
  endfacet
  facet normal 0 -0.731384 0.681966
    outer loop
      vertex 146.12 56.722 135.379
      vertex 142.72 54.3415 132.826
      vertex 146.12 54.3415 132.826
    endloop
  endfacet
  facet normal 0 -0.515085 0.857139
    outer loop
      vertex 0 35.3995 117.487
      vertex 3.4 32.4075 115.689
      vertex 3.4 35.3995 117.487
    endloop
  endfacet
  facet normal 0 -0.515085 0.857139
    outer loop
      vertex 3.4 32.4075 115.689
      vertex 0 35.3995 117.487
      vertex 0 32.4075 115.689
    endloop
  endfacet
  facet normal 0 -0.515085 0.857139
    outer loop
      vertex 142.72 35.3995 117.487
      vertex 146.12 32.4075 115.689
      vertex 146.12 35.3995 117.487
    endloop
  endfacet
  facet normal 0 -0.515085 0.857139
    outer loop
      vertex 146.12 32.4075 115.689
      vertex 142.72 35.3995 117.487
      vertex 142.72 32.4075 115.689
    endloop
  endfacet
  facet normal 0 -0.224967 0.974366
    outer loop
      vertex 3.4 6.59973 105.262
      vertex 0 6.59973 105.262
      vertex 3.4 5.4 104.985
    endloop
  endfacet
  facet normal 0 -0.224967 0.974366
    outer loop
      vertex 142.72 5.4 104.985
      vertex 146.12 6.59973 105.262
      vertex 142.72 6.59973 105.262
    endloop
  endfacet
  facet normal -2.48148e-05 -0.2249 0.974382
    outer loop
      vertex 146.12 6.59973 105.262
      vertex 142.72 5.4 104.985
      vertex 146.12 3.19871 104.477
    endloop
  endfacet
  facet normal 0 -0.224864 0.97439
    outer loop
      vertex 3.4 5.4 104.985
      vertex 146.12 3.19871 104.477
      vertex 142.72 5.4 104.985
    endloop
  endfacet
  facet normal 0 -0.224864 0.97439
    outer loop
      vertex 3.4 5.4 104.985
      vertex 0 3.19871 104.477
      vertex 146.12 3.19871 104.477
    endloop
  endfacet
  facet normal 2.48148e-05 -0.2249 0.974382
    outer loop
      vertex 0 3.19871 104.477
      vertex 3.4 5.4 104.985
      vertex 0 6.59973 105.262
    endloop
  endfacet
  facet normal 0 -0.544637 0.838672
    outer loop
      vertex 0 38.3268 119.388
      vertex 3.4 35.3995 117.487
      vertex 3.4 38.3268 119.388
    endloop
  endfacet
  facet normal 0 -0.544637 0.838672
    outer loop
      vertex 3.4 35.3995 117.487
      vertex 0 38.3268 119.388
      vertex 0 35.3995 117.487
    endloop
  endfacet
  facet normal 0 -0.544637 0.838672
    outer loop
      vertex 142.72 38.3268 119.388
      vertex 146.12 35.3995 117.487
      vertex 146.12 38.3268 119.388
    endloop
  endfacet
  facet normal 0 -0.544637 0.838672
    outer loop
      vertex 146.12 35.3995 117.487
      vertex 142.72 38.3268 119.388
      vertex 142.72 35.3995 117.487
    endloop
  endfacet
  facet normal 0 -1 0
    outer loop
      vertex 3.4 3.4 37.61
      vertex 3.4511 3.4 39.6818
      vertex 3.4 3.4 40.07
    endloop
  endfacet
  facet normal 0 -1 0
    outer loop
      vertex 3.4 3.4 37.61
      vertex 3.60096 3.4 39.32
      vertex 3.4511 3.4 39.6818
    endloop
  endfacet
  facet normal 0 -1 0
    outer loop
      vertex 3.4 3.4 37.61
      vertex 3.83933 3.4 39.0093
      vertex 3.60096 3.4 39.32
    endloop
  endfacet
  facet normal 0 -1 0
    outer loop
      vertex 3.4 3.4 37.61
      vertex 4.15 3.4 38.771
      vertex 3.83933 3.4 39.0093
    endloop
  endfacet
  facet normal 0 -1 0
    outer loop
      vertex 3.4 3.4 37.61
      vertex 4.51177 3.4 38.6211
      vertex 4.15 3.4 38.771
    endloop
  endfacet
  facet normal 0 -1 0
    outer loop
      vertex 3.4 3.4 37.61
      vertex 4.9 3.4 38.57
      vertex 4.51177 3.4 38.6211
    endloop
  endfacet
  facet normal 0 -1 0
    outer loop
      vertex 12.48 3.4 37.61
      vertex 4.9 3.4 38.57
      vertex 3.4 3.4 37.61
    endloop
  endfacet
  facet normal 0 -1 0
    outer loop
      vertex 4.9 3.4 38.57
      vertex 12.48 3.4 37.61
      vertex 12.48 3.4 38.57
    endloop
  endfacet
  facet normal 0.923882 -0 0.382678
    outer loop
      vertex 3.4511 3.4 39.6818
      vertex 3.60096 133.4 39.32
      vertex 3.4511 133.4 39.6818
    endloop
  endfacet
  facet normal 0.923882 0 0.382678
    outer loop
      vertex 3.60096 133.4 39.32
      vertex 3.4511 3.4 39.6818
      vertex 3.60096 3.4 39.32
    endloop
  endfacet
  facet normal 0.793401 -0 0.6087
    outer loop
      vertex 3.60096 3.4 39.32
      vertex 3.83933 133.4 39.0093
      vertex 3.60096 133.4 39.32
    endloop
  endfacet
  facet normal 0.793401 0 0.6087
    outer loop
      vertex 3.83933 133.4 39.0093
      vertex 3.60096 3.4 39.32
      vertex 3.83933 3.4 39.0093
    endloop
  endfacet
  facet normal 0.608624 0 0.793459
    outer loop
      vertex 3.83933 133.4 39.0093
      vertex 4.15 3.4 38.771
      vertex 4.15 133.4 38.771
    endloop
  endfacet
  facet normal 0.608624 0 0.793459
    outer loop
      vertex 4.15 3.4 38.771
      vertex 3.83933 133.4 39.0093
      vertex 3.83933 3.4 39.0093
    endloop
  endfacet
  facet normal 0.382792 0 0.923834
    outer loop
      vertex 4.15 133.4 38.771
      vertex 4.51177 3.4 38.6211
      vertex 4.51177 133.4 38.6211
    endloop
  endfacet
  facet normal 0.382792 0 0.923834
    outer loop
      vertex 4.51177 3.4 38.6211
      vertex 4.15 133.4 38.771
      vertex 4.15 3.4 38.771
    endloop
  endfacet
  facet normal 0.130497 0 0.991449
    outer loop
      vertex 4.51177 133.4 38.6211
      vertex 4.9 3.4 38.57
      vertex 4.9 133.4 38.57
    endloop
  endfacet
  facet normal 0.130497 0 0.991449
    outer loop
      vertex 4.9 3.4 38.57
      vertex 4.51177 133.4 38.6211
      vertex 4.51177 3.4 38.6211
    endloop
  endfacet
  facet normal 0 0 1
    outer loop
      vertex 12.47 133.4 38.57
      vertex 4.9 133.4 38.57
      vertex 12.47 131.9 38.57
    endloop
  endfacet
  facet normal -0 0 1
    outer loop
      vertex 12.47 131.9 38.57
      vertex 12.48 3.4 38.57
      vertex 12.48 131.9 38.57
    endloop
  endfacet
  facet normal 0 0 1
    outer loop
      vertex 4.9 3.4 38.57
      vertex 12.47 131.9 38.57
      vertex 4.9 133.4 38.57
    endloop
  endfacet
  facet normal 0 0 1
    outer loop
      vertex 12.47 131.9 38.57
      vertex 4.9 3.4 38.57
      vertex 12.48 3.4 38.57
    endloop
  endfacet
  facet normal 1 -0 0
    outer loop
      vertex 12.48 3.4 38.57
      vertex 12.48 131.9 37.61
      vertex 12.48 131.9 38.57
    endloop
  endfacet
  facet normal 1 0 0
    outer loop
      vertex 12.48 131.9 37.61
      vertex 12.48 3.4 38.57
      vertex 12.48 3.4 37.61
    endloop
  endfacet
  facet normal 0 0 -1
    outer loop
      vertex 10.76 4.99999 37.61
      vertex 12.48 3.4 37.61
      vertex 10.76 3.6 37.61
    endloop
  endfacet
  facet normal 0 0 -1
    outer loop
      vertex 12.48 3.4 37.61
      vertex 7.3 3.6 37.61
      vertex 10.76 3.6 37.61
    endloop
  endfacet
  facet normal 0 0 -1
    outer loop
      vertex 3.4 3.41 37.61
      vertex 7.3 3.6 37.61
      vertex 3.4 3.4 37.61
    endloop
  endfacet
  facet normal 0 0 -1
    outer loop
      vertex 3.4 3.4 37.61
      vertex 7.3 3.6 37.61
      vertex 12.48 3.4 37.61
    endloop
  endfacet
  facet normal 0 0 -1
    outer loop
      vertex 138.82 3.6 37.61
      vertex 142.72 3.41 37.61
      vertex 142.72 3.4 37.61
    endloop
  endfacet
  facet normal 0 0 -1
    outer loop
      vertex 142.72 3.41 37.61
      vertex 138.82 3.6 37.61
      vertex 138.82 4.99999 37.61
    endloop
  endfacet
  facet normal 0 0 -1
    outer loop
      vertex 133.64 3.4 37.61
      vertex 138.82 3.6 37.61
      vertex 142.72 3.4 37.61
    endloop
  endfacet
  facet normal -0 0 -1
    outer loop
      vertex 135.36 3.6 37.61
      vertex 133.64 3.4 37.61
      vertex 135.36 4.99999 37.61
    endloop
  endfacet
  facet normal -0 0 -1
    outer loop
      vertex 138.82 3.6 37.61
      vertex 133.64 3.4 37.61
      vertex 135.36 3.6 37.61
    endloop
  endfacet
  facet normal 0 0 -1
    outer loop
      vertex 142.72 3.41 37.61
      vertex 138.82 4.99999 37.61
      vertex 142.72 133.4 37.61
    endloop
  endfacet
  facet normal 0 0 -1
    outer loop
      vertex 133.64 131.9 37.61
      vertex 138.82 4.99999 37.61
      vertex 135.36 4.99999 37.61
    endloop
  endfacet
  facet normal 0 0 -1
    outer loop
      vertex 133.64 131.9 37.61
      vertex 135.36 4.99999 37.61
      vertex 133.64 3.4 37.61
    endloop
  endfacet
  facet normal 0 0 -1
    outer loop
      vertex 138.82 4.99999 37.61
      vertex 133.64 131.9 37.61
      vertex 142.72 133.4 37.61
    endloop
  endfacet
  facet normal 0 0 -1
    outer loop
      vertex 12.48 131.9 37.61
      vertex 142.72 133.4 37.61
      vertex 133.64 131.9 37.61
    endloop
  endfacet
  facet normal 0 0 -1
    outer loop
      vertex 12.48 3.4 37.61
      vertex 10.76 4.99999 37.61
      vertex 12.48 131.9 37.61
    endloop
  endfacet
  facet normal 0 0 -1
    outer loop
      vertex 7.3 4.99999 37.61
      vertex 12.48 131.9 37.61
      vertex 10.76 4.99999 37.61
    endloop
  endfacet
  facet normal -0 0 -1
    outer loop
      vertex 7.3 3.6 37.61
      vertex 3.4 3.41 37.61
      vertex 7.3 4.99999 37.61
    endloop
  endfacet
  facet normal 0 0 -1
    outer loop
      vertex 3.4 133.4 37.61
      vertex 7.3 4.99999 37.61
      vertex 3.4 3.41 37.61
    endloop
  endfacet
  facet normal 0 0 -1
    outer loop
      vertex 12.48 131.9 37.61
      vertex 3.4 133.4 37.61
      vertex 142.72 133.4 37.61
    endloop
  endfacet
  facet normal 0 0 -1
    outer loop
      vertex 7.3 4.99999 37.61
      vertex 3.4 133.4 37.61
      vertex 12.48 131.9 37.61
    endloop
  endfacet
  facet normal 0.991447 -0 0.130507
    outer loop
      vertex 3.4 3.41 40.07
      vertex 3.4511 133.4 39.6818
      vertex 3.4 133.4 40.07
    endloop
  endfacet
  facet normal 0.991447 0 0.130507
    outer loop
      vertex 3.4511 3.4 39.6818
      vertex 3.4 3.41 40.07
      vertex 3.4 3.4 40.07
    endloop
  endfacet
  facet normal 0.991447 0 0.130507
    outer loop
      vertex 3.4 3.41 40.07
      vertex 3.4511 3.4 39.6818
      vertex 3.4511 133.4 39.6818
    endloop
  endfacet
  facet normal 0 -1 0
    outer loop
      vertex 133.64 3.4 38.57
      vertex 133.64 3.4 37.61
      vertex 141.22 3.4 38.57
    endloop
  endfacet
  facet normal 0 -1 0
    outer loop
      vertex 142.669 3.4 39.6818
      vertex 142.72 3.4 37.61
      vertex 142.72 3.4 40.07
    endloop
  endfacet
  facet normal 0 -1 0
    outer loop
      vertex 142.519 3.4 39.32
      vertex 142.72 3.4 37.61
      vertex 142.669 3.4 39.6818
    endloop
  endfacet
  facet normal 0 -1 0
    outer loop
      vertex 142.281 3.4 39.0093
      vertex 142.72 3.4 37.61
      vertex 142.519 3.4 39.32
    endloop
  endfacet
  facet normal 0 -1 0
    outer loop
      vertex 141.97 3.4 38.771
      vertex 142.72 3.4 37.61
      vertex 142.281 3.4 39.0093
    endloop
  endfacet
  facet normal 0 -1 0
    outer loop
      vertex 141.608 3.4 38.6211
      vertex 142.72 3.4 37.61
      vertex 141.97 3.4 38.771
    endloop
  endfacet
  facet normal 0 -1 0
    outer loop
      vertex 141.22 3.4 38.57
      vertex 142.72 3.4 37.61
      vertex 141.608 3.4 38.6211
    endloop
  endfacet
  facet normal 0 -1 0
    outer loop
      vertex 142.72 3.4 37.61
      vertex 141.22 3.4 38.57
      vertex 133.64 3.4 37.61
    endloop
  endfacet
  facet normal -0.923755 0 0.382983
    outer loop
      vertex 142.519 3.4 39.32
      vertex 142.669 133.4 39.6818
      vertex 142.519 133.4 39.32
    endloop
  endfacet
  facet normal -0.923755 0 0.382983
    outer loop
      vertex 142.669 133.4 39.6818
      vertex 142.519 3.4 39.32
      vertex 142.669 3.4 39.6818
    endloop
  endfacet
  facet normal -0.793857 0 0.608104
    outer loop
      vertex 142.281 3.4 39.0093
      vertex 142.519 133.4 39.32
      vertex 142.281 133.4 39.0093
    endloop
  endfacet
  facet normal -0.793857 0 0.608104
    outer loop
      vertex 142.519 133.4 39.32
      vertex 142.281 3.4 39.0093
      vertex 142.519 3.4 39.32
    endloop
  endfacet
  facet normal -0.608217 0 0.793771
    outer loop
      vertex 141.97 133.4 38.771
      vertex 142.281 3.4 39.0093
      vertex 142.281 133.4 39.0093
    endloop
  endfacet
  facet normal -0.608217 0 0.793771
    outer loop
      vertex 142.281 3.4 39.0093
      vertex 141.97 133.4 38.771
      vertex 141.97 3.4 38.771
    endloop
  endfacet
  facet normal -0.382585 0 0.92392
    outer loop
      vertex 141.608 133.4 38.6211
      vertex 141.97 3.4 38.771
      vertex 141.97 133.4 38.771
    endloop
  endfacet
  facet normal -0.382585 0 0.92392
    outer loop
      vertex 141.97 3.4 38.771
      vertex 141.608 133.4 38.6211
      vertex 141.608 3.4 38.6211
    endloop
  endfacet
  facet normal -0.130573 0 0.991439
    outer loop
      vertex 141.22 133.4 38.57
      vertex 141.608 3.4 38.6211
      vertex 141.608 133.4 38.6211
    endloop
  endfacet
  facet normal -0.130573 0 0.991439
    outer loop
      vertex 141.608 3.4 38.6211
      vertex 141.22 133.4 38.57
      vertex 141.22 3.4 38.57
    endloop
  endfacet
  facet normal 0 0 1
    outer loop
      vertex 133.65 131.9 38.57
      vertex 141.22 133.4 38.57
      vertex 133.65 133.4 38.57
    endloop
  endfacet
  facet normal 0 0 1
    outer loop
      vertex 141.22 133.4 38.57
      vertex 133.65 131.9 38.57
      vertex 141.22 3.4 38.57
    endloop
  endfacet
  facet normal 0 0 1
    outer loop
      vertex 133.64 3.4 38.57
      vertex 133.65 131.9 38.57
      vertex 133.64 131.9 38.57
    endloop
  endfacet
  facet normal 0 0 1
    outer loop
      vertex 133.65 131.9 38.57
      vertex 133.64 3.4 38.57
      vertex 141.22 3.4 38.57
    endloop
  endfacet
  facet normal -1 0 0
    outer loop
      vertex 133.64 3.4 37.61
      vertex 133.64 131.9 38.57
      vertex 133.64 131.9 37.61
    endloop
  endfacet
  facet normal -1 -0 0
    outer loop
      vertex 133.64 131.9 38.57
      vertex 133.64 3.4 37.61
      vertex 133.64 3.4 38.57
    endloop
  endfacet
  facet normal -0.99148 0 0.130256
    outer loop
      vertex 142.669 133.4 39.6818
      vertex 142.72 3.41 40.07
      vertex 142.72 133.4 40.07
    endloop
  endfacet
  facet normal -0.99148 0 0.130256
    outer loop
      vertex 142.669 3.4 39.6818
      vertex 142.72 3.41 40.07
      vertex 142.669 133.4 39.6818
    endloop
  endfacet
  facet normal -0.99148 0 0.130256
    outer loop
      vertex 142.72 3.41 40.07
      vertex 142.669 3.4 39.6818
      vertex 142.72 3.4 40.07
    endloop
  endfacet
  facet normal -0 0 1
    outer loop
      vertex 12.47 133.4 38.57
      vertex 133.65 131.9 38.57
      vertex 133.65 133.4 38.57
    endloop
  endfacet
  facet normal 0 0 1
    outer loop
      vertex 133.65 131.9 38.57
      vertex 12.47 133.4 38.57
      vertex 12.47 131.9 38.57
    endloop
  endfacet
  facet normal 0 -1 0
    outer loop
      vertex 12.48 131.9 37.61
      vertex 133.64 131.9 38.57
      vertex 12.48 131.9 38.57
    endloop
  endfacet
  facet normal 0 -1 -0
    outer loop
      vertex 133.64 131.9 38.57
      vertex 12.48 131.9 37.61
      vertex 133.64 131.9 37.61
    endloop
  endfacet
  facet normal 0 0 0
    outer loop
      vertex 12.47 131.9 38.57
      vertex 12.48 131.9 38.57
      vertex 133.65 131.9 38.57
    endloop
  endfacet
  facet normal 0 -0 0
    outer loop
      vertex 133.64 131.9 38.57
      vertex 133.65 131.9 38.57
      vertex 12.48 131.9 38.57
    endloop
  endfacet
  facet normal 0 -1 0
    outer loop
      vertex 7.3 3.6 35.31
      vertex 10.76 3.6 37.61
      vertex 7.3 3.6 37.61
    endloop
  endfacet
  facet normal 0 -1 -0
    outer loop
      vertex 10.76 3.6 37.61
      vertex 7.3 3.6 35.31
      vertex 10.76 3.6 35.31
    endloop
  endfacet
  facet normal 0 0 -1
    outer loop
      vertex 7.3 3.6 35.31
      vertex 10.76 3.79999 35.31
      vertex 10.76 3.6 35.31
    endloop
  endfacet
  facet normal -0 0 -1
    outer loop
      vertex 10.76 3.79999 35.31
      vertex 7.3 3.6 35.31
      vertex 7.3 3.79999 35.31
    endloop
  endfacet
  facet normal 1 -0 0
    outer loop
      vertex 10.76 3.6 37.61
      vertex 10.76 3.79999 35.31
      vertex 10.76 4.99999 37.61
    endloop
  endfacet
  facet normal 1 0 0
    outer loop
      vertex 10.76 3.79999 35.31
      vertex 10.76 3.6 37.61
      vertex 10.76 3.6 35.31
    endloop
  endfacet
  facet normal 0 0.886585 -0.462566
    outer loop
      vertex 10.76 3.79999 35.31
      vertex 7.3 4.99999 37.61
      vertex 10.76 4.99999 37.61
    endloop
  endfacet
  facet normal 0 0.886585 -0.462566
    outer loop
      vertex 7.3 4.99999 37.61
      vertex 10.76 3.79999 35.31
      vertex 7.3 3.79999 35.31
    endloop
  endfacet
  facet normal -1 0 0
    outer loop
      vertex 7.3 3.6 37.61
      vertex 7.3 3.79999 35.31
      vertex 7.3 3.6 35.31
    endloop
  endfacet
  facet normal -1 0 0
    outer loop
      vertex 7.3 3.79999 35.31
      vertex 7.3 3.6 37.61
      vertex 7.3 4.99999 37.61
    endloop
  endfacet
  facet normal 0 0 -1
    outer loop
      vertex 135.36 3.6 35.31
      vertex 138.82 3.79999 35.31
      vertex 138.82 3.6 35.31
    endloop
  endfacet
  facet normal -0 0 -1
    outer loop
      vertex 138.82 3.79999 35.31
      vertex 135.36 3.6 35.31
      vertex 135.36 3.79999 35.31
    endloop
  endfacet
  facet normal -1 0 0
    outer loop
      vertex 135.36 3.6 37.61
      vertex 135.36 3.79999 35.31
      vertex 135.36 3.6 35.31
    endloop
  endfacet
  facet normal -1 0 0
    outer loop
      vertex 135.36 3.79999 35.31
      vertex 135.36 3.6 37.61
      vertex 135.36 4.99999 37.61
    endloop
  endfacet
  facet normal 0 -1 0
    outer loop
      vertex 135.36 3.6 35.31
      vertex 138.82 3.6 37.61
      vertex 135.36 3.6 37.61
    endloop
  endfacet
  facet normal 0 -1 -0
    outer loop
      vertex 138.82 3.6 37.61
      vertex 135.36 3.6 35.31
      vertex 138.82 3.6 35.31
    endloop
  endfacet
  facet normal 0 0.886585 -0.462566
    outer loop
      vertex 138.82 3.79999 35.31
      vertex 135.36 4.99999 37.61
      vertex 138.82 4.99999 37.61
    endloop
  endfacet
  facet normal 0 0.886585 -0.462566
    outer loop
      vertex 135.36 4.99999 37.61
      vertex 138.82 3.79999 35.31
      vertex 135.36 3.79999 35.31
    endloop
  endfacet
  facet normal 1 -0 0
    outer loop
      vertex 138.82 3.6 37.61
      vertex 138.82 3.79999 35.31
      vertex 138.82 4.99999 37.61
    endloop
  endfacet
  facet normal 1 0 0
    outer loop
      vertex 138.82 3.79999 35.31
      vertex 138.82 3.6 37.61
      vertex 138.82 3.6 35.31
    endloop
  endfacet
  facet normal 1 -0 0
    outer loop
      vertex 10.76 3.6 73.78
      vertex 10.76 3.79999 71.48
      vertex 10.76 4.99999 73.78
    endloop
  endfacet
  facet normal 1 0 0
    outer loop
      vertex 10.76 3.79999 71.48
      vertex 10.76 3.6 73.78
      vertex 10.76 3.6 71.48
    endloop
  endfacet
  facet normal 0 0.886585 -0.462566
    outer loop
      vertex 10.76 3.79999 71.48
      vertex 7.3 4.99999 73.78
      vertex 10.76 4.99999 73.78
    endloop
  endfacet
  facet normal 0 0.886585 -0.462566
    outer loop
      vertex 7.3 4.99999 73.78
      vertex 10.76 3.79999 71.48
      vertex 7.3 3.79999 71.48
    endloop
  endfacet
  facet normal 0 0 -1
    outer loop
      vertex 7.3 3.6 71.48
      vertex 10.76 3.79999 71.48
      vertex 10.76 3.6 71.48
    endloop
  endfacet
  facet normal -0 0 -1
    outer loop
      vertex 10.76 3.79999 71.48
      vertex 7.3 3.6 71.48
      vertex 7.3 3.79999 71.48
    endloop
  endfacet
  facet normal -1 0 0
    outer loop
      vertex 7.3 3.6 73.78
      vertex 7.3 3.79999 71.48
      vertex 7.3 3.6 71.48
    endloop
  endfacet
  facet normal -1 0 0
    outer loop
      vertex 7.3 3.79999 71.48
      vertex 7.3 3.6 73.78
      vertex 7.3 4.99999 73.78
    endloop
  endfacet
  facet normal 0 -1 0
    outer loop
      vertex 7.3 3.6 71.48
      vertex 10.76 3.6 73.78
      vertex 7.3 3.6 73.78
    endloop
  endfacet
  facet normal 0 -1 -0
    outer loop
      vertex 10.76 3.6 73.78
      vertex 7.3 3.6 71.48
      vertex 10.76 3.6 71.48
    endloop
  endfacet
  facet normal 0 0 -1
    outer loop
      vertex 135.36 3.6 71.48
      vertex 138.82 3.79999 71.48
      vertex 138.82 3.6 71.48
    endloop
  endfacet
  facet normal -0 0 -1
    outer loop
      vertex 138.82 3.79999 71.48
      vertex 135.36 3.6 71.48
      vertex 135.36 3.79999 71.48
    endloop
  endfacet
  facet normal -1 0 0
    outer loop
      vertex 135.36 3.6 73.78
      vertex 135.36 3.79999 71.48
      vertex 135.36 3.6 71.48
    endloop
  endfacet
  facet normal -1 0 0
    outer loop
      vertex 135.36 3.79999 71.48
      vertex 135.36 3.6 73.78
      vertex 135.36 4.99999 73.78
    endloop
  endfacet
  facet normal 0 -1 0
    outer loop
      vertex 135.36 3.6 71.48
      vertex 138.82 3.6 73.78
      vertex 135.36 3.6 73.78
    endloop
  endfacet
  facet normal 0 -1 -0
    outer loop
      vertex 138.82 3.6 73.78
      vertex 135.36 3.6 71.48
      vertex 138.82 3.6 71.48
    endloop
  endfacet
  facet normal 0 0.886585 -0.462566
    outer loop
      vertex 138.82 3.79999 71.48
      vertex 135.36 4.99999 73.78
      vertex 138.82 4.99999 73.78
    endloop
  endfacet
  facet normal 0 0.886585 -0.462566
    outer loop
      vertex 135.36 4.99999 73.78
      vertex 138.82 3.79999 71.48
      vertex 135.36 3.79999 71.48
    endloop
  endfacet
  facet normal 1 -0 0
    outer loop
      vertex 138.82 3.6 73.78
      vertex 138.82 3.79999 71.48
      vertex 138.82 4.99999 73.78
    endloop
  endfacet
  facet normal 1 0 0
    outer loop
      vertex 138.82 3.79999 71.48
      vertex 138.82 3.6 73.78
      vertex 138.82 3.6 71.48
    endloop
  endfacet
  facet normal -0 0.707107 0.707107
    outer loop
      vertex 3.4 33.96 76.18
      vertex 142.72 5.4 104.74
      vertex 142.72 33.96 76.18
    endloop
  endfacet
  facet normal 0 0.707107 0.707107
    outer loop
      vertex 142.72 5.4 104.74
      vertex 3.4 33.96 76.18
      vertex 3.4 5.4 104.74
    endloop
  endfacet
endsolid OpenSCAD_Model
