solid OpenSCAD_Model
  facet normal 0 0 -1
    outer loop
      vertex 5.07346 -3.99379 0.2
      vertex 4.1819 -1.80221 0.2
      vertex 5.82292 -3.99379 0.2
    endloop
  endfacet
  facet normal 0 -0 -1
    outer loop
      vertex 4.1819 -1.80221 0.2
      vertex 5.07346 -3.99379 0.2
      vertex 3.77344 -2.2391 0.2
    endloop
  endfacet
  facet normal 0 0 -1
    outer loop
      vertex 4.1819 -1.80221 0.2
      vertex 4.99174 -0.150526 0.2
      vertex 5.74126 -0.150526 0.2
    endloop
  endfacet
  facet normal 0 0 -1
    outer loop
      vertex 3.30453 -2.01529 0.2
      vertex 4.1819 -1.80221 0.2
      vertex 3.77344 -2.2391 0.2
    endloop
  endfacet
  facet normal 0 0 -1
    outer loop
      vertex 3.30453 -2.01529 0.2
      vertex 3.77344 -2.2391 0.2
      vertex 3.30453 -2.62625 0.2
    endloop
  endfacet
  facet normal -0 0 -1
    outer loop
      vertex 4.1819 -1.80221 0.2
      vertex 3.30453 -2.01529 0.2
      vertex 4.99174 -0.150526 0.2
    endloop
  endfacet
  facet normal 0 0 -1
    outer loop
      vertex 2.66519 -3.99379 0.2
      vertex 3.30453 -2.62625 0.2
      vertex 3.30453 -3.99379 0.2
    endloop
  endfacet
  facet normal -0 0 -1
    outer loop
      vertex 3.30453 -2.62625 0.2
      vertex 2.66519 -3.99379 0.2
      vertex 3.30453 -2.01529 0.2
    endloop
  endfacet
  facet normal 0 0 -1
    outer loop
      vertex 2.66519 1.27741 0.2
      vertex 3.30453 -2.01529 0.2
      vertex 2.66519 -3.99379 0.2
    endloop
  endfacet
  facet normal 0 0 -1
    outer loop
      vertex 3.30453 -2.01529 0.2
      vertex 2.66519 1.27741 0.2
      vertex 3.30453 1.27741 0.2
    endloop
  endfacet
  facet normal -0 0 -1
    outer loop
      vertex 1.98541 -1.48961 0.2
      vertex 1.32492 -1.88573 0.2
      vertex 1.33543 -1.48961 0.2
    endloop
  endfacet
  facet normal 0 0 -1
    outer loop
      vertex 1.54318 -3.40414 0.2
      vertex 1.29338 -2.23866 0.2
      vertex 1.32492 -1.88573 0.2
    endloop
  endfacet
  facet normal 0 0 -1
    outer loop
      vertex 1.54318 -3.40414 0.2
      vertex 1.24081 -2.5484 0.2
      vertex 1.29338 -2.23866 0.2
    endloop
  endfacet
  facet normal 0 0 -1
    outer loop
      vertex 1.54318 -3.40414 0.2
      vertex 1.16722 -2.81495 0.2
      vertex 1.24081 -2.5484 0.2
    endloop
  endfacet
  facet normal 0 0 -1
    outer loop
      vertex 0.814011 -3.36111 0.2
      vertex 1.34946 -3.64198 0.2
      vertex 1.12207 -3.82698 0.2
    endloop
  endfacet
  facet normal 0 0 -1
    outer loop
      vertex 1.54318 -3.40414 0.2
      vertex 1.0726 -3.03833 0.2
      vertex 1.16722 -2.81495 0.2
    endloop
  endfacet
  facet normal 0 0 -1
    outer loop
      vertex 1.54318 -3.40414 0.2
      vertex 0.955383 -3.21989 0.2
      vertex 1.0726 -3.03833 0.2
    endloop
  endfacet
  facet normal 0 0 -1
    outer loop
      vertex 0.648468 -3.46199 0.2
      vertex 1.12207 -3.82698 0.2
      vertex 0.861008 -3.9591 0.2
    endloop
  endfacet
  facet normal 0 0 -1
    outer loop
      vertex 1.34946 -3.64198 0.2
      vertex 0.814011 -3.36111 0.2
      vertex 0.955383 -3.21989 0.2
    endloop
  endfacet
  facet normal 0 0 -1
    outer loop
      vertex 1.12207 -3.82698 0.2
      vertex 0.648468 -3.46199 0.2
      vertex 0.814011 -3.36111 0.2
    endloop
  endfacet
  facet normal 0 0 -1
    outer loop
      vertex 0.566269 -4.03839 0.2
      vertex 0.648468 -3.46199 0.2
      vertex 0.861008 -3.9591 0.2
    endloop
  endfacet
  facet normal 0 0 -1
    outer loop
      vertex 0.566269 -4.03839 0.2
      vertex 0.458786 -3.52252 0.2
      vertex 0.648468 -3.46199 0.2
    endloop
  endfacet
  facet normal 0 0 -1
    outer loop
      vertex 0.237869 -4.06482 0.2
      vertex 0.458786 -3.52252 0.2
      vertex 0.566269 -4.03839 0.2
    endloop
  endfacet
  facet normal 0 0 -1
    outer loop
      vertex 0.458786 -3.52252 0.2
      vertex 0.237869 -4.06482 0.2
      vertex 0.244934 -3.54269 0.2
    endloop
  endfacet
  facet normal 0 0 -1
    outer loop
      vertex 0.237869 -4.06482 0.2
      vertex 0.029892 -3.52293 0.2
      vertex 0.244934 -3.54269 0.2
    endloop
  endfacet
  facet normal 0 0 -1
    outer loop
      vertex -0.0901947 -4.03853 0.2
      vertex 0.029892 -3.52293 0.2
      vertex 0.237869 -4.06482 0.2
    endloop
  endfacet
  facet normal 0 0 -1
    outer loop
      vertex -0.0901947 -4.03853 0.2
      vertex -0.160538 -3.4637 0.2
      vertex 0.029892 -3.52293 0.2
    endloop
  endfacet
  facet normal 0 0 -1
    outer loop
      vertex -0.383881 -3.95967 0.2
      vertex -0.160538 -3.4637 0.2
      vertex -0.0901947 -4.03853 0.2
    endloop
  endfacet
  facet normal -0 0 -1
    outer loop
      vertex -0.160538 -3.4637 0.2
      vertex -0.383881 -3.95967 0.2
      vertex -0.326416 -3.36494 0.2
    endloop
  endfacet
  facet normal 0 0 -1
    outer loop
      vertex -0.643188 -3.82826 0.2
      vertex -0.326416 -3.36494 0.2
      vertex -0.383881 -3.95967 0.2
    endloop
  endfacet
  facet normal 0 0 -1
    outer loop
      vertex -0.868103 -3.64427 0.2
      vertex -0.326416 -3.36494 0.2
      vertex -0.643188 -3.82826 0.2
    endloop
  endfacet
  facet normal -0 0 -1
    outer loop
      vertex -0.326416 -3.36494 0.2
      vertex -0.868103 -3.64427 0.2
      vertex -0.467712 -3.2267 0.2
    endloop
  endfacet
  facet normal 0 0 -1
    outer loop
      vertex -1.05862 -3.40771 0.2
      vertex -0.467712 -3.2267 0.2
      vertex -0.868103 -3.64427 0.2
    endloop
  endfacet
  facet normal -0 0 -1
    outer loop
      vertex -0.467712 -3.2267 0.2
      vertex -1.05862 -3.40771 0.2
      vertex -0.584427 -3.04895 0.2
    endloop
  endfacet
  facet normal 0 0 -1
    outer loop
      vertex -1.21463 -3.12071 0.2
      vertex -0.584427 -3.04895 0.2
      vertex -1.05862 -3.40771 0.2
    endloop
  endfacet
  facet normal 0 0 -1
    outer loop
      vertex -0.678421 -2.82858 0.2
      vertex -1.33597 -2.7854 0.2
      vertex -0.751511 -2.56247 0.2
    endloop
  endfacet
  facet normal 0 0 -1
    outer loop
      vertex -1.33597 -2.7854 0.2
      vertex -0.678421 -2.82858 0.2
      vertex -1.21463 -3.12071 0.2
    endloop
  endfacet
  facet normal -0 0 -1
    outer loop
      vertex -0.584427 -3.04895 0.2
      vertex -1.21463 -3.12071 0.2
      vertex -0.678421 -2.82858 0.2
    endloop
  endfacet
  facet normal 0 0 -1
    outer loop
      vertex 1.32492 -1.88573 0.2
      vertex 1.98541 -1.48961 0.2
      vertex 1.96773 -1.96742 0.2
    endloop
  endfacet
  facet normal 0 0 -1
    outer loop
      vertex 1.32542 -1.08014 0.2
      vertex 1.98541 -1.48961 0.2
      vertex 1.33543 -1.48961 0.2
    endloop
  endfacet
  facet normal 0 0 -1
    outer loop
      vertex 1.32492 -1.88573 0.2
      vertex 1.96773 -1.96742 0.2
      vertex 1.91466 -2.39779 0.2
    endloop
  endfacet
  facet normal 0 0 -1
    outer loop
      vertex 1.98541 -1.48961 0.2
      vertex 1.32542 -1.08014 0.2
      vertex 1.96858 -1.00455 0.2
    endloop
  endfacet
  facet normal 0 0 -1
    outer loop
      vertex 1.32492 -1.88573 0.2
      vertex 1.91466 -2.39779 0.2
      vertex 1.82622 -2.7807 0.2
    endloop
  endfacet
  facet normal 0 0 -1
    outer loop
      vertex 1.29536 -0.718397 0.2
      vertex 1.96858 -1.00455 0.2
      vertex 1.32542 -1.08014 0.2
    endloop
  endfacet
  facet normal 0 0 -1
    outer loop
      vertex 1.32492 -1.88573 0.2
      vertex 1.82622 -2.7807 0.2
      vertex 1.70238 -3.11615 0.2
    endloop
  endfacet
  facet normal 0 0 -1
    outer loop
      vertex 1.96858 -1.00455 0.2
      vertex 1.29536 -0.718397 0.2
      vertex 1.91808 -0.569502 0.2
    endloop
  endfacet
  facet normal 0 0 -1
    outer loop
      vertex 1.32492 -1.88573 0.2
      vertex 1.70238 -3.11615 0.2
      vertex 1.54318 -3.40414 0.2
    endloop
  endfacet
  facet normal 0 0 -1
    outer loop
      vertex 1.24529 -0.404402 0.2
      vertex 1.91808 -0.569502 0.2
      vertex 1.29536 -0.718397 0.2
    endloop
  endfacet
  facet normal 0 0 -1
    outer loop
      vertex 0.955383 -3.21989 0.2
      vertex 1.54318 -3.40414 0.2
      vertex 1.34946 -3.64198 0.2
    endloop
  endfacet
  facet normal 0 0 -1
    outer loop
      vertex 1.91808 -0.569502 0.2
      vertex 1.24529 -0.404402 0.2
      vertex 1.83389 -0.184462 0.2
    endloop
  endfacet
  facet normal 0 0 -1
    outer loop
      vertex 1.17516 -0.138151 0.2
      vertex 1.83389 -0.184462 0.2
      vertex 1.24529 -0.404402 0.2
    endloop
  endfacet
  facet normal 0 0 -1
    outer loop
      vertex 1.83389 -0.184462 0.2
      vertex 1.17516 -0.138151 0.2
      vertex 1.71603 0.150559 0.2
    endloop
  endfacet
  facet normal 0 0 -1
    outer loop
      vertex 1.08501 0.080369 0.2
      vertex 1.71603 0.150559 0.2
      vertex 1.17516 -0.138151 0.2
    endloop
  endfacet
  facet normal -0 0 -1
    outer loop
      vertex 1.71603 0.150559 0.2
      vertex 1.08501 0.080369 0.2
      vertex 1.5645 0.435563 0.2
    endloop
  endfacet
  facet normal 0 0 -1
    outer loop
      vertex 0.971832 0.25554 0.2
      vertex 1.5645 0.435563 0.2
      vertex 1.08501 0.080369 0.2
    endloop
  endfacet
  facet normal -0 0 -1
    outer loop
      vertex 1.5645 0.435563 0.2
      vertex 0.971832 0.25554 0.2
      vertex 1.37761 0.669572 0.2
    endloop
  endfacet
  facet normal 0 0 -1
    outer loop
      vertex 0.832672 0.391801 0.2
      vertex 1.37761 0.669572 0.2
      vertex 0.971832 0.25554 0.2
    endloop
  endfacet
  facet normal -0 0 -1
    outer loop
      vertex 1.37761 0.669572 0.2
      vertex 0.832672 0.391801 0.2
      vertex 1.15363 0.851579 0.2
    endloop
  endfacet
  facet normal -0 0 -1
    outer loop
      vertex 1.15363 0.851579 0.2
      vertex 0.832672 0.391801 0.2
      vertex 0.892563 0.981584 0.2
    endloop
  endfacet
  facet normal 0 0 -1
    outer loop
      vertex 0.667511 0.489121 0.2
      vertex 0.892563 0.981584 0.2
      vertex 0.832672 0.391801 0.2
    endloop
  endfacet
  facet normal 0 0 -1
    outer loop
      vertex 0.667511 0.489121 0.2
      vertex 0.594421 1.05959 0.2
      vertex 0.892563 0.981584 0.2
    endloop
  endfacet
  facet normal 0 0 -1
    outer loop
      vertex 0.476349 0.547517 0.2
      vertex 0.594421 1.05959 0.2
      vertex 0.667511 0.489121 0.2
    endloop
  endfacet
  facet normal 0 0 -1
    outer loop
      vertex 0.259186 1.08559 0.2
      vertex 0.476349 0.547517 0.2
      vertex 0.259186 0.566972 0.2
    endloop
  endfacet
  facet normal 0 0 -1
    outer loop
      vertex 0.476349 0.547517 0.2
      vertex 0.259186 1.08559 0.2
      vertex 0.594421 1.05959 0.2
    endloop
  endfacet
  facet normal 0 0 -1
    outer loop
      vertex 0.0366058 0.547791 0.2
      vertex 0.259186 1.08559 0.2
      vertex 0.259186 0.566972 0.2
    endloop
  endfacet
  facet normal 0 0 -1
    outer loop
      vertex 0.0366058 0.547791 0.2
      vertex -0.0849915 1.05988 0.2
      vertex 0.259186 1.08559 0.2
    endloop
  endfacet
  facet normal 0 0 -1
    outer loop
      vertex -0.159378 0.490251 0.2
      vertex -0.0849915 1.05988 0.2
      vertex 0.0366058 0.547791 0.2
    endloop
  endfacet
  facet normal 0 0 -1
    outer loop
      vertex -0.390106 0.982728 0.2
      vertex -0.159378 0.490251 0.2
      vertex -0.328812 0.394349 0.2
    endloop
  endfacet
  facet normal 0 0 -1
    outer loop
      vertex -0.159378 0.490251 0.2
      vertex -0.390106 0.982728 0.2
      vertex -0.0849915 1.05988 0.2
    endloop
  endfacet
  facet normal 0 0 -1
    outer loop
      vertex -0.883133 0.674134 0.2
      vertex -0.328812 0.394349 0.2
      vertex -0.471695 0.260072 0.2
    endloop
  endfacet
  facet normal 0 0 -1
    outer loop
      vertex -1.07104 0.442674 0.2
      vertex -0.471695 0.260072 0.2
      vertex -0.587997 0.0874338 0.2
    endloop
  endfacet
  facet normal 0 0 -1
    outer loop
      vertex -0.328812 0.394349 0.2
      vertex -0.656158 0.854142 0.2
      vertex -0.390106 0.982728 0.2
    endloop
  endfacet
  facet normal 0 0 -1
    outer loop
      vertex -1.22258 0.159654 0.2
      vertex -0.587997 0.0874338 0.2
      vertex -0.680695 -0.129072 0.2
    endloop
  endfacet
  facet normal 0 0 -1
    outer loop
      vertex -1.34044 -0.175077 0.2
      vertex -0.680695 -0.129072 0.2
      vertex -0.752792 -0.395048 0.2
    endloop
  endfacet
  facet normal 0 0 -1
    outer loop
      vertex -1.42462 -0.561552 0.2
      vertex -0.752792 -0.395048 0.2
      vertex -0.804291 -0.710447 0.2
    endloop
  endfacet
  facet normal 0 0 -1
    outer loop
      vertex -0.328812 0.394349 0.2
      vertex -0.883133 0.674134 0.2
      vertex -0.656158 0.854142 0.2
    endloop
  endfacet
  facet normal 0 0 -1
    outer loop
      vertex -1.47513 -0.999723 0.2
      vertex -0.804291 -0.710447 0.2
      vertex -0.83519 -1.07532 0.2
    endloop
  endfacet
  facet normal 0 0 -1
    outer loop
      vertex -1.49197 -1.48961 0.2
      vertex -0.83519 -1.07532 0.2
      vertex -0.84549 -1.48961 0.2
    endloop
  endfacet
  facet normal 0 0 -1
    outer loop
      vertex -1.42264 -2.40178 0.2
      vertex -0.751511 -2.56247 0.2
      vertex -1.33597 -2.7854 0.2
    endloop
  endfacet
  facet normal 0 0 -1
    outer loop
      vertex -0.751511 -2.56247 0.2
      vertex -1.42264 -2.40178 0.2
      vertex -0.803726 -2.25059 0.2
    endloop
  endfacet
  facet normal -0 0 -1
    outer loop
      vertex -0.83519 -1.07532 0.2
      vertex -1.49197 -1.48961 0.2
      vertex -1.47513 -0.999723 0.2
    endloop
  endfacet
  facet normal 0 0 -1
    outer loop
      vertex -1.47464 -1.96985 0.2
      vertex -0.803726 -2.25059 0.2
      vertex -1.42264 -2.40178 0.2
    endloop
  endfacet
  facet normal -0 0 -1
    outer loop
      vertex -0.804291 -0.710447 0.2
      vertex -1.47513 -0.999723 0.2
      vertex -1.42462 -0.561552 0.2
    endloop
  endfacet
  facet normal 0 0 -1
    outer loop
      vertex -0.803726 -2.25059 0.2
      vertex -1.47464 -1.96985 0.2
      vertex -0.835052 -1.89297 0.2
    endloop
  endfacet
  facet normal -0 0 -1
    outer loop
      vertex -0.752792 -0.395048 0.2
      vertex -1.42462 -0.561552 0.2
      vertex -1.34044 -0.175077 0.2
    endloop
  endfacet
  facet normal 0 0 -1
    outer loop
      vertex -1.49197 -1.48961 0.2
      vertex -0.835052 -1.89297 0.2
      vertex -1.47464 -1.96985 0.2
    endloop
  endfacet
  facet normal 0 0 -1
    outer loop
      vertex -0.835052 -1.89297 0.2
      vertex -1.49197 -1.48961 0.2
      vertex -0.84549 -1.48961 0.2
    endloop
  endfacet
  facet normal -0 0 -1
    outer loop
      vertex -0.680695 -0.129072 0.2
      vertex -1.34044 -0.175077 0.2
      vertex -1.22258 0.159654 0.2
    endloop
  endfacet
  facet normal 0 0 -1
    outer loop
      vertex -0.471695 0.260072 0.2
      vertex -1.07104 0.442674 0.2
      vertex -0.883133 0.674134 0.2
    endloop
  endfacet
  facet normal 0 0 -1
    outer loop
      vertex -0.587997 0.0874338 0.2
      vertex -1.22258 0.159654 0.2
      vertex -1.07104 0.442674 0.2
    endloop
  endfacet
  facet normal 0 0 -1
    outer loop
      vertex -2.03676 -3.99379 0.2
      vertex -3.25507 -3.45035 0.2
      vertex -2.03676 -3.45035 0.2
    endloop
  endfacet
  facet normal 0 0 -1
    outer loop
      vertex -3.89803 0.400041 0.2
      vertex -3.25507 1.011 0.2
      vertex -3.25507 -3.45035 0.2
    endloop
  endfacet
  facet normal 0 0 -1
    outer loop
      vertex -3.89803 0.400041 0.2
      vertex -3.25507 -3.45035 0.2
      vertex -3.89803 -3.45035 0.2
    endloop
  endfacet
  facet normal 0 0 -1
    outer loop
      vertex -2.03676 -3.99379 0.2
      vertex -3.89803 -3.45035 0.2
      vertex -3.25507 -3.45035 0.2
    endloop
  endfacet
  facet normal 0 0 -1
    outer loop
      vertex -5.17316 -3.99379 0.2
      vertex -3.89803 -3.45035 0.2
      vertex -2.03676 -3.99379 0.2
    endloop
  endfacet
  facet normal -0 0 -1
    outer loop
      vertex -3.89803 -3.45035 0.2
      vertex -5.17316 -3.99379 0.2
      vertex -5.17316 -3.45035 0.2
    endloop
  endfacet
  facet normal -0 0 -1
    outer loop
      vertex -3.25507 1.011 0.2
      vertex -3.89803 0.400041 0.2
      vertex -3.8447 1.011 0.2
    endloop
  endfacet
  facet normal 0 0 -1
    outer loop
      vertex -5.02754 0.197587 0.2
      vertex -3.89803 0.400041 0.2
      vertex -5.02754 -0.406248 0.2
    endloop
  endfacet
  facet normal -0 0 -1
    outer loop
      vertex -3.89803 0.400041 0.2
      vertex -5.02754 0.197587 0.2
      vertex -3.8447 1.011 0.2
    endloop
  endfacet
  facet normal -0 0 1
    outer loop
      vertex 2.66519 1.27741 0.599999
      vertex 3.30453 -2.01529 0.599999
      vertex 3.30453 1.27741 0.599999
    endloop
  endfacet
  facet normal 0 0 1
    outer loop
      vertex 2.66519 -3.99379 0.599999
      vertex 3.30453 -2.01529 0.599999
      vertex 2.66519 1.27741 0.599999
    endloop
  endfacet
  facet normal 0 0 1
    outer loop
      vertex 3.30453 -2.01529 0.599999
      vertex 2.66519 -3.99379 0.599999
      vertex 3.30453 -2.62625 0.599999
    endloop
  endfacet
  facet normal 0 0 1
    outer loop
      vertex 3.30453 -2.62625 0.599999
      vertex 2.66519 -3.99379 0.599999
      vertex 3.30453 -3.99379 0.599999
    endloop
  endfacet
  facet normal -0 0 1
    outer loop
      vertex 4.99174 -0.150526 0.599999
      vertex 4.1819 -1.80221 0.599999
      vertex 5.74126 -0.150526 0.599999
    endloop
  endfacet
  facet normal 0 0 1
    outer loop
      vertex 3.30453 -2.01529 0.599999
      vertex 4.1819 -1.80221 0.599999
      vertex 4.99174 -0.150526 0.599999
    endloop
  endfacet
  facet normal 0 0 1
    outer loop
      vertex 4.1819 -1.80221 0.599999
      vertex 3.30453 -2.01529 0.599999
      vertex 3.77344 -2.2391 0.599999
    endloop
  endfacet
  facet normal 0 0 1
    outer loop
      vertex 3.77344 -2.2391 0.599999
      vertex 3.30453 -2.01529 0.599999
      vertex 3.30453 -2.62625 0.599999
    endloop
  endfacet
  facet normal 0 0 1
    outer loop
      vertex 4.1819 -1.80221 0.599999
      vertex 5.07346 -3.99379 0.599999
      vertex 5.82292 -3.99379 0.599999
    endloop
  endfacet
  facet normal 0 0 1
    outer loop
      vertex 5.07346 -3.99379 0.599999
      vertex 4.1819 -1.80221 0.599999
      vertex 3.77344 -2.2391 0.599999
    endloop
  endfacet
  facet normal -0 0 1
    outer loop
      vertex 1.32542 -1.08014 0.599999
      vertex 1.98541 -1.48961 0.599999
      vertex 1.96858 -1.00455 0.599999
    endloop
  endfacet
  facet normal -0 0 1
    outer loop
      vertex 1.29536 -0.718397 0.599999
      vertex 1.96858 -1.00455 0.599999
      vertex 1.91808 -0.569502 0.599999
    endloop
  endfacet
  facet normal 0 0 1
    outer loop
      vertex 1.32492 -1.88573 0.599999
      vertex 1.98541 -1.48961 0.599999
      vertex 1.33543 -1.48961 0.599999
    endloop
  endfacet
  facet normal -0 0 1
    outer loop
      vertex 1.24529 -0.404402 0.599999
      vertex 1.91808 -0.569502 0.599999
      vertex 1.83389 -0.184462 0.599999
    endloop
  endfacet
  facet normal 0 0 1
    outer loop
      vertex 1.98541 -1.48961 0.599999
      vertex 1.32492 -1.88573 0.599999
      vertex 1.96773 -1.96742 0.599999
    endloop
  endfacet
  facet normal -0 0 1
    outer loop
      vertex 1.17516 -0.138151 0.599999
      vertex 1.83389 -0.184462 0.599999
      vertex 1.71603 0.150559 0.599999
    endloop
  endfacet
  facet normal 0 0 1
    outer loop
      vertex 1.29338 -2.23866 0.599999
      vertex 1.96773 -1.96742 0.599999
      vertex 1.32492 -1.88573 0.599999
    endloop
  endfacet
  facet normal 0 0 1
    outer loop
      vertex 1.08501 0.080369 0.599999
      vertex 1.71603 0.150559 0.599999
      vertex 1.5645 0.435563 0.599999
    endloop
  endfacet
  facet normal 0 0 1
    outer loop
      vertex 1.96773 -1.96742 0.599999
      vertex 1.29338 -2.23866 0.599999
      vertex 1.91466 -2.39779 0.599999
    endloop
  endfacet
  facet normal 0 0 1
    outer loop
      vertex 0.971832 0.25554 0.599999
      vertex 1.5645 0.435563 0.599999
      vertex 1.37761 0.669572 0.599999
    endloop
  endfacet
  facet normal 0 0 1
    outer loop
      vertex 1.98541 -1.48961 0.599999
      vertex 1.32542 -1.08014 0.599999
      vertex 1.33543 -1.48961 0.599999
    endloop
  endfacet
  facet normal 0 0 1
    outer loop
      vertex 1.91466 -2.39779 0.599999
      vertex 1.24081 -2.5484 0.599999
      vertex 1.82622 -2.7807 0.599999
    endloop
  endfacet
  facet normal 0 0 1
    outer loop
      vertex 1.24081 -2.5484 0.599999
      vertex 1.91466 -2.39779 0.599999
      vertex 1.29338 -2.23866 0.599999
    endloop
  endfacet
  facet normal 0 0 1
    outer loop
      vertex 1.96858 -1.00455 0.599999
      vertex 1.29536 -0.718397 0.599999
      vertex 1.32542 -1.08014 0.599999
    endloop
  endfacet
  facet normal 0 0 1
    outer loop
      vertex 1.91808 -0.569502 0.599999
      vertex 1.24529 -0.404402 0.599999
      vertex 1.29536 -0.718397 0.599999
    endloop
  endfacet
  facet normal 0 0 1
    outer loop
      vertex 1.83389 -0.184462 0.599999
      vertex 1.17516 -0.138151 0.599999
      vertex 1.24529 -0.404402 0.599999
    endloop
  endfacet
  facet normal 0 0 1
    outer loop
      vertex 0.832672 0.391801 0.599999
      vertex 1.37761 0.669572 0.599999
      vertex 1.15363 0.851579 0.599999
    endloop
  endfacet
  facet normal 0 0 1
    outer loop
      vertex 1.71603 0.150559 0.599999
      vertex 1.08501 0.080369 0.599999
      vertex 1.17516 -0.138151 0.599999
    endloop
  endfacet
  facet normal 0 0 1
    outer loop
      vertex 1.5645 0.435563 0.599999
      vertex 0.971832 0.25554 0.599999
      vertex 1.08501 0.080369 0.599999
    endloop
  endfacet
  facet normal 0 0 1
    outer loop
      vertex 0.832672 0.391801 0.599999
      vertex 1.15363 0.851579 0.599999
      vertex 0.892563 0.981584 0.599999
    endloop
  endfacet
  facet normal 0 0 1
    outer loop
      vertex 1.37761 0.669572 0.599999
      vertex 0.832672 0.391801 0.599999
      vertex 0.971832 0.25554 0.599999
    endloop
  endfacet
  facet normal 0 0 1
    outer loop
      vertex 0.892563 0.981584 0.599999
      vertex 0.667511 0.489121 0.599999
      vertex 0.832672 0.391801 0.599999
    endloop
  endfacet
  facet normal 0 0 1
    outer loop
      vertex 0.594421 1.05959 0.599999
      vertex 0.667511 0.489121 0.599999
      vertex 0.892563 0.981584 0.599999
    endloop
  endfacet
  facet normal 0 0 1
    outer loop
      vertex 0.594421 1.05959 0.599999
      vertex 0.476349 0.547517 0.599999
      vertex 0.667511 0.489121 0.599999
    endloop
  endfacet
  facet normal 0 0 1
    outer loop
      vertex 0.259186 1.08559 0.599999
      vertex 0.476349 0.547517 0.599999
      vertex 0.594421 1.05959 0.599999
    endloop
  endfacet
  facet normal 0 0 1
    outer loop
      vertex 0.259186 1.08559 0.599999
      vertex 0.259186 0.566972 0.599999
      vertex 0.476349 0.547517 0.599999
    endloop
  endfacet
  facet normal 0 0 1
    outer loop
      vertex 0.259186 1.08559 0.599999
      vertex 0.0366058 0.547791 0.599999
      vertex 0.259186 0.566972 0.599999
    endloop
  endfacet
  facet normal -0 0 1
    outer loop
      vertex -0.0849915 1.05988 0.599999
      vertex 0.0366058 0.547791 0.599999
      vertex 0.259186 1.08559 0.599999
    endloop
  endfacet
  facet normal 0 0 1
    outer loop
      vertex -0.0849915 1.05988 0.599999
      vertex -0.159378 0.490251 0.599999
      vertex 0.0366058 0.547791 0.599999
    endloop
  endfacet
  facet normal -0 0 1
    outer loop
      vertex -0.390106 0.982728 0.599999
      vertex -0.159378 0.490251 0.599999
      vertex -0.0849915 1.05988 0.599999
    endloop
  endfacet
  facet normal 0 0 1
    outer loop
      vertex -0.159378 0.490251 0.599999
      vertex -0.390106 0.982728 0.599999
      vertex -0.328812 0.394349 0.599999
    endloop
  endfacet
  facet normal -0 0 1
    outer loop
      vertex -0.656158 0.854142 0.599999
      vertex -0.328812 0.394349 0.599999
      vertex -0.390106 0.982728 0.599999
    endloop
  endfacet
  facet normal -0 0 1
    outer loop
      vertex -0.883133 0.674134 0.599999
      vertex -0.328812 0.394349 0.599999
      vertex -0.656158 0.854142 0.599999
    endloop
  endfacet
  facet normal 0 0 1
    outer loop
      vertex -0.328812 0.394349 0.599999
      vertex -0.883133 0.674134 0.599999
      vertex -0.471695 0.260072 0.599999
    endloop
  endfacet
  facet normal -0 0 1
    outer loop
      vertex -1.07104 0.442674 0.599999
      vertex -0.471695 0.260072 0.599999
      vertex -0.883133 0.674134 0.599999
    endloop
  endfacet
  facet normal 0 0 1
    outer loop
      vertex -0.471695 0.260072 0.599999
      vertex -1.07104 0.442674 0.599999
      vertex -0.587997 0.0874338 0.599999
    endloop
  endfacet
  facet normal -0 0 1
    outer loop
      vertex -1.22258 0.159654 0.599999
      vertex -0.587997 0.0874338 0.599999
      vertex -1.07104 0.442674 0.599999
    endloop
  endfacet
  facet normal 0 0 1
    outer loop
      vertex -0.587997 0.0874338 0.599999
      vertex -1.22258 0.159654 0.599999
      vertex -0.680695 -0.129072 0.599999
    endloop
  endfacet
  facet normal 0 0 1
    outer loop
      vertex -1.34044 -0.175077 0.599999
      vertex -0.680695 -0.129072 0.599999
      vertex -1.22258 0.159654 0.599999
    endloop
  endfacet
  facet normal 0 0 1
    outer loop
      vertex -0.680695 -0.129072 0.599999
      vertex -1.34044 -0.175077 0.599999
      vertex -0.752792 -0.395048 0.599999
    endloop
  endfacet
  facet normal 0 0 1
    outer loop
      vertex -1.42462 -0.561552 0.599999
      vertex -0.752792 -0.395048 0.599999
      vertex -1.34044 -0.175077 0.599999
    endloop
  endfacet
  facet normal 0 -0 1
    outer loop
      vertex -1.47464 -1.96985 0.599999
      vertex -0.84549 -1.48961 0.599999
      vertex -1.49197 -1.48961 0.599999
    endloop
  endfacet
  facet normal 0 0 1
    outer loop
      vertex -0.752792 -0.395048 0.599999
      vertex -1.42462 -0.561552 0.599999
      vertex -0.804291 -0.710447 0.599999
    endloop
  endfacet
  facet normal 0 -0 1
    outer loop
      vertex -1.42264 -2.40178 0.599999
      vertex -0.84549 -1.48961 0.599999
      vertex -1.47464 -1.96985 0.599999
    endloop
  endfacet
  facet normal 0 0 1
    outer loop
      vertex -1.47513 -0.999723 0.599999
      vertex -0.804291 -0.710447 0.599999
      vertex -1.42462 -0.561552 0.599999
    endloop
  endfacet
  facet normal 0 -0 1
    outer loop
      vertex -1.33597 -2.7854 0.599999
      vertex -0.84549 -1.48961 0.599999
      vertex -1.42264 -2.40178 0.599999
    endloop
  endfacet
  facet normal 0 0 1
    outer loop
      vertex -0.804291 -0.710447 0.599999
      vertex -1.47513 -0.999723 0.599999
      vertex -0.83519 -1.07532 0.599999
    endloop
  endfacet
  facet normal 0 -0 1
    outer loop
      vertex -1.21463 -3.12071 0.599999
      vertex -0.84549 -1.48961 0.599999
      vertex -1.33597 -2.7854 0.599999
    endloop
  endfacet
  facet normal 0 0 1
    outer loop
      vertex -1.49197 -1.48961 0.599999
      vertex -0.83519 -1.07532 0.599999
      vertex -1.47513 -0.999723 0.599999
    endloop
  endfacet
  facet normal 0 0 1
    outer loop
      vertex -0.84549 -1.48961 0.599999
      vertex -1.05862 -3.40771 0.599999
      vertex -0.868103 -3.64427 0.599999
    endloop
  endfacet
  facet normal 0 0 1
    outer loop
      vertex -0.83519 -1.07532 0.599999
      vertex -1.49197 -1.48961 0.599999
      vertex -0.84549 -1.48961 0.599999
    endloop
  endfacet
  facet normal 0 -0 1
    outer loop
      vertex -1.05862 -3.40771 0.599999
      vertex -0.84549 -1.48961 0.599999
      vertex -1.21463 -3.12071 0.599999
    endloop
  endfacet
  facet normal 0 0 1
    outer loop
      vertex 1.16722 -2.81495 0.599999
      vertex 1.82622 -2.7807 0.599999
      vertex 1.24081 -2.5484 0.599999
    endloop
  endfacet
  facet normal 0 0 1
    outer loop
      vertex 1.82622 -2.7807 0.599999
      vertex 1.16722 -2.81495 0.599999
      vertex 1.70238 -3.11615 0.599999
    endloop
  endfacet
  facet normal -0 0 1
    outer loop
      vertex 1.0726 -3.03833 0.599999
      vertex 1.70238 -3.11615 0.599999
      vertex 1.16722 -2.81495 0.599999
    endloop
  endfacet
  facet normal 0 0 1
    outer loop
      vertex 1.70238 -3.11615 0.599999
      vertex 1.0726 -3.03833 0.599999
      vertex 1.54318 -3.40414 0.599999
    endloop
  endfacet
  facet normal -0 0 1
    outer loop
      vertex 0.955383 -3.21989 0.599999
      vertex 1.54318 -3.40414 0.599999
      vertex 1.0726 -3.03833 0.599999
    endloop
  endfacet
  facet normal 0 0 1
    outer loop
      vertex 1.54318 -3.40414 0.599999
      vertex 0.955383 -3.21989 0.599999
      vertex 1.34946 -3.64198 0.599999
    endloop
  endfacet
  facet normal -0 0 1
    outer loop
      vertex 0.814011 -3.36111 0.599999
      vertex 1.34946 -3.64198 0.599999
      vertex 0.955383 -3.21989 0.599999
    endloop
  endfacet
  facet normal 0 0 1
    outer loop
      vertex 1.34946 -3.64198 0.599999
      vertex 0.814011 -3.36111 0.599999
      vertex 1.12207 -3.82698 0.599999
    endloop
  endfacet
  facet normal -0 0 1
    outer loop
      vertex 0.648468 -3.46199 0.599999
      vertex 1.12207 -3.82698 0.599999
      vertex 0.814011 -3.36111 0.599999
    endloop
  endfacet
  facet normal 0 0 1
    outer loop
      vertex 1.12207 -3.82698 0.599999
      vertex 0.648468 -3.46199 0.599999
      vertex 0.861008 -3.9591 0.599999
    endloop
  endfacet
  facet normal 0 0 1
    outer loop
      vertex 0.648468 -3.46199 0.599999
      vertex 0.566269 -4.03839 0.599999
      vertex 0.861008 -3.9591 0.599999
    endloop
  endfacet
  facet normal -0 0 1
    outer loop
      vertex 0.458786 -3.52252 0.599999
      vertex 0.566269 -4.03839 0.599999
      vertex 0.648468 -3.46199 0.599999
    endloop
  endfacet
  facet normal 0 0 1
    outer loop
      vertex 0.237869 -4.06482 0.599999
      vertex 0.458786 -3.52252 0.599999
      vertex 0.244934 -3.54269 0.599999
    endloop
  endfacet
  facet normal 0 0 1
    outer loop
      vertex 0.458786 -3.52252 0.599999
      vertex 0.237869 -4.06482 0.599999
      vertex 0.566269 -4.03839 0.599999
    endloop
  endfacet
  facet normal 0 0 1
    outer loop
      vertex 0.029892 -3.52293 0.599999
      vertex 0.237869 -4.06482 0.599999
      vertex 0.244934 -3.54269 0.599999
    endloop
  endfacet
  facet normal 0 0 1
    outer loop
      vertex 0.029892 -3.52293 0.599999
      vertex -0.0901947 -4.03853 0.599999
      vertex 0.237869 -4.06482 0.599999
    endloop
  endfacet
  facet normal 0 0 1
    outer loop
      vertex -0.160538 -3.4637 0.599999
      vertex -0.0901947 -4.03853 0.599999
      vertex 0.029892 -3.52293 0.599999
    endloop
  endfacet
  facet normal 0 0 1
    outer loop
      vertex -0.383881 -3.95967 0.599999
      vertex -0.160538 -3.4637 0.599999
      vertex -0.326416 -3.36494 0.599999
    endloop
  endfacet
  facet normal 0 0 1
    outer loop
      vertex -0.160538 -3.4637 0.599999
      vertex -0.383881 -3.95967 0.599999
      vertex -0.0901947 -4.03853 0.599999
    endloop
  endfacet
  facet normal 0 0 1
    outer loop
      vertex -0.868103 -3.64427 0.599999
      vertex -0.326416 -3.36494 0.599999
      vertex -0.467712 -3.2267 0.599999
    endloop
  endfacet
  facet normal 0 0 1
    outer loop
      vertex -0.868103 -3.64427 0.599999
      vertex -0.467712 -3.2267 0.599999
      vertex -0.584427 -3.04895 0.599999
    endloop
  endfacet
  facet normal 0 0 1
    outer loop
      vertex -0.326416 -3.36494 0.599999
      vertex -0.643188 -3.82826 0.599999
      vertex -0.383881 -3.95967 0.599999
    endloop
  endfacet
  facet normal 0 0 1
    outer loop
      vertex -0.868103 -3.64427 0.599999
      vertex -0.584427 -3.04895 0.599999
      vertex -0.678421 -2.82858 0.599999
    endloop
  endfacet
  facet normal 0 0 1
    outer loop
      vertex -0.868103 -3.64427 0.599999
      vertex -0.678421 -2.82858 0.599999
      vertex -0.751511 -2.56247 0.599999
    endloop
  endfacet
  facet normal 0 0 1
    outer loop
      vertex -0.868103 -3.64427 0.599999
      vertex -0.751511 -2.56247 0.599999
      vertex -0.803726 -2.25059 0.599999
    endloop
  endfacet
  facet normal 0 0 1
    outer loop
      vertex -0.326416 -3.36494 0.599999
      vertex -0.868103 -3.64427 0.599999
      vertex -0.643188 -3.82826 0.599999
    endloop
  endfacet
  facet normal 0 0 1
    outer loop
      vertex -0.835052 -1.89297 0.599999
      vertex -0.868103 -3.64427 0.599999
      vertex -0.803726 -2.25059 0.599999
    endloop
  endfacet
  facet normal 0 0 1
    outer loop
      vertex -0.868103 -3.64427 0.599999
      vertex -0.835052 -1.89297 0.599999
      vertex -0.84549 -1.48961 0.599999
    endloop
  endfacet
  facet normal 0 0 1
    outer loop
      vertex -3.89803 0.400041 0.599999
      vertex -3.25507 1.011 0.599999
      vertex -3.8447 1.011 0.599999
    endloop
  endfacet
  facet normal -0 0 1
    outer loop
      vertex -3.25507 -3.45035 0.599999
      vertex -2.03676 -3.99379 0.599999
      vertex -2.03676 -3.45035 0.599999
    endloop
  endfacet
  facet normal 0 0 1
    outer loop
      vertex -3.25507 1.011 0.599999
      vertex -3.89803 0.400041 0.599999
      vertex -3.25507 -3.45035 0.599999
    endloop
  endfacet
  facet normal 0 0 1
    outer loop
      vertex -3.89803 -3.45035 0.599999
      vertex -3.25507 -3.45035 0.599999
      vertex -3.89803 0.400041 0.599999
    endloop
  endfacet
  facet normal -0 0 1
    outer loop
      vertex -3.89803 -3.45035 0.599999
      vertex -2.03676 -3.99379 0.599999
      vertex -3.25507 -3.45035 0.599999
    endloop
  endfacet
  facet normal 0 0 1
    outer loop
      vertex -5.17316 -3.99379 0.599999
      vertex -3.89803 -3.45035 0.599999
      vertex -5.17316 -3.45035 0.599999
    endloop
  endfacet
  facet normal 0 0 1
    outer loop
      vertex -3.89803 -3.45035 0.599999
      vertex -5.17316 -3.99379 0.599999
      vertex -2.03676 -3.99379 0.599999
    endloop
  endfacet
  facet normal 0 0 1
    outer loop
      vertex -5.02754 0.197587 0.599999
      vertex -3.89803 0.400041 0.599999
      vertex -3.8447 1.011 0.599999
    endloop
  endfacet
  facet normal 0 0 1
    outer loop
      vertex -3.89803 0.400041 0.599999
      vertex -5.02754 0.197587 0.599999
      vertex -5.02754 -0.406248 0.599999
    endloop
  endfacet
  facet normal 0.636676 -0.771132 0
    outer loop
      vertex 3.30453 -2.62625 0.2
      vertex 3.77344 -2.2391 0.599999
      vertex 3.30453 -2.62625 0.599999
    endloop
  endfacet
  facet normal 0.636676 -0.771132 0
    outer loop
      vertex 3.77344 -2.2391 0.599999
      vertex 3.30453 -2.62625 0.2
      vertex 3.77344 -2.2391 0.2
    endloop
  endfacet
  facet normal -0.803503 -0.595301 0
    outer loop
      vertex 5.07346 -3.99379 0.2
      vertex 3.77344 -2.2391 0.599999
      vertex 3.77344 -2.2391 0.2
    endloop
  endfacet
  facet normal -0.803503 -0.595301 0
    outer loop
      vertex 3.77344 -2.2391 0.599999
      vertex 5.07346 -3.99379 0.2
      vertex 5.07346 -3.99379 0.599999
    endloop
  endfacet
  facet normal 0 -1 0
    outer loop
      vertex 5.07346 -3.99379 0.2
      vertex 5.82292 -3.99379 0.599999
      vertex 5.07346 -3.99379 0.599999
    endloop
  endfacet
  facet normal 0 -1 -0
    outer loop
      vertex 5.82292 -3.99379 0.599999
      vertex 5.07346 -3.99379 0.2
      vertex 5.82292 -3.99379 0.2
    endloop
  endfacet
  facet normal 0.800467 0.599377 0
    outer loop
      vertex 5.82292 -3.99379 0.599999
      vertex 4.1819 -1.80221 0.2
      vertex 4.1819 -1.80221 0.599999
    endloop
  endfacet
  facet normal 0.800467 0.599377 0
    outer loop
      vertex 4.1819 -1.80221 0.2
      vertex 5.82292 -3.99379 0.599999
      vertex 5.82292 -3.99379 0.2
    endloop
  endfacet
  facet normal 0.727137 -0.686492 0
    outer loop
      vertex 4.1819 -1.80221 0.599999
      vertex 5.74126 -0.150526 0.2
      vertex 5.74126 -0.150526 0.599999
    endloop
  endfacet
  facet normal 0.727137 -0.686492 0
    outer loop
      vertex 5.74126 -0.150526 0.2
      vertex 4.1819 -1.80221 0.599999
      vertex 4.1819 -1.80221 0.2
    endloop
  endfacet
  facet normal 0 1 -0
    outer loop
      vertex 5.74126 -0.150526 0.2
      vertex 4.99174 -0.150526 0.599999
      vertex 5.74126 -0.150526 0.599999
    endloop
  endfacet
  facet normal 0 1 0
    outer loop
      vertex 4.99174 -0.150526 0.599999
      vertex 5.74126 -0.150526 0.2
      vertex 4.99174 -0.150526 0.2
    endloop
  endfacet
  facet normal -0.741527 0.670923 0
    outer loop
      vertex 3.30453 -2.01529 0.2
      vertex 4.99174 -0.150526 0.599999
      vertex 4.99174 -0.150526 0.2
    endloop
  endfacet
  facet normal -0.741527 0.670923 0
    outer loop
      vertex 4.99174 -0.150526 0.599999
      vertex 3.30453 -2.01529 0.2
      vertex 3.30453 -2.01529 0.599999
    endloop
  endfacet
  facet normal 1 -0 0
    outer loop
      vertex 3.30453 -2.01529 0.599999
      vertex 3.30453 1.27741 0.2
      vertex 3.30453 1.27741 0.599999
    endloop
  endfacet
  facet normal 1 0 0
    outer loop
      vertex 3.30453 1.27741 0.2
      vertex 3.30453 -2.01529 0.599999
      vertex 3.30453 -2.01529 0.2
    endloop
  endfacet
  facet normal 0 1 -0
    outer loop
      vertex 3.30453 1.27741 0.2
      vertex 2.66519 1.27741 0.599999
      vertex 3.30453 1.27741 0.599999
    endloop
  endfacet
  facet normal 0 1 0
    outer loop
      vertex 2.66519 1.27741 0.599999
      vertex 3.30453 1.27741 0.2
      vertex 2.66519 1.27741 0.2
    endloop
  endfacet
  facet normal -1 0 0
    outer loop
      vertex 2.66519 -3.99379 0.2
      vertex 2.66519 1.27741 0.599999
      vertex 2.66519 1.27741 0.2
    endloop
  endfacet
  facet normal -1 -0 0
    outer loop
      vertex 2.66519 1.27741 0.599999
      vertex 2.66519 -3.99379 0.2
      vertex 2.66519 -3.99379 0.599999
    endloop
  endfacet
  facet normal 0 -1 0
    outer loop
      vertex 2.66519 -3.99379 0.2
      vertex 3.30453 -3.99379 0.599999
      vertex 2.66519 -3.99379 0.599999
    endloop
  endfacet
  facet normal 0 -1 -0
    outer loop
      vertex 3.30453 -3.99379 0.599999
      vertex 2.66519 -3.99379 0.2
      vertex 3.30453 -3.99379 0.2
    endloop
  endfacet
  facet normal 1 -0 0
    outer loop
      vertex 3.30453 -3.99379 0.599999
      vertex 3.30453 -2.62625 0.2
      vertex 3.30453 -2.62625 0.599999
    endloop
  endfacet
  facet normal 1 0 0
    outer loop
      vertex 3.30453 -2.62625 0.2
      vertex 3.30453 -3.99379 0.599999
      vertex 3.30453 -3.99379 0.2
    endloop
  endfacet
  facet normal 0.259782 -0.965667 0
    outer loop
      vertex 0.566269 -4.03839 0.2
      vertex 0.861008 -3.9591 0.599999
      vertex 0.566269 -4.03839 0.599999
    endloop
  endfacet
  facet normal 0.259782 -0.965667 0
    outer loop
      vertex 0.861008 -3.9591 0.599999
      vertex 0.566269 -4.03839 0.2
      vertex 0.861008 -3.9591 0.2
    endloop
  endfacet
  facet normal 0.451553 -0.892244 0
    outer loop
      vertex 0.861008 -3.9591 0.2
      vertex 1.12207 -3.82698 0.599999
      vertex 0.861008 -3.9591 0.599999
    endloop
  endfacet
  facet normal 0.451553 -0.892244 0
    outer loop
      vertex 1.12207 -3.82698 0.599999
      vertex 0.861008 -3.9591 0.2
      vertex 1.12207 -3.82698 0.2
    endloop
  endfacet
  facet normal 0.631097 -0.775704 0
    outer loop
      vertex 1.12207 -3.82698 0.2
      vertex 1.34946 -3.64198 0.599999
      vertex 1.12207 -3.82698 0.599999
    endloop
  endfacet
  facet normal 0.631097 -0.775704 0
    outer loop
      vertex 1.34946 -3.64198 0.599999
      vertex 1.12207 -3.82698 0.2
      vertex 1.34946 -3.64198 0.2
    endloop
  endfacet
  facet normal 0.775356 -0.631525 0
    outer loop
      vertex 1.34946 -3.64198 0.599999
      vertex 1.54318 -3.40414 0.2
      vertex 1.54318 -3.40414 0.599999
    endloop
  endfacet
  facet normal 0.775356 -0.631525 0
    outer loop
      vertex 1.54318 -3.40414 0.2
      vertex 1.34946 -3.64198 0.599999
      vertex 1.34946 -3.64198 0.2
    endloop
  endfacet
  facet normal 0.87518 -0.483797 0
    outer loop
      vertex 1.54318 -3.40414 0.599999
      vertex 1.70238 -3.11615 0.2
      vertex 1.70238 -3.11615 0.599999
    endloop
  endfacet
  facet normal 0.87518 -0.483797 0
    outer loop
      vertex 1.70238 -3.11615 0.2
      vertex 1.54318 -3.40414 0.599999
      vertex 1.54318 -3.40414 0.2
    endloop
  endfacet
  facet normal 0.938113 -0.346329 0
    outer loop
      vertex 1.70238 -3.11615 0.599999
      vertex 1.82622 -2.7807 0.2
      vertex 1.82622 -2.7807 0.599999
    endloop
  endfacet
  facet normal 0.938113 -0.346329 0
    outer loop
      vertex 1.82622 -2.7807 0.2
      vertex 1.70238 -3.11615 0.599999
      vertex 1.70238 -3.11615 0.2
    endloop
  endfacet
  facet normal 0.974349 -0.225043 0
    outer loop
      vertex 1.82622 -2.7807 0.599999
      vertex 1.91466 -2.39779 0.2
      vertex 1.91466 -2.39779 0.599999
    endloop
  endfacet
  facet normal 0.974349 -0.225043 0
    outer loop
      vertex 1.91466 -2.39779 0.2
      vertex 1.82622 -2.7807 0.599999
      vertex 1.82622 -2.7807 0.2
    endloop
  endfacet
  facet normal 0.992483 -0.122386 0
    outer loop
      vertex 1.91466 -2.39779 0.599999
      vertex 1.96773 -1.96742 0.2
      vertex 1.96773 -1.96742 0.599999
    endloop
  endfacet
  facet normal 0.992483 -0.122386 0
    outer loop
      vertex 1.96773 -1.96742 0.2
      vertex 1.91466 -2.39779 0.599999
      vertex 1.91466 -2.39779 0.2
    endloop
  endfacet
  facet normal 0.999316 -0.0369769 0
    outer loop
      vertex 1.96773 -1.96742 0.599999
      vertex 1.98541 -1.48961 0.2
      vertex 1.98541 -1.48961 0.599999
    endloop
  endfacet
  facet normal 0.999316 -0.0369769 0
    outer loop
      vertex 1.98541 -1.48961 0.2
      vertex 1.96773 -1.96742 0.599999
      vertex 1.96773 -1.96742 0.2
    endloop
  endfacet
  facet normal 0.999399 0.0346759 0
    outer loop
      vertex 1.98541 -1.48961 0.599999
      vertex 1.96858 -1.00455 0.2
      vertex 1.96858 -1.00455 0.599999
    endloop
  endfacet
  facet normal 0.999399 0.0346759 0
    outer loop
      vertex 1.96858 -1.00455 0.2
      vertex 1.98541 -1.48961 0.599999
      vertex 1.98541 -1.48961 0.2
    endloop
  endfacet
  facet normal 0.99333 0.115305 0
    outer loop
      vertex 1.96858 -1.00455 0.599999
      vertex 1.91808 -0.569502 0.2
      vertex 1.91808 -0.569502 0.599999
    endloop
  endfacet
  facet normal 0.99333 0.115305 0
    outer loop
      vertex 1.91808 -0.569502 0.2
      vertex 1.96858 -1.00455 0.599999
      vertex 1.96858 -1.00455 0.2
    endloop
  endfacet
  facet normal 0.97692 0.213606 0
    outer loop
      vertex 1.91808 -0.569502 0.599999
      vertex 1.83389 -0.184462 0.2
      vertex 1.83389 -0.184462 0.599999
    endloop
  endfacet
  facet normal 0.97692 0.213606 0
    outer loop
      vertex 1.83389 -0.184462 0.2
      vertex 1.91808 -0.569502 0.599999
      vertex 1.91808 -0.569502 0.2
    endloop
  endfacet
  facet normal 0.943328 0.331862 0
    outer loop
      vertex 1.83389 -0.184462 0.599999
      vertex 1.71603 0.150559 0.2
      vertex 1.71603 0.150559 0.599999
    endloop
  endfacet
  facet normal 0.943328 0.331862 0
    outer loop
      vertex 1.71603 0.150559 0.2
      vertex 1.83389 -0.184462 0.599999
      vertex 1.83389 -0.184462 0.2
    endloop
  endfacet
  facet normal 0.88296 0.469449 0
    outer loop
      vertex 1.71603 0.150559 0.599999
      vertex 1.5645 0.435563 0.2
      vertex 1.5645 0.435563 0.599999
    endloop
  endfacet
  facet normal 0.88296 0.469449 0
    outer loop
      vertex 1.5645 0.435563 0.2
      vertex 1.71603 0.150559 0.599999
      vertex 1.71603 0.150559 0.2
    endloop
  endfacet
  facet normal 0.781385 0.624049 0
    outer loop
      vertex 1.5645 0.435563 0.599999
      vertex 1.37761 0.669572 0.2
      vertex 1.37761 0.669572 0.599999
    endloop
  endfacet
  facet normal 0.781385 0.624049 0
    outer loop
      vertex 1.37761 0.669572 0.2
      vertex 1.5645 0.435563 0.599999
      vertex 1.5645 0.435563 0.2
    endloop
  endfacet
  facet normal 0.630641 0.776075 -0
    outer loop
      vertex 1.37761 0.669572 0.2
      vertex 1.15363 0.851579 0.599999
      vertex 1.37761 0.669572 0.599999
    endloop
  endfacet
  facet normal 0.630641 0.776075 0
    outer loop
      vertex 1.15363 0.851579 0.599999
      vertex 1.37761 0.669572 0.2
      vertex 1.15363 0.851579 0.2
    endloop
  endfacet
  facet normal 0.445763 0.895151 -0
    outer loop
      vertex 1.15363 0.851579 0.2
      vertex 0.892563 0.981584 0.599999
      vertex 1.15363 0.851579 0.599999
    endloop
  endfacet
  facet normal 0.445763 0.895151 0
    outer loop
      vertex 0.892563 0.981584 0.599999
      vertex 1.15363 0.851579 0.2
      vertex 0.892563 0.981584 0.2
    endloop
  endfacet
  facet normal 0.25312 0.967435 -0
    outer loop
      vertex 0.892563 0.981584 0.2
      vertex 0.594421 1.05959 0.599999
      vertex 0.892563 0.981584 0.599999
    endloop
  endfacet
  facet normal 0.25312 0.967435 0
    outer loop
      vertex 0.594421 1.05959 0.599999
      vertex 0.892563 0.981584 0.2
      vertex 0.594421 1.05959 0.2
    endloop
  endfacet
  facet normal 0.0773253 0.997006 -0
    outer loop
      vertex 0.594421 1.05959 0.2
      vertex 0.259186 1.08559 0.599999
      vertex 0.594421 1.05959 0.599999
    endloop
  endfacet
  facet normal 0.0773253 0.997006 0
    outer loop
      vertex 0.259186 1.08559 0.599999
      vertex 0.594421 1.05959 0.2
      vertex 0.259186 1.08559 0.2
    endloop
  endfacet
  facet normal -0.0744923 0.997222 0
    outer loop
      vertex 0.259186 1.08559 0.2
      vertex -0.0849915 1.05988 0.599999
      vertex 0.259186 1.08559 0.599999
    endloop
  endfacet
  facet normal -0.0744923 0.997222 0
    outer loop
      vertex -0.0849915 1.05988 0.599999
      vertex 0.259186 1.08559 0.2
      vertex -0.0849915 1.05988 0.2
    endloop
  endfacet
  facet normal -0.245147 0.969486 0
    outer loop
      vertex -0.0849915 1.05988 0.2
      vertex -0.390106 0.982728 0.599999
      vertex -0.0849915 1.05988 0.599999
    endloop
  endfacet
  facet normal -0.245147 0.969486 0
    outer loop
      vertex -0.390106 0.982728 0.599999
      vertex -0.0849915 1.05988 0.2
      vertex -0.390106 0.982728 0.2
    endloop
  endfacet
  facet normal -0.435153 0.900357 0
    outer loop
      vertex -0.390106 0.982728 0.2
      vertex -0.656158 0.854142 0.599999
      vertex -0.390106 0.982728 0.599999
    endloop
  endfacet
  facet normal -0.435153 0.900357 0
    outer loop
      vertex -0.656158 0.854142 0.599999
      vertex -0.390106 0.982728 0.2
      vertex -0.656158 0.854142 0.2
    endloop
  endfacet
  facet normal -0.621381 0.783509 0
    outer loop
      vertex -0.656158 0.854142 0.2
      vertex -0.883133 0.674134 0.599999
      vertex -0.656158 0.854142 0.599999
    endloop
  endfacet
  facet normal -0.621381 0.783509 0
    outer loop
      vertex -0.883133 0.674134 0.599999
      vertex -0.656158 0.854142 0.2
      vertex -0.883133 0.674134 0.2
    endloop
  endfacet
  facet normal -0.776367 0.630281 0
    outer loop
      vertex -1.07104 0.442674 0.2
      vertex -0.883133 0.674134 0.599999
      vertex -0.883133 0.674134 0.2
    endloop
  endfacet
  facet normal -0.776367 0.630281 0
    outer loop
      vertex -0.883133 0.674134 0.599999
      vertex -1.07104 0.442674 0.2
      vertex -1.07104 0.442674 0.599999
    endloop
  endfacet
  facet normal -0.881581 0.472033 0
    outer loop
      vertex -1.22258 0.159654 0.2
      vertex -1.07104 0.442674 0.599999
      vertex -1.07104 0.442674 0.2
    endloop
  endfacet
  facet normal -0.881581 0.472033 0
    outer loop
      vertex -1.07104 0.442674 0.599999
      vertex -1.22258 0.159654 0.2
      vertex -1.22258 0.159654 0.599999
    endloop
  endfacet
  facet normal -0.943238 0.332118 0
    outer loop
      vertex -1.34044 -0.175077 0.2
      vertex -1.22258 0.159654 0.599999
      vertex -1.22258 0.159654 0.2
    endloop
  endfacet
  facet normal -0.943238 0.332118 0
    outer loop
      vertex -1.22258 0.159654 0.599999
      vertex -1.34044 -0.175077 0.2
      vertex -1.34044 -0.175077 0.599999
    endloop
  endfacet
  facet normal -0.97709 0.212825 0
    outer loop
      vertex -1.42462 -0.561552 0.2
      vertex -1.34044 -0.175077 0.599999
      vertex -1.34044 -0.175077 0.2
    endloop
  endfacet
  facet normal -0.97709 0.212825 0
    outer loop
      vertex -1.34044 -0.175077 0.599999
      vertex -1.42462 -0.561552 0.2
      vertex -1.42462 -0.561552 0.599999
    endloop
  endfacet
  facet normal -0.993421 0.114516 0
    outer loop
      vertex -1.47513 -0.999723 0.2
      vertex -1.42462 -0.561552 0.599999
      vertex -1.42462 -0.561552 0.2
    endloop
  endfacet
  facet normal -0.993421 0.114516 0
    outer loop
      vertex -1.42462 -0.561552 0.599999
      vertex -1.47513 -0.999723 0.2
      vertex -1.47513 -0.999723 0.599999
    endloop
  endfacet
  facet normal -0.99941 0.034355 0
    outer loop
      vertex -1.49197 -1.48961 0.2
      vertex -1.47513 -0.999723 0.599999
      vertex -1.47513 -0.999723 0.2
    endloop
  endfacet
  facet normal -0.99941 0.034355 0
    outer loop
      vertex -1.47513 -0.999723 0.599999
      vertex -1.49197 -1.48961 0.2
      vertex -1.49197 -1.48961 0.599999
    endloop
  endfacet
  facet normal -0.99935 -0.0360627 0
    outer loop
      vertex -1.47464 -1.96985 0.2
      vertex -1.49197 -1.48961 0.599999
      vertex -1.49197 -1.48961 0.2
    endloop
  endfacet
  facet normal -0.99935 -0.0360627 0
    outer loop
      vertex -1.49197 -1.48961 0.599999
      vertex -1.47464 -1.96985 0.2
      vertex -1.47464 -1.96985 0.599999
    endloop
  endfacet
  facet normal -0.992831 -0.119527 0
    outer loop
      vertex -1.42264 -2.40178 0.2
      vertex -1.47464 -1.96985 0.599999
      vertex -1.47464 -1.96985 0.2
    endloop
  endfacet
  facet normal -0.992831 -0.119527 0
    outer loop
      vertex -1.47464 -1.96985 0.599999
      vertex -1.42264 -2.40178 0.2
      vertex -1.42264 -2.40178 0.599999
    endloop
  endfacet
  facet normal -0.975416 -0.220372 0
    outer loop
      vertex -1.33597 -2.7854 0.2
      vertex -1.42264 -2.40178 0.599999
      vertex -1.42264 -2.40178 0.2
    endloop
  endfacet
  facet normal -0.975416 -0.220372 0
    outer loop
      vertex -1.42264 -2.40178 0.599999
      vertex -1.33597 -2.7854 0.2
      vertex -1.33597 -2.7854 0.599999
    endloop
  endfacet
  facet normal -0.940324 -0.340279 0
    outer loop
      vertex -1.21463 -3.12071 0.2
      vertex -1.33597 -2.7854 0.599999
      vertex -1.33597 -2.7854 0.2
    endloop
  endfacet
  facet normal -0.940324 -0.340279 0
    outer loop
      vertex -1.33597 -2.7854 0.599999
      vertex -1.21463 -3.12071 0.2
      vertex -1.21463 -3.12071 0.599999
    endloop
  endfacet
  facet normal -0.878584 -0.477588 0
    outer loop
      vertex -1.05862 -3.40771 0.2
      vertex -1.21463 -3.12071 0.599999
      vertex -1.21463 -3.12071 0.2
    endloop
  endfacet
  facet normal -0.878584 -0.477588 0
    outer loop
      vertex -1.21463 -3.12071 0.599999
      vertex -1.05862 -3.40771 0.2
      vertex -1.05862 -3.40771 0.599999
    endloop
  endfacet
  facet normal -0.778827 -0.627239 0
    outer loop
      vertex -0.868103 -3.64427 0.2
      vertex -1.05862 -3.40771 0.599999
      vertex -1.05862 -3.40771 0.2
    endloop
  endfacet
  facet normal -0.778827 -0.627239 0
    outer loop
      vertex -1.05862 -3.40771 0.599999
      vertex -0.868103 -3.64427 0.2
      vertex -0.868103 -3.64427 0.599999
    endloop
  endfacet
  facet normal -0.633173 -0.77401 0
    outer loop
      vertex -0.868103 -3.64427 0.2
      vertex -0.643188 -3.82826 0.599999
      vertex -0.868103 -3.64427 0.599999
    endloop
  endfacet
  facet normal -0.633173 -0.77401 -0
    outer loop
      vertex -0.643188 -3.82826 0.599999
      vertex -0.868103 -3.64427 0.2
      vertex -0.643188 -3.82826 0.2
    endloop
  endfacet
  facet normal -0.452041 -0.891997 0
    outer loop
      vertex -0.643188 -3.82826 0.2
      vertex -0.383881 -3.95967 0.599999
      vertex -0.643188 -3.82826 0.599999
    endloop
  endfacet
  facet normal -0.452041 -0.891997 -0
    outer loop
      vertex -0.383881 -3.95967 0.599999
      vertex -0.643188 -3.82826 0.2
      vertex -0.383881 -3.95967 0.2
    endloop
  endfacet
  facet normal -0.259331 -0.965788 0
    outer loop
      vertex -0.383881 -3.95967 0.2
      vertex -0.0901947 -4.03853 0.599999
      vertex -0.383881 -3.95967 0.599999
    endloop
  endfacet
  facet normal -0.259331 -0.965788 -0
    outer loop
      vertex -0.0901947 -4.03853 0.599999
      vertex -0.383881 -3.95967 0.2
      vertex -0.0901947 -4.03853 0.2
    endloop
  endfacet
  facet normal -0.0798808 -0.996804 0
    outer loop
      vertex -0.0901947 -4.03853 0.2
      vertex 0.237869 -4.06482 0.599999
      vertex -0.0901947 -4.03853 0.599999
    endloop
  endfacet
  facet normal -0.0798808 -0.996804 -0
    outer loop
      vertex 0.237869 -4.06482 0.599999
      vertex -0.0901947 -4.03853 0.2
      vertex 0.237869 -4.06482 0.2
    endloop
  endfacet
  facet normal 0.0802217 -0.996777 0
    outer loop
      vertex 0.237869 -4.06482 0.2
      vertex 0.566269 -4.03839 0.599999
      vertex 0.237869 -4.06482 0.599999
    endloop
  endfacet
  facet normal 0.0802217 -0.996777 0
    outer loop
      vertex 0.566269 -4.03839 0.599999
      vertex 0.237869 -4.06482 0.2
      vertex 0.566269 -4.03839 0.2
    endloop
  endfacet
  facet normal 0.296998 0.954878 -0
    outer loop
      vertex 0.029892 -3.52293 0.2
      vertex -0.160538 -3.4637 0.599999
      vertex 0.029892 -3.52293 0.599999
    endloop
  endfacet
  facet normal 0.296998 0.954878 0
    outer loop
      vertex -0.160538 -3.4637 0.599999
      vertex 0.029892 -3.52293 0.2
      vertex -0.160538 -3.4637 0.2
    endloop
  endfacet
  facet normal 0.511572 0.85924 -0
    outer loop
      vertex -0.160538 -3.4637 0.2
      vertex -0.326416 -3.36494 0.599999
      vertex -0.160538 -3.4637 0.599999
    endloop
  endfacet
  facet normal 0.511572 0.85924 0
    outer loop
      vertex -0.326416 -3.36494 0.599999
      vertex -0.160538 -3.4637 0.2
      vertex -0.326416 -3.36494 0.2
    endloop
  endfacet
  facet normal 0.699335 0.714794 -0
    outer loop
      vertex -0.326416 -3.36494 0.2
      vertex -0.467712 -3.2267 0.599999
      vertex -0.326416 -3.36494 0.599999
    endloop
  endfacet
  facet normal 0.699335 0.714794 0
    outer loop
      vertex -0.467712 -3.2267 0.599999
      vertex -0.326416 -3.36494 0.2
      vertex -0.467712 -3.2267 0.2
    endloop
  endfacet
  facet normal 0.835904 0.548875 0
    outer loop
      vertex -0.467712 -3.2267 0.599999
      vertex -0.584427 -3.04895 0.2
      vertex -0.584427 -3.04895 0.599999
    endloop
  endfacet
  facet normal 0.835904 0.548875 0
    outer loop
      vertex -0.584427 -3.04895 0.2
      vertex -0.467712 -3.2267 0.599999
      vertex -0.467712 -3.2267 0.2
    endloop
  endfacet
  facet normal 0.919824 0.392331 0
    outer loop
      vertex -0.584427 -3.04895 0.599999
      vertex -0.678421 -2.82858 0.2
      vertex -0.678421 -2.82858 0.599999
    endloop
  endfacet
  facet normal 0.919824 0.392331 0
    outer loop
      vertex -0.678421 -2.82858 0.2
      vertex -0.584427 -3.04895 0.599999
      vertex -0.584427 -3.04895 0.2
    endloop
  endfacet
  facet normal 0.964289 0.264852 0
    outer loop
      vertex -0.678421 -2.82858 0.599999
      vertex -0.751511 -2.56247 0.2
      vertex -0.751511 -2.56247 0.599999
    endloop
  endfacet
  facet normal 0.964289 0.264852 0
    outer loop
      vertex -0.751511 -2.56247 0.2
      vertex -0.678421 -2.82858 0.599999
      vertex -0.678421 -2.82858 0.2
    endloop
  endfacet
  facet normal 0.986273 0.165122 0
    outer loop
      vertex -0.751511 -2.56247 0.599999
      vertex -0.803726 -2.25059 0.2
      vertex -0.803726 -2.25059 0.599999
    endloop
  endfacet
  facet normal 0.986273 0.165122 0
    outer loop
      vertex -0.803726 -2.25059 0.2
      vertex -0.751511 -2.56247 0.599999
      vertex -0.751511 -2.56247 0.2
    endloop
  endfacet
  facet normal 0.996185 0.0872616 0
    outer loop
      vertex -0.803726 -2.25059 0.599999
      vertex -0.835052 -1.89297 0.2
      vertex -0.835052 -1.89297 0.599999
    endloop
  endfacet
  facet normal 0.996185 0.0872616 0
    outer loop
      vertex -0.835052 -1.89297 0.2
      vertex -0.803726 -2.25059 0.599999
      vertex -0.803726 -2.25059 0.2
    endloop
  endfacet
  facet normal 0.999665 0.025869 0
    outer loop
      vertex -0.835052 -1.89297 0.599999
      vertex -0.84549 -1.48961 0.2
      vertex -0.84549 -1.48961 0.599999
    endloop
  endfacet
  facet normal 0.999665 0.025869 0
    outer loop
      vertex -0.84549 -1.48961 0.2
      vertex -0.835052 -1.89297 0.599999
      vertex -0.835052 -1.89297 0.2
    endloop
  endfacet
  facet normal 0.999691 -0.0248541 0
    outer loop
      vertex -0.84549 -1.48961 0.599999
      vertex -0.83519 -1.07532 0.2
      vertex -0.83519 -1.07532 0.599999
    endloop
  endfacet
  facet normal 0.999691 -0.0248541 0
    outer loop
      vertex -0.83519 -1.07532 0.2
      vertex -0.84549 -1.48961 0.599999
      vertex -0.84549 -1.48961 0.2
    endloop
  endfacet
  facet normal 0.996433 -0.0843822 0
    outer loop
      vertex -0.83519 -1.07532 0.599999
      vertex -0.804291 -0.710447 0.2
      vertex -0.804291 -0.710447 0.599999
    endloop
  endfacet
  facet normal 0.996433 -0.0843822 0
    outer loop
      vertex -0.804291 -0.710447 0.2
      vertex -0.83519 -1.07532 0.599999
      vertex -0.83519 -1.07532 0.2
    endloop
  endfacet
  facet normal 0.98693 -0.161148 0
    outer loop
      vertex -0.804291 -0.710447 0.599999
      vertex -0.752792 -0.395048 0.2
      vertex -0.752792 -0.395048 0.599999
    endloop
  endfacet
  facet normal 0.98693 -0.161148 0
    outer loop
      vertex -0.752792 -0.395048 0.2
      vertex -0.804291 -0.710447 0.599999
      vertex -0.804291 -0.710447 0.2
    endloop
  endfacet
  facet normal 0.96517 -0.261625 0
    outer loop
      vertex -0.752792 -0.395048 0.599999
      vertex -0.680695 -0.129072 0.2
      vertex -0.680695 -0.129072 0.599999
    endloop
  endfacet
  facet normal 0.96517 -0.261625 0
    outer loop
      vertex -0.680695 -0.129072 0.2
      vertex -0.752792 -0.395048 0.599999
      vertex -0.752792 -0.395048 0.2
    endloop
  endfacet
  facet normal 0.919284 -0.393596 0
    outer loop
      vertex -0.680695 -0.129072 0.599999
      vertex -0.587997 0.0874338 0.2
      vertex -0.587997 0.0874338 0.599999
    endloop
  endfacet
  facet normal 0.919284 -0.393596 0
    outer loop
      vertex -0.587997 0.0874338 0.2
      vertex -0.680695 -0.129072 0.599999
      vertex -0.680695 -0.129072 0.2
    endloop
  endfacet
  facet normal 0.829358 -0.558718 0
    outer loop
      vertex -0.587997 0.0874338 0.599999
      vertex -0.471695 0.260072 0.2
      vertex -0.471695 0.260072 0.599999
    endloop
  endfacet
  facet normal 0.829358 -0.558718 0
    outer loop
      vertex -0.471695 0.260072 0.2
      vertex -0.587997 0.0874338 0.599999
      vertex -0.587997 0.0874338 0.2
    endloop
  endfacet
  facet normal 0.684821 -0.728712 0
    outer loop
      vertex -0.471695 0.260072 0.2
      vertex -0.328812 0.394349 0.599999
      vertex -0.471695 0.260072 0.599999
    endloop
  endfacet
  facet normal 0.684821 -0.728712 0
    outer loop
      vertex -0.328812 0.394349 0.599999
      vertex -0.471695 0.260072 0.2
      vertex -0.328812 0.394349 0.2
    endloop
  endfacet
  facet normal 0.492583 -0.870266 0
    outer loop
      vertex -0.328812 0.394349 0.2
      vertex -0.159378 0.490251 0.599999
      vertex -0.328812 0.394349 0.599999
    endloop
  endfacet
  facet normal 0.492583 -0.870266 0
    outer loop
      vertex -0.159378 0.490251 0.599999
      vertex -0.328812 0.394349 0.2
      vertex -0.159378 0.490251 0.2
    endloop
  endfacet
  facet normal 0.281705 -0.959501 0
    outer loop
      vertex -0.159378 0.490251 0.2
      vertex 0.0366058 0.547791 0.599999
      vertex -0.159378 0.490251 0.599999
    endloop
  endfacet
  facet normal 0.281705 -0.959501 0
    outer loop
      vertex 0.0366058 0.547791 0.599999
      vertex -0.159378 0.490251 0.2
      vertex 0.0366058 0.547791 0.2
    endloop
  endfacet
  facet normal 0.0858575 -0.996307 0
    outer loop
      vertex 0.0366058 0.547791 0.2
      vertex 0.259186 0.566972 0.599999
      vertex 0.0366058 0.547791 0.599999
    endloop
  endfacet
  facet normal 0.0858575 -0.996307 0
    outer loop
      vertex 0.259186 0.566972 0.599999
      vertex 0.0366058 0.547791 0.2
      vertex 0.259186 0.566972 0.2
    endloop
  endfacet
  facet normal -0.0892297 -0.996011 0
    outer loop
      vertex 0.259186 0.566972 0.2
      vertex 0.476349 0.547517 0.599999
      vertex 0.259186 0.566972 0.599999
    endloop
  endfacet
  facet normal -0.0892297 -0.996011 -0
    outer loop
      vertex 0.476349 0.547517 0.599999
      vertex 0.259186 0.566972 0.2
      vertex 0.476349 0.547517 0.2
    endloop
  endfacet
  facet normal -0.292152 -0.956372 0
    outer loop
      vertex 0.476349 0.547517 0.2
      vertex 0.667511 0.489121 0.599999
      vertex 0.476349 0.547517 0.599999
    endloop
  endfacet
  facet normal -0.292152 -0.956372 -0
    outer loop
      vertex 0.667511 0.489121 0.599999
      vertex 0.476349 0.547517 0.2
      vertex 0.667511 0.489121 0.2
    endloop
  endfacet
  facet normal -0.507665 -0.861554 0
    outer loop
      vertex 0.667511 0.489121 0.2
      vertex 0.832672 0.391801 0.599999
      vertex 0.667511 0.489121 0.599999
    endloop
  endfacet
  facet normal -0.507665 -0.861554 -0
    outer loop
      vertex 0.832672 0.391801 0.599999
      vertex 0.667511 0.489121 0.2
      vertex 0.832672 0.391801 0.2
    endloop
  endfacet
  facet normal -0.699625 -0.71451 0
    outer loop
      vertex 0.832672 0.391801 0.2
      vertex 0.971832 0.25554 0.599999
      vertex 0.832672 0.391801 0.599999
    endloop
  endfacet
  facet normal -0.699625 -0.71451 -0
    outer loop
      vertex 0.971832 0.25554 0.599999
      vertex 0.832672 0.391801 0.2
      vertex 0.971832 0.25554 0.2
    endloop
  endfacet
  facet normal -0.839937 -0.542684 0
    outer loop
      vertex 1.08501 0.080369 0.2
      vertex 0.971832 0.25554 0.599999
      vertex 0.971832 0.25554 0.2
    endloop
  endfacet
  facet normal -0.839937 -0.542684 0
    outer loop
      vertex 0.971832 0.25554 0.599999
      vertex 1.08501 0.080369 0.2
      vertex 1.08501 0.080369 0.599999
    endloop
  endfacet
  facet normal -0.924423 -0.381369 0
    outer loop
      vertex 1.17516 -0.138151 0.2
      vertex 1.08501 0.080369 0.599999
      vertex 1.08501 0.080369 0.2
    endloop
  endfacet
  facet normal -0.924423 -0.381369 0
    outer loop
      vertex 1.08501 0.080369 0.599999
      vertex 1.17516 -0.138151 0.2
      vertex 1.17516 -0.138151 0.599999
    endloop
  endfacet
  facet normal -0.967017 -0.254711 0
    outer loop
      vertex 1.24529 -0.404402 0.2
      vertex 1.17516 -0.138151 0.599999
      vertex 1.17516 -0.138151 0.2
    endloop
  endfacet
  facet normal -0.967017 -0.254711 0
    outer loop
      vertex 1.17516 -0.138151 0.599999
      vertex 1.24529 -0.404402 0.2
      vertex 1.24529 -0.404402 0.599999
    endloop
  endfacet
  facet normal -0.987524 -0.157472 0
    outer loop
      vertex 1.29536 -0.718397 0.2
      vertex 1.24529 -0.404402 0.599999
      vertex 1.24529 -0.404402 0.2
    endloop
  endfacet
  facet normal -0.987524 -0.157472 0
    outer loop
      vertex 1.24529 -0.404402 0.599999
      vertex 1.29536 -0.718397 0.2
      vertex 1.29536 -0.718397 0.599999
    endloop
  endfacet
  facet normal -0.996565 -0.0828122 0
    outer loop
      vertex 1.32542 -1.08014 0.2
      vertex 1.29536 -0.718397 0.599999
      vertex 1.29536 -0.718397 0.2
    endloop
  endfacet
  facet normal -0.996565 -0.0828122 0
    outer loop
      vertex 1.29536 -0.718397 0.599999
      vertex 1.32542 -1.08014 0.2
      vertex 1.32542 -1.08014 0.599999
    endloop
  endfacet
  facet normal -0.999701 -0.0244389 0
    outer loop
      vertex 1.33543 -1.48961 0.2
      vertex 1.32542 -1.08014 0.599999
      vertex 1.32542 -1.08014 0.2
    endloop
  endfacet
  facet normal -0.999701 -0.0244389 0
    outer loop
      vertex 1.32542 -1.08014 0.599999
      vertex 1.33543 -1.48961 0.2
      vertex 1.33543 -1.48961 0.599999
    endloop
  endfacet
  facet normal -0.999648 0.026523 0
    outer loop
      vertex 1.32492 -1.88573 0.2
      vertex 1.33543 -1.48961 0.599999
      vertex 1.33543 -1.48961 0.2
    endloop
  endfacet
  facet normal -0.999648 0.026523 0
    outer loop
      vertex 1.33543 -1.48961 0.599999
      vertex 1.32492 -1.88573 0.2
      vertex 1.32492 -1.88573 0.599999
    endloop
  endfacet
  facet normal -0.996031 0.0890114 0
    outer loop
      vertex 1.29338 -2.23866 0.2
      vertex 1.32492 -1.88573 0.599999
      vertex 1.32492 -1.88573 0.2
    endloop
  endfacet
  facet normal -0.996031 0.0890114 0
    outer loop
      vertex 1.32492 -1.88573 0.599999
      vertex 1.29338 -2.23866 0.2
      vertex 1.29338 -2.23866 0.599999
    endloop
  endfacet
  facet normal -0.985901 0.16733 0
    outer loop
      vertex 1.24081 -2.5484 0.2
      vertex 1.29338 -2.23866 0.599999
      vertex 1.29338 -2.23866 0.2
    endloop
  endfacet
  facet normal -0.985901 0.16733 0
    outer loop
      vertex 1.29338 -2.23866 0.599999
      vertex 1.24081 -2.5484 0.2
      vertex 1.24081 -2.5484 0.599999
    endloop
  endfacet
  facet normal -0.963938 0.266127 0
    outer loop
      vertex 1.16722 -2.81495 0.2
      vertex 1.24081 -2.5484 0.599999
      vertex 1.24081 -2.5484 0.2
    endloop
  endfacet
  facet normal -0.963938 0.266127 0
    outer loop
      vertex 1.24081 -2.5484 0.599999
      vertex 1.16722 -2.81495 0.2
      vertex 1.16722 -2.81495 0.599999
    endloop
  endfacet
  facet normal -0.9208 0.390035 0
    outer loop
      vertex 1.0726 -3.03833 0.2
      vertex 1.16722 -2.81495 0.599999
      vertex 1.16722 -2.81495 0.2
    endloop
  endfacet
  facet normal -0.9208 0.390035 0
    outer loop
      vertex 1.16722 -2.81495 0.599999
      vertex 1.0726 -3.03833 0.2
      vertex 1.0726 -3.03833 0.599999
    endloop
  endfacet
  facet normal -0.840125 0.542393 0
    outer loop
      vertex 0.955383 -3.21989 0.2
      vertex 1.0726 -3.03833 0.599999
      vertex 1.0726 -3.03833 0.2
    endloop
  endfacet
  facet normal -0.840125 0.542393 0
    outer loop
      vertex 1.0726 -3.03833 0.599999
      vertex 0.955383 -3.21989 0.2
      vertex 0.955383 -3.21989 0.599999
    endloop
  endfacet
  facet normal -0.706726 0.707487 0
    outer loop
      vertex 0.955383 -3.21989 0.2
      vertex 0.814011 -3.36111 0.599999
      vertex 0.955383 -3.21989 0.599999
    endloop
  endfacet
  facet normal -0.706726 0.707487 0
    outer loop
      vertex 0.814011 -3.36111 0.599999
      vertex 0.955383 -3.21989 0.2
      vertex 0.814011 -3.36111 0.2
    endloop
  endfacet
  facet normal -0.520379 0.853936 0
    outer loop
      vertex 0.814011 -3.36111 0.2
      vertex 0.648468 -3.46199 0.599999
      vertex 0.814011 -3.36111 0.599999
    endloop
  endfacet
  facet normal -0.520379 0.853936 0
    outer loop
      vertex 0.648468 -3.46199 0.599999
      vertex 0.814011 -3.36111 0.2
      vertex 0.648468 -3.46199 0.2
    endloop
  endfacet
  facet normal -0.304009 0.952669 0
    outer loop
      vertex 0.648468 -3.46199 0.2
      vertex 0.458786 -3.52252 0.599999
      vertex 0.648468 -3.46199 0.599999
    endloop
  endfacet
  facet normal -0.304009 0.952669 0
    outer loop
      vertex 0.458786 -3.52252 0.599999
      vertex 0.648468 -3.46199 0.2
      vertex 0.458786 -3.52252 0.2
    endloop
  endfacet
  facet normal -0.0939008 0.995582 0
    outer loop
      vertex 0.458786 -3.52252 0.2
      vertex 0.244934 -3.54269 0.599999
      vertex 0.458786 -3.52252 0.599999
    endloop
  endfacet
  facet normal -0.0939008 0.995582 0
    outer loop
      vertex 0.244934 -3.54269 0.599999
      vertex 0.458786 -3.52252 0.2
      vertex 0.244934 -3.54269 0.2
    endloop
  endfacet
  facet normal 0.0915035 0.995805 -0
    outer loop
      vertex 0.244934 -3.54269 0.2
      vertex 0.029892 -3.52293 0.599999
      vertex 0.244934 -3.54269 0.599999
    endloop
  endfacet
  facet normal 0.0915035 0.995805 0
    outer loop
      vertex 0.029892 -3.52293 0.599999
      vertex 0.244934 -3.54269 0.2
      vertex 0.029892 -3.52293 0.2
    endloop
  endfacet
  facet normal 0 1 -0
    outer loop
      vertex -2.03676 -3.45035 0.2
      vertex -3.25507 -3.45035 0.599999
      vertex -2.03676 -3.45035 0.599999
    endloop
  endfacet
  facet normal 0 1 0
    outer loop
      vertex -3.25507 -3.45035 0.599999
      vertex -2.03676 -3.45035 0.2
      vertex -3.25507 -3.45035 0.2
    endloop
  endfacet
  facet normal 1 -0 0
    outer loop
      vertex -3.25507 -3.45035 0.599999
      vertex -3.25507 1.011 0.2
      vertex -3.25507 1.011 0.599999
    endloop
  endfacet
  facet normal 1 0 0
    outer loop
      vertex -3.25507 1.011 0.2
      vertex -3.25507 -3.45035 0.599999
      vertex -3.25507 -3.45035 0.2
    endloop
  endfacet
  facet normal 0 1 -0
    outer loop
      vertex -3.25507 1.011 0.2
      vertex -3.8447 1.011 0.599999
      vertex -3.25507 1.011 0.599999
    endloop
  endfacet
  facet normal 0 1 0
    outer loop
      vertex -3.8447 1.011 0.599999
      vertex -3.25507 1.011 0.2
      vertex -3.8447 1.011 0.2
    endloop
  endfacet
  facet normal -0.566628 0.823973 0
    outer loop
      vertex -3.8447 1.011 0.2
      vertex -5.02754 0.197587 0.599999
      vertex -3.8447 1.011 0.599999
    endloop
  endfacet
  facet normal -0.566628 0.823973 0
    outer loop
      vertex -5.02754 0.197587 0.599999
      vertex -3.8447 1.011 0.2
      vertex -5.02754 0.197587 0.2
    endloop
  endfacet
  facet normal -1 0 0
    outer loop
      vertex -5.02754 -0.406248 0.2
      vertex -5.02754 0.197587 0.599999
      vertex -5.02754 0.197587 0.2
    endloop
  endfacet
  facet normal -1 -0 0
    outer loop
      vertex -5.02754 0.197587 0.599999
      vertex -5.02754 -0.406248 0.2
      vertex -5.02754 -0.406248 0.599999
    endloop
  endfacet
  facet normal 0.580998 -0.813905 0
    outer loop
      vertex -5.02754 -0.406248 0.2
      vertex -3.89803 0.400041 0.599999
      vertex -5.02754 -0.406248 0.599999
    endloop
  endfacet
  facet normal 0.580998 -0.813905 0
    outer loop
      vertex -3.89803 0.400041 0.599999
      vertex -5.02754 -0.406248 0.2
      vertex -3.89803 0.400041 0.2
    endloop
  endfacet
  facet normal -1 0 0
    outer loop
      vertex -3.89803 -3.45035 0.2
      vertex -3.89803 0.400041 0.599999
      vertex -3.89803 0.400041 0.2
    endloop
  endfacet
  facet normal -1 -0 0
    outer loop
      vertex -3.89803 0.400041 0.599999
      vertex -3.89803 -3.45035 0.2
      vertex -3.89803 -3.45035 0.599999
    endloop
  endfacet
  facet normal 0 1 -0
    outer loop
      vertex -3.89803 -3.45035 0.2
      vertex -5.17316 -3.45035 0.599999
      vertex -3.89803 -3.45035 0.599999
    endloop
  endfacet
  facet normal 0 1 0
    outer loop
      vertex -5.17316 -3.45035 0.599999
      vertex -3.89803 -3.45035 0.2
      vertex -5.17316 -3.45035 0.2
    endloop
  endfacet
  facet normal -1 0 0
    outer loop
      vertex -5.17316 -3.99379 0.2
      vertex -5.17316 -3.45035 0.599999
      vertex -5.17316 -3.45035 0.2
    endloop
  endfacet
  facet normal -1 -0 0
    outer loop
      vertex -5.17316 -3.45035 0.599999
      vertex -5.17316 -3.99379 0.2
      vertex -5.17316 -3.99379 0.599999
    endloop
  endfacet
  facet normal 0 -1 0
    outer loop
      vertex -5.17316 -3.99379 0.2
      vertex -2.03676 -3.99379 0.599999
      vertex -5.17316 -3.99379 0.599999
    endloop
  endfacet
  facet normal 0 -1 -0
    outer loop
      vertex -2.03676 -3.99379 0.599999
      vertex -5.17316 -3.99379 0.2
      vertex -2.03676 -3.99379 0.2
    endloop
  endfacet
  facet normal 1 -0 0
    outer loop
      vertex -2.03676 -3.99379 0.599999
      vertex -2.03676 -3.45035 0.2
      vertex -2.03676 -3.45035 0.599999
    endloop
  endfacet
  facet normal 1 0 0
    outer loop
      vertex -2.03676 -3.45035 0.2
      vertex -2.03676 -3.99379 0.599999
      vertex -2.03676 -3.99379 0.2
    endloop
  endfacet
  facet normal 0 0 -1
    outer loop
      vertex 48.149 -4.0298 0.2
      vertex 47.2574 -1.83822 0.2
      vertex 48.8984 -4.0298 0.2
    endloop
  endfacet
  facet normal 0 -0 -1
    outer loop
      vertex 47.2574 -1.83822 0.2
      vertex 48.149 -4.0298 0.2
      vertex 46.849 -2.27511 0.2
    endloop
  endfacet
  facet normal 0 0 -1
    outer loop
      vertex 47.2574 -1.83822 0.2
      vertex 48.0673 -0.186537 0.2
      vertex 48.8168 -0.186537 0.2
    endloop
  endfacet
  facet normal 0 0 -1
    outer loop
      vertex 46.3801 -2.0513 0.2
      vertex 47.2574 -1.83822 0.2
      vertex 46.849 -2.27511 0.2
    endloop
  endfacet
  facet normal 0 0 -1
    outer loop
      vertex 46.3801 -2.0513 0.2
      vertex 46.849 -2.27511 0.2
      vertex 46.3801 -2.66226 0.2
    endloop
  endfacet
  facet normal -0 0 -1
    outer loop
      vertex 47.2574 -1.83822 0.2
      vertex 46.3801 -2.0513 0.2
      vertex 48.0673 -0.186537 0.2
    endloop
  endfacet
  facet normal 0 0 -1
    outer loop
      vertex 45.7407 -4.0298 0.2
      vertex 46.3801 -2.66226 0.2
      vertex 46.3801 -4.0298 0.2
    endloop
  endfacet
  facet normal -0 0 -1
    outer loop
      vertex 46.3801 -2.66226 0.2
      vertex 45.7407 -4.0298 0.2
      vertex 46.3801 -2.0513 0.2
    endloop
  endfacet
  facet normal 0 0 -1
    outer loop
      vertex 45.7407 1.24139 0.2
      vertex 46.3801 -2.0513 0.2
      vertex 45.7407 -4.0298 0.2
    endloop
  endfacet
  facet normal 0 0 -1
    outer loop
      vertex 46.3801 -2.0513 0.2
      vertex 45.7407 1.24139 0.2
      vertex 46.3801 1.24139 0.2
    endloop
  endfacet
  facet normal 0 0 -1
    outer loop
      vertex 43.8249 -2.89671 0.2
      vertex 42.056 -2.39229 0.2
      vertex 43.8249 -2.39229 0.2
    endloop
  endfacet
  facet normal 0 -0 -1
    outer loop
      vertex 42.056 -2.39229 0.2
      vertex 43.8249 -2.89671 0.2
      vertex 41.4663 -2.89671 0.2
    endloop
  endfacet
  facet normal 0 0 -1
    outer loop
      vertex 43.8249 -2.89671 0.2
      vertex 44.4287 -2.89671 0.2
      vertex 44.4287 -4.0298 0.2
    endloop
  endfacet
  facet normal 0 0 -1
    outer loop
      vertex 44.4287 -2.89671 0.2
      vertex 43.8249 -2.89671 0.2
      vertex 44.4287 -2.39229 0.2
    endloop
  endfacet
  facet normal 0 0 -1
    outer loop
      vertex 43.8249 -2.89671 0.2
      vertex 44.4287 -4.0298 0.2
      vertex 43.8249 -4.0298 0.2
    endloop
  endfacet
  facet normal -0 0 -1
    outer loop
      vertex 44.4287 -2.39229 0.2
      vertex 43.8249 -2.89671 0.2
      vertex 43.8249 -2.39229 0.2
    endloop
  endfacet
  facet normal 0 0 -1
    outer loop
      vertex 43.8249 0.253922 0.2
      vertex 44.4287 -2.39229 0.2
      vertex 43.8249 -2.39229 0.2
    endloop
  endfacet
  facet normal 0 0 -1
    outer loop
      vertex 44.4287 -2.39229 0.2
      vertex 43.8249 0.253922 0.2
      vertex 44.4287 0.974992 0.2
    endloop
  endfacet
  facet normal 0 0 -1
    outer loop
      vertex 43.8055 0.213578 0.2
      vertex 43.8249 0.253922 0.2
      vertex 43.8186 0.239579 0.2
    endloop
  endfacet
  facet normal 0 0 -1
    outer loop
      vertex 43.7574 0.974992 0.2
      vertex 43.8055 0.213578 0.2
      vertex 43.7857 0.17592 0.2
    endloop
  endfacet
  facet normal 0 0 -1
    outer loop
      vertex 43.7574 0.974992 0.2
      vertex 43.7857 0.17592 0.2
      vertex 43.7589 0.126618 0.2
    endloop
  endfacet
  facet normal 0 0 -1
    outer loop
      vertex 43.8249 0.253922 0.2
      vertex 43.7574 0.974992 0.2
      vertex 44.4287 0.974992 0.2
    endloop
  endfacet
  facet normal 0 0 -1
    outer loop
      vertex 43.8055 0.213578 0.2
      vertex 43.7574 0.974992 0.2
      vertex 43.8249 0.253922 0.2
    endloop
  endfacet
  facet normal 0 0 -1
    outer loop
      vertex 43.7254 0.0656748 0.2
      vertex 43.7574 0.974992 0.2
      vertex 43.7589 0.126618 0.2
    endloop
  endfacet
  facet normal 0 0 -1
    outer loop
      vertex 43.6903 0.00286961 0.2
      vertex 43.7574 0.974992 0.2
      vertex 43.7254 0.0656748 0.2
    endloop
  endfacet
  facet normal 0 0 -1
    outer loop
      vertex 43.6589 -0.0519695 0.2
      vertex 43.7574 0.974992 0.2
      vertex 43.6903 0.00286961 0.2
    endloop
  endfacet
  facet normal 0 0 -1
    outer loop
      vertex 43.6312 -0.0988598 0.2
      vertex 43.7574 0.974992 0.2
      vertex 43.6589 -0.0519695 0.2
    endloop
  endfacet
  facet normal 0 0 -1
    outer loop
      vertex 43.6072 -0.1378 0.2
      vertex 43.7574 0.974992 0.2
      vertex 43.6312 -0.0988598 0.2
    endloop
  endfacet
  facet normal 0 0 -1
    outer loop
      vertex 43.5869 -0.168776 0.2
      vertex 43.7574 0.974992 0.2
      vertex 43.6072 -0.1378 0.2
    endloop
  endfacet
  facet normal 0 0 -1
    outer loop
      vertex 41.4663 -2.39941 0.2
      vertex 43.5869 -0.168776 0.2
      vertex 42.3046 -2.05842 0.2
    endloop
  endfacet
  facet normal 0 0 -1
    outer loop
      vertex 41.4663 -2.39941 0.2
      vertex 42.3046 -2.05842 0.2
      vertex 42.1128 -2.32127 0.2
    endloop
  endfacet
  facet normal 0 0 -1
    outer loop
      vertex 41.4663 -2.39941 0.2
      vertex 42.1128 -2.32127 0.2
      vertex 42.056 -2.39229 0.2
    endloop
  endfacet
  facet normal 0 0 -1
    outer loop
      vertex 41.4663 -2.39941 0.2
      vertex 42.056 -2.39229 0.2
      vertex 41.4663 -2.89671 0.2
    endloop
  endfacet
  facet normal -0 0 -1
    outer loop
      vertex 43.5869 -0.168776 0.2
      vertex 41.4663 -2.39941 0.2
      vertex 43.7574 0.974992 0.2
    endloop
  endfacet
  facet normal 0 0 -1
    outer loop
      vertex 44.4287 -2.89671 0.2
      vertex 45.132 -2.39229 0.2
      vertex 45.132 -2.89671 0.2
    endloop
  endfacet
  facet normal -0 0 -1
    outer loop
      vertex 45.132 -2.39229 0.2
      vertex 44.4287 -2.89671 0.2
      vertex 44.4287 -2.39229 0.2
    endloop
  endfacet
  facet normal 0 0 -1
    outer loop
      vertex 51.5057 -0.108305 0.2
      vertex 51.9411 -0.400084 0.2
      vertex 51.7244 -0.767363 0.2
    endloop
  endfacet
  facet normal 0 0 -1
    outer loop
      vertex 51.1903 -0.622435 0.2
      vertex 51.7244 -0.767363 0.2
      vertex 51.5438 -1.09401 0.2
    endloop
  endfacet
  facet normal 0 0 -1
    outer loop
      vertex 51.9411 -0.400084 0.2
      vertex 51.5057 -0.108305 0.2
      vertex 51.8646 0.43155 0.2
    endloop
  endfacet
  facet normal 0 0 -1
    outer loop
      vertex 50.9186 -1.11085 0.2
      vertex 51.5438 -1.09401 0.2
      vertex 51.3993 -1.38002 0.2
    endloop
  endfacet
  facet normal 0 0 -1
    outer loop
      vertex 50.9186 -1.11085 0.2
      vertex 51.3993 -1.38002 0.2
      vertex 51.2792 -1.64497 0.2
    endloop
  endfacet
  facet normal 0 0 -1
    outer loop
      vertex 51.7244 -0.767363 0.2
      vertex 51.1903 -0.622435 0.2
      vertex 51.5057 -0.108305 0.2
    endloop
  endfacet
  facet normal 0 0 -1
    outer loop
      vertex 50.6905 -1.57353 0.2
      vertex 51.2792 -1.64497 0.2
      vertex 51.1717 -1.90854 0.2
    endloop
  endfacet
  facet normal 0 0 -1
    outer loop
      vertex 50.506 -2.0105 0.2
      vertex 51.1717 -1.90854 0.2
      vertex 51.0769 -2.17068 0.2
    endloop
  endfacet
  facet normal 0 0 -1
    outer loop
      vertex 50.506 -2.0105 0.2
      vertex 51.0769 -2.17068 0.2
      vertex 50.9947 -2.43139 0.2
    endloop
  endfacet
  facet normal 0 0 -1
    outer loop
      vertex 50.3596 -2.43056 0.2
      vertex 50.9947 -2.43139 0.2
      vertex 50.9251 -2.6907 0.2
    endloop
  endfacet
  facet normal -0 0 -1
    outer loop
      vertex 51.5438 -1.09401 0.2
      vertex 50.9186 -1.11085 0.2
      vertex 51.1903 -0.622435 0.2
    endloop
  endfacet
  facet normal 0 0 -1
    outer loop
      vertex 50.2457 -2.84251 0.2
      vertex 50.9251 -2.6907 0.2
      vertex 50.8682 -2.95114 0.2
    endloop
  endfacet
  facet normal 0 0 -1
    outer loop
      vertex 50.2457 -2.84251 0.2
      vertex 50.8682 -2.95114 0.2
      vertex 50.824 -3.21527 0.2
    endloop
  endfacet
  facet normal 0 0 -1
    outer loop
      vertex 50.1644 -3.24638 0.2
      vertex 50.824 -3.21527 0.2
      vertex 50.7923 -3.48308 0.2
    endloop
  endfacet
  facet normal 0 0 -1
    outer loop
      vertex 50.1156 -3.64213 0.2
      vertex 50.7923 -3.48308 0.2
      vertex 50.7734 -3.75459 0.2
    endloop
  endfacet
  facet normal 0 0 -1
    outer loop
      vertex 51.2792 -1.64497 0.2
      vertex 50.6905 -1.57353 0.2
      vertex 50.9186 -1.11085 0.2
    endloop
  endfacet
  facet normal 0 0 -1
    outer loop
      vertex 50.0993 -4.0298 0.2
      vertex 50.7734 -3.75459 0.2
      vertex 50.7671 -4.0298 0.2
    endloop
  endfacet
  facet normal -0 0 -1
    outer loop
      vertex 51.1717 -1.90854 0.2
      vertex 50.506 -2.0105 0.2
      vertex 50.6905 -1.57353 0.2
    endloop
  endfacet
  facet normal 0 0 -1
    outer loop
      vertex 50.9947 -2.43139 0.2
      vertex 50.3596 -2.43056 0.2
      vertex 50.506 -2.0105 0.2
    endloop
  endfacet
  facet normal -0 0 -1
    outer loop
      vertex 50.9251 -2.6907 0.2
      vertex 50.2457 -2.84251 0.2
      vertex 50.3596 -2.43056 0.2
    endloop
  endfacet
  facet normal -0 0 -1
    outer loop
      vertex 50.824 -3.21527 0.2
      vertex 50.1644 -3.24638 0.2
      vertex 50.2457 -2.84251 0.2
    endloop
  endfacet
  facet normal -0 0 -1
    outer loop
      vertex 50.7923 -3.48308 0.2
      vertex 50.1156 -3.64213 0.2
      vertex 50.1644 -3.24638 0.2
    endloop
  endfacet
  facet normal -0 0 -1
    outer loop
      vertex 50.7734 -3.75459 0.2
      vertex 50.0993 -4.0298 0.2
      vertex 50.1156 -3.64213 0.2
    endloop
  endfacet
  facet normal 0 0 -1
    outer loop
      vertex 51.8646 0.43155 0.2
      vertex 52.4827 0.456376 0.2
      vertex 52.1938 0.00782871 0.2
    endloop
  endfacet
  facet normal 0 0 -1
    outer loop
      vertex 51.8646 0.43155 0.2
      vertex 52.1938 0.00782871 0.2
      vertex 51.9411 -0.400084 0.2
    endloop
  endfacet
  facet normal -0 0 -1
    outer loop
      vertex 52.4827 0.456376 0.2
      vertex 51.8646 0.43155 0.2
      vertex 52.4827 0.974992 0.2
    endloop
  endfacet
  facet normal 0 0 -1
    outer loop
      vertex 49.1757 0.974992 0.2
      vertex 51.8646 0.43155 0.2
      vertex 49.1757 0.43155 0.2
    endloop
  endfacet
  facet normal 0 0 -1
    outer loop
      vertex 51.8646 0.43155 0.2
      vertex 49.1757 0.974992 0.2
      vertex 52.4827 0.974992 0.2
    endloop
  endfacet
  facet normal -0 0 1
    outer loop
      vertex 45.7407 1.24139 0.599999
      vertex 46.3801 -2.0513 0.599999
      vertex 46.3801 1.24139 0.599999
    endloop
  endfacet
  facet normal 0 0 1
    outer loop
      vertex 45.7407 -4.0298 0.599999
      vertex 46.3801 -2.0513 0.599999
      vertex 45.7407 1.24139 0.599999
    endloop
  endfacet
  facet normal 0 0 1
    outer loop
      vertex 46.3801 -2.0513 0.599999
      vertex 45.7407 -4.0298 0.599999
      vertex 46.3801 -2.66226 0.599999
    endloop
  endfacet
  facet normal 0 0 1
    outer loop
      vertex 46.3801 -2.66226 0.599999
      vertex 45.7407 -4.0298 0.599999
      vertex 46.3801 -4.0298 0.599999
    endloop
  endfacet
  facet normal -0 0 1
    outer loop
      vertex 48.0673 -0.186537 0.599999
      vertex 47.2574 -1.83822 0.599999
      vertex 48.8168 -0.186537 0.599999
    endloop
  endfacet
  facet normal 0 0 1
    outer loop
      vertex 46.3801 -2.0513 0.599999
      vertex 47.2574 -1.83822 0.599999
      vertex 48.0673 -0.186537 0.599999
    endloop
  endfacet
  facet normal 0 0 1
    outer loop
      vertex 47.2574 -1.83822 0.599999
      vertex 46.3801 -2.0513 0.599999
      vertex 46.849 -2.27511 0.599999
    endloop
  endfacet
  facet normal 0 0 1
    outer loop
      vertex 46.849 -2.27511 0.599999
      vertex 46.3801 -2.0513 0.599999
      vertex 46.3801 -2.66226 0.599999
    endloop
  endfacet
  facet normal 0 0 1
    outer loop
      vertex 47.2574 -1.83822 0.599999
      vertex 48.149 -4.0298 0.599999
      vertex 48.8984 -4.0298 0.599999
    endloop
  endfacet
  facet normal 0 0 1
    outer loop
      vertex 48.149 -4.0298 0.599999
      vertex 47.2574 -1.83822 0.599999
      vertex 46.849 -2.27511 0.599999
    endloop
  endfacet
  facet normal -0 0 1
    outer loop
      vertex 42.056 -2.39229 0.599999
      vertex 43.8249 -2.89671 0.599999
      vertex 43.8249 -2.39229 0.599999
    endloop
  endfacet
  facet normal 0 0 1
    outer loop
      vertex 41.4663 -2.89671 0.599999
      vertex 42.056 -2.39229 0.599999
      vertex 41.4663 -2.39941 0.599999
    endloop
  endfacet
  facet normal 0 0 1
    outer loop
      vertex 42.056 -2.39229 0.599999
      vertex 41.4663 -2.89671 0.599999
      vertex 43.8249 -2.89671 0.599999
    endloop
  endfacet
  facet normal -0 0 1
    outer loop
      vertex 43.8249 0.253922 0.599999
      vertex 44.4287 -2.39229 0.599999
      vertex 44.4287 0.974992 0.599999
    endloop
  endfacet
  facet normal 0 0 1
    outer loop
      vertex 43.8249 -2.39229 0.599999
      vertex 44.4287 -2.39229 0.599999
      vertex 43.8249 0.253922 0.599999
    endloop
  endfacet
  facet normal 0 0 1
    outer loop
      vertex 44.4287 -2.39229 0.599999
      vertex 43.8249 -2.39229 0.599999
      vertex 44.4287 -2.89671 0.599999
    endloop
  endfacet
  facet normal 0 0 1
    outer loop
      vertex 43.8249 0.253922 0.599999
      vertex 43.8055 0.213578 0.599999
      vertex 43.8186 0.239579 0.599999
    endloop
  endfacet
  facet normal 0 0 1
    outer loop
      vertex 43.7574 0.974992 0.599999
      vertex 43.8055 0.213578 0.599999
      vertex 43.8249 0.253922 0.599999
    endloop
  endfacet
  facet normal 0 0 1
    outer loop
      vertex 43.8055 0.213578 0.599999
      vertex 43.7574 0.974992 0.599999
      vertex 43.7857 0.17592 0.599999
    endloop
  endfacet
  facet normal -0 0 1
    outer loop
      vertex 43.7574 0.974992 0.599999
      vertex 43.8249 0.253922 0.599999
      vertex 44.4287 0.974992 0.599999
    endloop
  endfacet
  facet normal 0 0 1
    outer loop
      vertex 43.7857 0.17592 0.599999
      vertex 43.7574 0.974992 0.599999
      vertex 43.7589 0.126618 0.599999
    endloop
  endfacet
  facet normal 0 0 1
    outer loop
      vertex 43.7574 0.974992 0.599999
      vertex 43.7254 0.0656748 0.599999
      vertex 43.7589 0.126618 0.599999
    endloop
  endfacet
  facet normal 0 0 1
    outer loop
      vertex 43.7574 0.974992 0.599999
      vertex 43.6903 0.00286961 0.599999
      vertex 43.7254 0.0656748 0.599999
    endloop
  endfacet
  facet normal 0 0 1
    outer loop
      vertex 43.7574 0.974992 0.599999
      vertex 43.6589 -0.0519695 0.599999
      vertex 43.6903 0.00286961 0.599999
    endloop
  endfacet
  facet normal 0 0 1
    outer loop
      vertex 43.7574 0.974992 0.599999
      vertex 43.6312 -0.0988598 0.599999
      vertex 43.6589 -0.0519695 0.599999
    endloop
  endfacet
  facet normal 0 0 1
    outer loop
      vertex 43.7574 0.974992 0.599999
      vertex 43.6072 -0.1378 0.599999
      vertex 43.6312 -0.0988598 0.599999
    endloop
  endfacet
  facet normal 0 0 1
    outer loop
      vertex 43.7574 0.974992 0.599999
      vertex 43.5869 -0.168776 0.599999
      vertex 43.6072 -0.1378 0.599999
    endloop
  endfacet
  facet normal 0 0 1
    outer loop
      vertex 41.4663 -2.39941 0.599999
      vertex 43.5869 -0.168776 0.599999
      vertex 43.7574 0.974992 0.599999
    endloop
  endfacet
  facet normal 0 0 1
    outer loop
      vertex 43.5869 -0.168776 0.599999
      vertex 41.4663 -2.39941 0.599999
      vertex 42.3046 -2.05842 0.599999
    endloop
  endfacet
  facet normal 0 0 1
    outer loop
      vertex 42.3046 -2.05842 0.599999
      vertex 41.4663 -2.39941 0.599999
      vertex 42.1128 -2.32127 0.599999
    endloop
  endfacet
  facet normal 0 0 1
    outer loop
      vertex 42.1128 -2.32127 0.599999
      vertex 41.4663 -2.39941 0.599999
      vertex 42.056 -2.39229 0.599999
    endloop
  endfacet
  facet normal -0 0 1
    outer loop
      vertex 44.4287 -2.39229 0.599999
      vertex 45.132 -2.89671 0.599999
      vertex 45.132 -2.39229 0.599999
    endloop
  endfacet
  facet normal 0 0 1
    outer loop
      vertex 45.132 -2.89671 0.599999
      vertex 44.4287 -2.39229 0.599999
      vertex 44.4287 -2.89671 0.599999
    endloop
  endfacet
  facet normal 0 0 1
    outer loop
      vertex 43.8249 -2.89671 0.599999
      vertex 44.4287 -2.89671 0.599999
      vertex 43.8249 -2.39229 0.599999
    endloop
  endfacet
  facet normal 0 0 1
    outer loop
      vertex 44.4287 -2.89671 0.599999
      vertex 43.8249 -2.89671 0.599999
      vertex 44.4287 -4.0298 0.599999
    endloop
  endfacet
  facet normal 0 0 1
    outer loop
      vertex 44.4287 -4.0298 0.599999
      vertex 43.8249 -2.89671 0.599999
      vertex 43.8249 -4.0298 0.599999
    endloop
  endfacet
  facet normal 0 0 1
    outer loop
      vertex 51.8646 0.43155 0.599999
      vertex 52.4827 0.456376 0.599999
      vertex 52.4827 0.974992 0.599999
    endloop
  endfacet
  facet normal 0 0 1
    outer loop
      vertex 52.4827 0.456376 0.599999
      vertex 51.8646 0.43155 0.599999
      vertex 52.1938 0.00782871 0.599999
    endloop
  endfacet
  facet normal 0 0 1
    outer loop
      vertex 51.5057 -0.108305 0.599999
      vertex 52.1938 0.00782871 0.599999
      vertex 51.8646 0.43155 0.599999
    endloop
  endfacet
  facet normal -0 0 1
    outer loop
      vertex 49.1757 0.974992 0.599999
      vertex 51.8646 0.43155 0.599999
      vertex 52.4827 0.974992 0.599999
    endloop
  endfacet
  facet normal 0 0 1
    outer loop
      vertex 51.8646 0.43155 0.599999
      vertex 49.1757 0.974992 0.599999
      vertex 49.1757 0.43155 0.599999
    endloop
  endfacet
  facet normal 0 0 1
    outer loop
      vertex 52.1938 0.00782871 0.599999
      vertex 51.5057 -0.108305 0.599999
      vertex 51.9411 -0.400084 0.599999
    endloop
  endfacet
  facet normal 0 0 1
    outer loop
      vertex 51.9411 -0.400084 0.599999
      vertex 51.5057 -0.108305 0.599999
      vertex 51.7244 -0.767363 0.599999
    endloop
  endfacet
  facet normal -0 0 1
    outer loop
      vertex 51.1903 -0.622435 0.599999
      vertex 51.7244 -0.767363 0.599999
      vertex 51.5057 -0.108305 0.599999
    endloop
  endfacet
  facet normal 0 0 1
    outer loop
      vertex 51.7244 -0.767363 0.599999
      vertex 51.1903 -0.622435 0.599999
      vertex 51.5438 -1.09401 0.599999
    endloop
  endfacet
  facet normal 0 0 1
    outer loop
      vertex 50.9186 -1.11085 0.599999
      vertex 51.5438 -1.09401 0.599999
      vertex 51.1903 -0.622435 0.599999
    endloop
  endfacet
  facet normal 0 0 1
    outer loop
      vertex 51.5438 -1.09401 0.599999
      vertex 50.9186 -1.11085 0.599999
      vertex 51.3993 -1.38002 0.599999
    endloop
  endfacet
  facet normal 0 0 1
    outer loop
      vertex 51.3993 -1.38002 0.599999
      vertex 50.9186 -1.11085 0.599999
      vertex 51.2792 -1.64497 0.599999
    endloop
  endfacet
  facet normal -0 0 1
    outer loop
      vertex 50.6905 -1.57353 0.599999
      vertex 51.2792 -1.64497 0.599999
      vertex 50.9186 -1.11085 0.599999
    endloop
  endfacet
  facet normal 0 0 1
    outer loop
      vertex 51.2792 -1.64497 0.599999
      vertex 50.6905 -1.57353 0.599999
      vertex 51.1717 -1.90854 0.599999
    endloop
  endfacet
  facet normal 0 0 1
    outer loop
      vertex 50.506 -2.0105 0.599999
      vertex 51.1717 -1.90854 0.599999
      vertex 50.6905 -1.57353 0.599999
    endloop
  endfacet
  facet normal 0 0 1
    outer loop
      vertex 51.1717 -1.90854 0.599999
      vertex 50.506 -2.0105 0.599999
      vertex 51.0769 -2.17068 0.599999
    endloop
  endfacet
  facet normal 0 0 1
    outer loop
      vertex 51.0769 -2.17068 0.599999
      vertex 50.506 -2.0105 0.599999
      vertex 50.9947 -2.43139 0.599999
    endloop
  endfacet
  facet normal -0 0 1
    outer loop
      vertex 50.3596 -2.43056 0.599999
      vertex 50.9947 -2.43139 0.599999
      vertex 50.506 -2.0105 0.599999
    endloop
  endfacet
  facet normal 0 0 1
    outer loop
      vertex 50.9947 -2.43139 0.599999
      vertex 50.3596 -2.43056 0.599999
      vertex 50.9251 -2.6907 0.599999
    endloop
  endfacet
  facet normal 0 0 1
    outer loop
      vertex 50.2457 -2.84251 0.599999
      vertex 50.9251 -2.6907 0.599999
      vertex 50.3596 -2.43056 0.599999
    endloop
  endfacet
  facet normal 0 0 1
    outer loop
      vertex 50.9251 -2.6907 0.599999
      vertex 50.2457 -2.84251 0.599999
      vertex 50.8682 -2.95114 0.599999
    endloop
  endfacet
  facet normal 0 0 1
    outer loop
      vertex 50.8682 -2.95114 0.599999
      vertex 50.2457 -2.84251 0.599999
      vertex 50.824 -3.21527 0.599999
    endloop
  endfacet
  facet normal 0 0 1
    outer loop
      vertex 50.1644 -3.24638 0.599999
      vertex 50.824 -3.21527 0.599999
      vertex 50.2457 -2.84251 0.599999
    endloop
  endfacet
  facet normal 0 0 1
    outer loop
      vertex 50.824 -3.21527 0.599999
      vertex 50.1644 -3.24638 0.599999
      vertex 50.7923 -3.48308 0.599999
    endloop
  endfacet
  facet normal 0 0 1
    outer loop
      vertex 50.1156 -3.64213 0.599999
      vertex 50.7923 -3.48308 0.599999
      vertex 50.1644 -3.24638 0.599999
    endloop
  endfacet
  facet normal 0 0 1
    outer loop
      vertex 50.7923 -3.48308 0.599999
      vertex 50.1156 -3.64213 0.599999
      vertex 50.7734 -3.75459 0.599999
    endloop
  endfacet
  facet normal 0 0 1
    outer loop
      vertex 50.0993 -4.0298 0.599999
      vertex 50.7734 -3.75459 0.599999
      vertex 50.1156 -3.64213 0.599999
    endloop
  endfacet
  facet normal 0 0 1
    outer loop
      vertex 50.7734 -3.75459 0.599999
      vertex 50.0993 -4.0298 0.599999
      vertex 50.7671 -4.0298 0.599999
    endloop
  endfacet
  facet normal 0.636684 -0.771125 0
    outer loop
      vertex 46.3801 -2.66226 0.2
      vertex 46.849 -2.27511 0.599999
      vertex 46.3801 -2.66226 0.599999
    endloop
  endfacet
  facet normal 0.636684 -0.771125 0
    outer loop
      vertex 46.849 -2.27511 0.599999
      vertex 46.3801 -2.66226 0.2
      vertex 46.849 -2.27511 0.2
    endloop
  endfacet
  facet normal -0.803507 -0.595295 0
    outer loop
      vertex 48.149 -4.0298 0.2
      vertex 46.849 -2.27511 0.599999
      vertex 46.849 -2.27511 0.2
    endloop
  endfacet
  facet normal -0.803507 -0.595295 0
    outer loop
      vertex 46.849 -2.27511 0.599999
      vertex 48.149 -4.0298 0.2
      vertex 48.149 -4.0298 0.599999
    endloop
  endfacet
  facet normal 0 -1 0
    outer loop
      vertex 48.149 -4.0298 0.2
      vertex 48.8984 -4.0298 0.599999
      vertex 48.149 -4.0298 0.599999
    endloop
  endfacet
  facet normal 0 -1 -0
    outer loop
      vertex 48.8984 -4.0298 0.599999
      vertex 48.149 -4.0298 0.2
      vertex 48.8984 -4.0298 0.2
    endloop
  endfacet
  facet normal 0.80047 0.599372 0
    outer loop
      vertex 48.8984 -4.0298 0.599999
      vertex 47.2574 -1.83822 0.2
      vertex 47.2574 -1.83822 0.599999
    endloop
  endfacet
  facet normal 0.80047 0.599372 0
    outer loop
      vertex 47.2574 -1.83822 0.2
      vertex 48.8984 -4.0298 0.599999
      vertex 48.8984 -4.0298 0.2
    endloop
  endfacet
  facet normal 0.727128 -0.686502 0
    outer loop
      vertex 47.2574 -1.83822 0.599999
      vertex 48.8168 -0.186537 0.2
      vertex 48.8168 -0.186537 0.599999
    endloop
  endfacet
  facet normal 0.727128 -0.686502 0
    outer loop
      vertex 48.8168 -0.186537 0.2
      vertex 47.2574 -1.83822 0.599999
      vertex 47.2574 -1.83822 0.2
    endloop
  endfacet
  facet normal 0 1 -0
    outer loop
      vertex 48.8168 -0.186537 0.2
      vertex 48.0673 -0.186537 0.599999
      vertex 48.8168 -0.186537 0.599999
    endloop
  endfacet
  facet normal 0 1 0
    outer loop
      vertex 48.0673 -0.186537 0.599999
      vertex 48.8168 -0.186537 0.2
      vertex 48.0673 -0.186537 0.2
    endloop
  endfacet
  facet normal -0.741529 0.670921 0
    outer loop
      vertex 46.3801 -2.0513 0.2
      vertex 48.0673 -0.186537 0.599999
      vertex 48.0673 -0.186537 0.2
    endloop
  endfacet
  facet normal -0.741529 0.670921 0
    outer loop
      vertex 48.0673 -0.186537 0.599999
      vertex 46.3801 -2.0513 0.2
      vertex 46.3801 -2.0513 0.599999
    endloop
  endfacet
  facet normal 1 -0 0
    outer loop
      vertex 46.3801 -2.0513 0.599999
      vertex 46.3801 1.24139 0.2
      vertex 46.3801 1.24139 0.599999
    endloop
  endfacet
  facet normal 1 0 0
    outer loop
      vertex 46.3801 1.24139 0.2
      vertex 46.3801 -2.0513 0.599999
      vertex 46.3801 -2.0513 0.2
    endloop
  endfacet
  facet normal 0 1 -0
    outer loop
      vertex 46.3801 1.24139 0.2
      vertex 45.7407 1.24139 0.599999
      vertex 46.3801 1.24139 0.599999
    endloop
  endfacet
  facet normal 0 1 0
    outer loop
      vertex 45.7407 1.24139 0.599999
      vertex 46.3801 1.24139 0.2
      vertex 45.7407 1.24139 0.2
    endloop
  endfacet
  facet normal -1 0 0
    outer loop
      vertex 45.7407 -4.0298 0.2
      vertex 45.7407 1.24139 0.599999
      vertex 45.7407 1.24139 0.2
    endloop
  endfacet
  facet normal -1 -0 0
    outer loop
      vertex 45.7407 1.24139 0.599999
      vertex 45.7407 -4.0298 0.2
      vertex 45.7407 -4.0298 0.599999
    endloop
  endfacet
  facet normal 0 -1 0
    outer loop
      vertex 45.7407 -4.0298 0.2
      vertex 46.3801 -4.0298 0.599999
      vertex 45.7407 -4.0298 0.599999
    endloop
  endfacet
  facet normal 0 -1 -0
    outer loop
      vertex 46.3801 -4.0298 0.599999
      vertex 45.7407 -4.0298 0.2
      vertex 46.3801 -4.0298 0.2
    endloop
  endfacet
  facet normal 1 -0 0
    outer loop
      vertex 46.3801 -4.0298 0.599999
      vertex 46.3801 -2.66226 0.2
      vertex 46.3801 -2.66226 0.599999
    endloop
  endfacet
  facet normal 1 0 0
    outer loop
      vertex 46.3801 -2.66226 0.2
      vertex 46.3801 -4.0298 0.599999
      vertex 46.3801 -4.0298 0.2
    endloop
  endfacet
  facet normal 0 -1 0
    outer loop
      vertex 44.4287 -2.89671 0.2
      vertex 45.132 -2.89671 0.599999
      vertex 44.4287 -2.89671 0.599999
    endloop
  endfacet
  facet normal 0 -1 -0
    outer loop
      vertex 45.132 -2.89671 0.599999
      vertex 44.4287 -2.89671 0.2
      vertex 45.132 -2.89671 0.2
    endloop
  endfacet
  facet normal 1 -0 0
    outer loop
      vertex 45.132 -2.89671 0.599999
      vertex 45.132 -2.39229 0.2
      vertex 45.132 -2.39229 0.599999
    endloop
  endfacet
  facet normal 1 0 0
    outer loop
      vertex 45.132 -2.39229 0.2
      vertex 45.132 -2.89671 0.599999
      vertex 45.132 -2.89671 0.2
    endloop
  endfacet
  facet normal 0 1 -0
    outer loop
      vertex 45.132 -2.39229 0.2
      vertex 44.4287 -2.39229 0.599999
      vertex 45.132 -2.39229 0.599999
    endloop
  endfacet
  facet normal 0 1 0
    outer loop
      vertex 44.4287 -2.39229 0.599999
      vertex 45.132 -2.39229 0.2
      vertex 44.4287 -2.39229 0.2
    endloop
  endfacet
  facet normal 1 -0 0
    outer loop
      vertex 44.4287 -2.39229 0.599999
      vertex 44.4287 0.974992 0.2
      vertex 44.4287 0.974992 0.599999
    endloop
  endfacet
  facet normal 1 0 0
    outer loop
      vertex 44.4287 0.974992 0.2
      vertex 44.4287 -2.39229 0.599999
      vertex 44.4287 -2.39229 0.2
    endloop
  endfacet
  facet normal 0 1 -0
    outer loop
      vertex 44.4287 0.974992 0.2
      vertex 43.7574 0.974992 0.599999
      vertex 44.4287 0.974992 0.599999
    endloop
  endfacet
  facet normal 0 1 0
    outer loop
      vertex 43.7574 0.974992 0.599999
      vertex 44.4287 0.974992 0.2
      vertex 43.7574 0.974992 0.2
    endloop
  endfacet
  facet normal -0.827325 0.561724 0
    outer loop
      vertex 41.4663 -2.39941 0.2
      vertex 43.7574 0.974992 0.599999
      vertex 43.7574 0.974992 0.2
    endloop
  endfacet
  facet normal -0.827325 0.561724 0
    outer loop
      vertex 43.7574 0.974992 0.599999
      vertex 41.4663 -2.39941 0.2
      vertex 41.4663 -2.39941 0.599999
    endloop
  endfacet
  facet normal -1 0 0
    outer loop
      vertex 41.4663 -2.89671 0.2
      vertex 41.4663 -2.39941 0.599999
      vertex 41.4663 -2.39941 0.2
    endloop
  endfacet
  facet normal -1 -0 0
    outer loop
      vertex 41.4663 -2.39941 0.599999
      vertex 41.4663 -2.89671 0.2
      vertex 41.4663 -2.89671 0.599999
    endloop
  endfacet
  facet normal 0 -1 0
    outer loop
      vertex 41.4663 -2.89671 0.2
      vertex 43.8249 -2.89671 0.599999
      vertex 41.4663 -2.89671 0.599999
    endloop
  endfacet
  facet normal 0 -1 -0
    outer loop
      vertex 43.8249 -2.89671 0.599999
      vertex 41.4663 -2.89671 0.2
      vertex 43.8249 -2.89671 0.2
    endloop
  endfacet
  facet normal -1 0 0
    outer loop
      vertex 43.8249 -4.0298 0.2
      vertex 43.8249 -2.89671 0.599999
      vertex 43.8249 -2.89671 0.2
    endloop
  endfacet
  facet normal -1 -0 0
    outer loop
      vertex 43.8249 -2.89671 0.599999
      vertex 43.8249 -4.0298 0.2
      vertex 43.8249 -4.0298 0.599999
    endloop
  endfacet
  facet normal 0 -1 0
    outer loop
      vertex 43.8249 -4.0298 0.2
      vertex 44.4287 -4.0298 0.599999
      vertex 43.8249 -4.0298 0.599999
    endloop
  endfacet
  facet normal 0 -1 -0
    outer loop
      vertex 44.4287 -4.0298 0.599999
      vertex 43.8249 -4.0298 0.2
      vertex 44.4287 -4.0298 0.2
    endloop
  endfacet
  facet normal 1 -0 0
    outer loop
      vertex 44.4287 -4.0298 0.599999
      vertex 44.4287 -2.89671 0.2
      vertex 44.4287 -2.89671 0.599999
    endloop
  endfacet
  facet normal 1 0 0
    outer loop
      vertex 44.4287 -2.89671 0.2
      vertex 44.4287 -4.0298 0.599999
      vertex 44.4287 -4.0298 0.2
    endloop
  endfacet
  facet normal 0.780955 -0.624588 0
    outer loop
      vertex 42.056 -2.39229 0.599999
      vertex 42.1128 -2.32127 0.2
      vertex 42.1128 -2.32127 0.599999
    endloop
  endfacet
  facet normal 0.780955 -0.624588 0
    outer loop
      vertex 42.1128 -2.32127 0.2
      vertex 42.056 -2.39229 0.599999
      vertex 42.056 -2.39229 0.2
    endloop
  endfacet
  facet normal 0.807805 -0.58945 0
    outer loop
      vertex 42.1128 -2.32127 0.599999
      vertex 42.3046 -2.05842 0.2
      vertex 42.3046 -2.05842 0.599999
    endloop
  endfacet
  facet normal 0.807805 -0.58945 0
    outer loop
      vertex 42.3046 -2.05842 0.2
      vertex 42.1128 -2.32127 0.599999
      vertex 42.1128 -2.32127 0.2
    endloop
  endfacet
  facet normal 0.827467 -0.561514 0
    outer loop
      vertex 42.3046 -2.05842 0.599999
      vertex 43.5869 -0.168776 0.2
      vertex 43.5869 -0.168776 0.599999
    endloop
  endfacet
  facet normal 0.827467 -0.561514 0
    outer loop
      vertex 43.5869 -0.168776 0.2
      vertex 42.3046 -2.05842 0.599999
      vertex 42.3046 -2.05842 0.2
    endloop
  endfacet
  facet normal 0.836395 -0.548128 0
    outer loop
      vertex 43.5869 -0.168776 0.599999
      vertex 43.6072 -0.1378 0.2
      vertex 43.6072 -0.1378 0.599999
    endloop
  endfacet
  facet normal 0.836395 -0.548128 0
    outer loop
      vertex 43.6072 -0.1378 0.2
      vertex 43.5869 -0.168776 0.599999
      vertex 43.5869 -0.168776 0.2
    endloop
  endfacet
  facet normal 0.851299 -0.524681 0
    outer loop
      vertex 43.6072 -0.1378 0.599999
      vertex 43.6312 -0.0988598 0.2
      vertex 43.6312 -0.0988598 0.599999
    endloop
  endfacet
  facet normal 0.851299 -0.524681 0
    outer loop
      vertex 43.6312 -0.0988598 0.2
      vertex 43.6072 -0.1378 0.599999
      vertex 43.6072 -0.1378 0.2
    endloop
  endfacet
  facet normal 0.86099 -0.508622 0
    outer loop
      vertex 43.6312 -0.0988598 0.599999
      vertex 43.6589 -0.0519695 0.2
      vertex 43.6589 -0.0519695 0.599999
    endloop
  endfacet
  facet normal 0.86099 -0.508622 0
    outer loop
      vertex 43.6589 -0.0519695 0.2
      vertex 43.6312 -0.0988598 0.599999
      vertex 43.6312 -0.0988598 0.2
    endloop
  endfacet
  facet normal 0.867811 -0.496895 0
    outer loop
      vertex 43.6589 -0.0519695 0.599999
      vertex 43.6903 0.00286961 0.2
      vertex 43.6903 0.00286961 0.599999
    endloop
  endfacet
  facet normal 0.867811 -0.496895 0
    outer loop
      vertex 43.6903 0.00286961 0.2
      vertex 43.6589 -0.0519695 0.599999
      vertex 43.6589 -0.0519695 0.2
    endloop
  endfacet
  facet normal 0.872926 -0.487853 0
    outer loop
      vertex 43.6903 0.00286961 0.599999
      vertex 43.7254 0.0656748 0.2
      vertex 43.7254 0.0656748 0.599999
    endloop
  endfacet
  facet normal 0.872926 -0.487853 0
    outer loop
      vertex 43.7254 0.0656748 0.2
      vertex 43.6903 0.00286961 0.599999
      vertex 43.6903 0.00286961 0.2
    endloop
  endfacet
  facet normal 0.87633 -0.481712 0
    outer loop
      vertex 43.7254 0.0656748 0.599999
      vertex 43.7589 0.126618 0.2
      vertex 43.7589 0.126618 0.599999
    endloop
  endfacet
  facet normal 0.87633 -0.481712 0
    outer loop
      vertex 43.7589 0.126618 0.2
      vertex 43.7254 0.0656748 0.599999
      vertex 43.7254 0.0656748 0.2
    endloop
  endfacet
  facet normal 0.878584 -0.477588 0
    outer loop
      vertex 43.7589 0.126618 0.599999
      vertex 43.7857 0.17592 0.2
      vertex 43.7857 0.17592 0.599999
    endloop
  endfacet
  facet normal 0.878584 -0.477588 0
    outer loop
      vertex 43.7857 0.17592 0.2
      vertex 43.7589 0.126618 0.599999
      vertex 43.7589 0.126618 0.2
    endloop
  endfacet
  facet normal 0.885112 -0.465378 0
    outer loop
      vertex 43.7857 0.17592 0.599999
      vertex 43.8055 0.213578 0.2
      vertex 43.8055 0.213578 0.599999
    endloop
  endfacet
  facet normal 0.885112 -0.465378 0
    outer loop
      vertex 43.8055 0.213578 0.2
      vertex 43.7857 0.17592 0.599999
      vertex 43.7857 0.17592 0.2
    endloop
  endfacet
  facet normal 0.893056 -0.449946 0
    outer loop
      vertex 43.8055 0.213578 0.599999
      vertex 43.8186 0.239579 0.2
      vertex 43.8186 0.239579 0.599999
    endloop
  endfacet
  facet normal 0.893056 -0.449946 0
    outer loop
      vertex 43.8186 0.239579 0.2
      vertex 43.8055 0.213578 0.599999
      vertex 43.8055 0.213578 0.2
    endloop
  endfacet
  facet normal 0.915572 -0.402155 0
    outer loop
      vertex 43.8186 0.239579 0.599999
      vertex 43.8249 0.253922 0.2
      vertex 43.8249 0.253922 0.599999
    endloop
  endfacet
  facet normal 0.915572 -0.402155 0
    outer loop
      vertex 43.8249 0.253922 0.2
      vertex 43.8186 0.239579 0.599999
      vertex 43.8186 0.239579 0.2
    endloop
  endfacet
  facet normal -1 0 0
    outer loop
      vertex 43.8249 -2.39229 0.2
      vertex 43.8249 0.253922 0.599999
      vertex 43.8249 0.253922 0.2
    endloop
  endfacet
  facet normal -1 -0 0
    outer loop
      vertex 43.8249 0.253922 0.599999
      vertex 43.8249 -2.39229 0.2
      vertex 43.8249 -2.39229 0.599999
    endloop
  endfacet
  facet normal 0 1 -0
    outer loop
      vertex 43.8249 -2.39229 0.2
      vertex 42.056 -2.39229 0.599999
      vertex 43.8249 -2.39229 0.599999
    endloop
  endfacet
  facet normal 0 1 0
    outer loop
      vertex 42.056 -2.39229 0.599999
      vertex 43.8249 -2.39229 0.2
      vertex 42.056 -2.39229 0.2
    endloop
  endfacet
  facet normal 0.997586 -0.0694427 0
    outer loop
      vertex 50.7734 -3.75459 0.599999
      vertex 50.7923 -3.48308 0.2
      vertex 50.7923 -3.48308 0.599999
    endloop
  endfacet
  facet normal 0.997586 -0.0694427 0
    outer loop
      vertex 50.7923 -3.48308 0.2
      vertex 50.7734 -3.75459 0.599999
      vertex 50.7734 -3.75459 0.2
    endloop
  endfacet
  facet normal 0.993067 -0.117547 0
    outer loop
      vertex 50.7923 -3.48308 0.599999
      vertex 50.824 -3.21527 0.2
      vertex 50.824 -3.21527 0.599999
    endloop
  endfacet
  facet normal 0.993067 -0.117547 0
    outer loop
      vertex 50.824 -3.21527 0.2
      vertex 50.7923 -3.48308 0.599999
      vertex 50.7923 -3.48308 0.2
    endloop
  endfacet
  facet normal 0.986286 -0.165047 0
    outer loop
      vertex 50.824 -3.21527 0.599999
      vertex 50.8682 -2.95114 0.2
      vertex 50.8682 -2.95114 0.599999
    endloop
  endfacet
  facet normal 0.986286 -0.165047 0
    outer loop
      vertex 50.8682 -2.95114 0.2
      vertex 50.824 -3.21527 0.599999
      vertex 50.824 -3.21527 0.2
    endloop
  endfacet
  facet normal 0.976956 -0.213442 0
    outer loop
      vertex 50.8682 -2.95114 0.599999
      vertex 50.9251 -2.6907 0.2
      vertex 50.9251 -2.6907 0.599999
    endloop
  endfacet
  facet normal 0.976956 -0.213442 0
    outer loop
      vertex 50.9251 -2.6907 0.2
      vertex 50.8682 -2.95114 0.599999
      vertex 50.8682 -2.95114 0.2
    endloop
  endfacet
  facet normal 0.965816 -0.259229 0
    outer loop
      vertex 50.9251 -2.6907 0.599999
      vertex 50.9947 -2.43139 0.2
      vertex 50.9947 -2.43139 0.599999
    endloop
  endfacet
  facet normal 0.965816 -0.259229 0
    outer loop
      vertex 50.9947 -2.43139 0.2
      vertex 50.9251 -2.6907 0.599999
      vertex 50.9251 -2.6907 0.2
    endloop
  endfacet
  facet normal 0.953719 -0.300701 0
    outer loop
      vertex 50.9947 -2.43139 0.599999
      vertex 51.0769 -2.17068 0.2
      vertex 51.0769 -2.17068 0.599999
    endloop
  endfacet
  facet normal 0.953719 -0.300701 0
    outer loop
      vertex 51.0769 -2.17068 0.2
      vertex 50.9947 -2.43139 0.599999
      vertex 50.9947 -2.43139 0.2
    endloop
  endfacet
  facet normal 0.940395 -0.340083 0
    outer loop
      vertex 51.0769 -2.17068 0.599999
      vertex 51.1717 -1.90854 0.2
      vertex 51.1717 -1.90854 0.599999
    endloop
  endfacet
  facet normal 0.940395 -0.340083 0
    outer loop
      vertex 51.1717 -1.90854 0.2
      vertex 51.0769 -2.17068 0.599999
      vertex 51.0769 -2.17068 0.2
    endloop
  endfacet
  facet normal 0.925945 -0.377657 0
    outer loop
      vertex 51.1717 -1.90854 0.599999
      vertex 51.2792 -1.64497 0.2
      vertex 51.2792 -1.64497 0.599999
    endloop
  endfacet
  facet normal 0.925945 -0.377657 0
    outer loop
      vertex 51.2792 -1.64497 0.2
      vertex 51.1717 -1.90854 0.599999
      vertex 51.1717 -1.90854 0.2
    endloop
  endfacet
  facet normal 0.910796 -0.412857 0
    outer loop
      vertex 51.2792 -1.64497 0.599999
      vertex 51.3993 -1.38002 0.2
      vertex 51.3993 -1.38002 0.599999
    endloop
  endfacet
  facet normal 0.910796 -0.412857 0
    outer loop
      vertex 51.3993 -1.38002 0.2
      vertex 51.2792 -1.64497 0.599999
      vertex 51.2792 -1.64497 0.2
    endloop
  endfacet
  facet normal 0.892553 -0.450942 0
    outer loop
      vertex 51.3993 -1.38002 0.599999
      vertex 51.5438 -1.09401 0.2
      vertex 51.5438 -1.09401 0.599999
    endloop
  endfacet
  facet normal 0.892553 -0.450942 0
    outer loop
      vertex 51.5438 -1.09401 0.2
      vertex 51.3993 -1.38002 0.599999
      vertex 51.3993 -1.38002 0.2
    endloop
  endfacet
  facet normal 0.875146 -0.48386 0
    outer loop
      vertex 51.5438 -1.09401 0.599999
      vertex 51.7244 -0.767363 0.2
      vertex 51.7244 -0.767363 0.599999
    endloop
  endfacet
  facet normal 0.875146 -0.48386 0
    outer loop
      vertex 51.7244 -0.767363 0.2
      vertex 51.5438 -1.09401 0.599999
      vertex 51.5438 -1.09401 0.2
    endloop
  endfacet
  facet normal 0.861264 -0.508158 0
    outer loop
      vertex 51.7244 -0.767363 0.599999
      vertex 51.9411 -0.400084 0.2
      vertex 51.9411 -0.400084 0.599999
    endloop
  endfacet
  facet normal 0.861264 -0.508158 0
    outer loop
      vertex 51.9411 -0.400084 0.2
      vertex 51.7244 -0.767363 0.599999
      vertex 51.7244 -0.767363 0.2
    endloop
  endfacet
  facet normal 0.850095 -0.52663 0
    outer loop
      vertex 51.9411 -0.400084 0.599999
      vertex 52.1938 0.00782871 0.2
      vertex 52.1938 0.00782871 0.599999
    endloop
  endfacet
  facet normal 0.850095 -0.52663 0
    outer loop
      vertex 52.1938 0.00782871 0.2
      vertex 51.9411 -0.400084 0.599999
      vertex 51.9411 -0.400084 0.2
    endloop
  endfacet
  facet normal 0.840711 -0.541484 0
    outer loop
      vertex 52.1938 0.00782871 0.599999
      vertex 52.4827 0.456376 0.2
      vertex 52.4827 0.456376 0.599999
    endloop
  endfacet
  facet normal 0.840711 -0.541484 0
    outer loop
      vertex 52.4827 0.456376 0.2
      vertex 52.1938 0.00782871 0.599999
      vertex 52.1938 0.00782871 0.2
    endloop
  endfacet
  facet normal 1 -0 0
    outer loop
      vertex 52.4827 0.456376 0.599999
      vertex 52.4827 0.974992 0.2
      vertex 52.4827 0.974992 0.599999
    endloop
  endfacet
  facet normal 1 0 0
    outer loop
      vertex 52.4827 0.974992 0.2
      vertex 52.4827 0.456376 0.599999
      vertex 52.4827 0.456376 0.2
    endloop
  endfacet
  facet normal 0 1 -0
    outer loop
      vertex 52.4827 0.974992 0.2
      vertex 49.1757 0.974992 0.599999
      vertex 52.4827 0.974992 0.599999
    endloop
  endfacet
  facet normal 0 1 0
    outer loop
      vertex 49.1757 0.974992 0.599999
      vertex 52.4827 0.974992 0.2
      vertex 49.1757 0.974992 0.2
    endloop
  endfacet
  facet normal -1 0 0
    outer loop
      vertex 49.1757 0.43155 0.2
      vertex 49.1757 0.974992 0.599999
      vertex 49.1757 0.974992 0.2
    endloop
  endfacet
  facet normal -1 -0 0
    outer loop
      vertex 49.1757 0.974992 0.599999
      vertex 49.1757 0.43155 0.2
      vertex 49.1757 0.43155 0.599999
    endloop
  endfacet
  facet normal 0 -1 0
    outer loop
      vertex 49.1757 0.43155 0.2
      vertex 51.8646 0.43155 0.599999
      vertex 49.1757 0.43155 0.599999
    endloop
  endfacet
  facet normal 0 -1 -0
    outer loop
      vertex 51.8646 0.43155 0.599999
      vertex 49.1757 0.43155 0.2
      vertex 51.8646 0.43155 0.2
    endloop
  endfacet
  facet normal -0.832764 0.553628 0
    outer loop
      vertex 51.5057 -0.108305 0.2
      vertex 51.8646 0.43155 0.599999
      vertex 51.8646 0.43155 0.2
    endloop
  endfacet
  facet normal -0.832764 0.553628 0
    outer loop
      vertex 51.8646 0.43155 0.599999
      vertex 51.5057 -0.108305 0.2
      vertex 51.5057 -0.108305 0.599999
    endloop
  endfacet
  facet normal -0.852388 0.522909 0
    outer loop
      vertex 51.1903 -0.622435 0.2
      vertex 51.5057 -0.108305 0.599999
      vertex 51.5057 -0.108305 0.2
    endloop
  endfacet
  facet normal -0.852388 0.522909 0
    outer loop
      vertex 51.5057 -0.108305 0.599999
      vertex 51.1903 -0.622435 0.2
      vertex 51.1903 -0.622435 0.599999
    endloop
  endfacet
  facet normal -0.873885 0.486133 0
    outer loop
      vertex 50.9186 -1.11085 0.2
      vertex 51.1903 -0.622435 0.599999
      vertex 51.1903 -0.622435 0.2
    endloop
  endfacet
  facet normal -0.873885 0.486133 0
    outer loop
      vertex 51.1903 -0.622435 0.599999
      vertex 50.9186 -1.11085 0.2
      vertex 50.9186 -1.11085 0.599999
    endloop
  endfacet
  facet normal -0.896925 0.442182 0
    outer loop
      vertex 50.6905 -1.57353 0.2
      vertex 50.9186 -1.11085 0.599999
      vertex 50.9186 -1.11085 0.2
    endloop
  endfacet
  facet normal -0.896925 0.442182 0
    outer loop
      vertex 50.9186 -1.11085 0.599999
      vertex 50.6905 -1.57353 0.2
      vertex 50.6905 -1.57353 0.599999
    endloop
  endfacet
  facet normal -0.921248 0.388975 0
    outer loop
      vertex 50.506 -2.0105 0.2
      vertex 50.6905 -1.57353 0.599999
      vertex 50.6905 -1.57353 0.2
    endloop
  endfacet
  facet normal -0.921248 0.388975 0
    outer loop
      vertex 50.6905 -1.57353 0.599999
      vertex 50.506 -2.0105 0.2
      vertex 50.506 -2.0105 0.599999
    endloop
  endfacet
  facet normal -0.944293 0.329106 0
    outer loop
      vertex 50.3596 -2.43056 0.2
      vertex 50.506 -2.0105 0.599999
      vertex 50.506 -2.0105 0.2
    endloop
  endfacet
  facet normal -0.944293 0.329106 0
    outer loop
      vertex 50.506 -2.0105 0.599999
      vertex 50.3596 -2.43056 0.2
      vertex 50.3596 -2.43056 0.599999
    endloop
  endfacet
  facet normal -0.963837 0.266491 0
    outer loop
      vertex 50.2457 -2.84251 0.2
      vertex 50.3596 -2.43056 0.599999
      vertex 50.3596 -2.43056 0.2
    endloop
  endfacet
  facet normal -0.963837 0.266491 0
    outer loop
      vertex 50.3596 -2.43056 0.599999
      vertex 50.2457 -2.84251 0.2
      vertex 50.2457 -2.84251 0.599999
    endloop
  endfacet
  facet normal -0.980334 0.197344 0
    outer loop
      vertex 50.1644 -3.24638 0.2
      vertex 50.2457 -2.84251 0.599999
      vertex 50.2457 -2.84251 0.2
    endloop
  endfacet
  facet normal -0.980334 0.197344 0
    outer loop
      vertex 50.2457 -2.84251 0.599999
      vertex 50.1644 -3.24638 0.2
      vertex 50.1644 -3.24638 0.599999
    endloop
  endfacet
  facet normal -0.992483 0.122383 0
    outer loop
      vertex 50.1156 -3.64213 0.2
      vertex 50.1644 -3.24638 0.599999
      vertex 50.1644 -3.24638 0.2
    endloop
  endfacet
  facet normal -0.992483 0.122383 0
    outer loop
      vertex 50.1644 -3.24638 0.599999
      vertex 50.1156 -3.64213 0.2
      vertex 50.1156 -3.64213 0.599999
    endloop
  endfacet
  facet normal -0.999117 0.042009 0
    outer loop
      vertex 50.0993 -4.0298 0.2
      vertex 50.1156 -3.64213 0.599999
      vertex 50.1156 -3.64213 0.2
    endloop
  endfacet
  facet normal -0.999117 0.042009 0
    outer loop
      vertex 50.1156 -3.64213 0.599999
      vertex 50.0993 -4.0298 0.2
      vertex 50.0993 -4.0298 0.599999
    endloop
  endfacet
  facet normal 0 -1 0
    outer loop
      vertex 50.0993 -4.0298 0.2
      vertex 50.7671 -4.0298 0.599999
      vertex 50.0993 -4.0298 0.599999
    endloop
  endfacet
  facet normal 0 -1 -0
    outer loop
      vertex 50.7671 -4.0298 0.599999
      vertex 50.0993 -4.0298 0.2
      vertex 50.7671 -4.0298 0.2
    endloop
  endfacet
  facet normal 0.999738 -0.0228856 0
    outer loop
      vertex 50.7671 -4.0298 0.599999
      vertex 50.7734 -3.75459 0.2
      vertex 50.7734 -3.75459 0.599999
    endloop
  endfacet
  facet normal 0.999738 -0.0228856 0
    outer loop
      vertex 50.7734 -3.75459 0.2
      vertex 50.7671 -4.0298 0.599999
      vertex 50.7671 -4.0298 0.2
    endloop
  endfacet
  facet normal 0 0 -1
    outer loop
      vertex 90.7812 -3.90048 0.2
      vertex 88.1705 -3.35704 0.2
      vertex 90.7812 -3.35704 0.2
    endloop
  endfacet
  facet normal 0 0 -1
    outer loop
      vertex 88.5185 -2.84021 0.2
      vertex 88.0149 -2.59115 0.2
      vertex 88.1225 -2.47122 0.2
    endloop
  endfacet
  facet normal 0 0 -1
    outer loop
      vertex 88.2185 -3.2568 0.2
      vertex 87.9094 -2.71591 0.2
      vertex 88.0149 -2.59115 0.2
    endloop
  endfacet
  facet normal 0 0 -1
    outer loop
      vertex 88.2185 -3.2568 0.2
      vertex 87.8081 -2.84697 0.2
      vertex 87.9094 -2.71591 0.2
    endloop
  endfacet
  facet normal 0 0 -1
    outer loop
      vertex 88.2185 -3.2568 0.2
      vertex 87.7133 -2.98585 0.2
      vertex 87.8081 -2.84697 0.2
    endloop
  endfacet
  facet normal 0 0 -1
    outer loop
      vertex 88.1705 -3.35704 0.2
      vertex 87.6249 -3.13255 0.2
      vertex 87.7133 -2.98585 0.2
    endloop
  endfacet
  facet normal 0 0 -1
    outer loop
      vertex 88.1705 -3.35704 0.2
      vertex 87.5428 -3.28706 0.2
      vertex 87.6249 -3.13255 0.2
    endloop
  endfacet
  facet normal 0 0 -1
    outer loop
      vertex 87.4672 -3.90048 0.2
      vertex 88.1705 -3.35704 0.2
      vertex 90.7812 -3.90048 0.2
    endloop
  endfacet
  facet normal 0 0 -1
    outer loop
      vertex 87.4672 -3.44938 0.2
      vertex 88.1705 -3.35704 0.2
      vertex 87.4672 -3.90048 0.2
    endloop
  endfacet
  facet normal -0 0 -1
    outer loop
      vertex 88.1705 -3.35704 0.2
      vertex 87.4672 -3.44938 0.2
      vertex 87.5428 -3.28706 0.2
    endloop
  endfacet
  facet normal -0 0 -1
    outer loop
      vertex 90.6977 -0.308561 0.2
      vertex 90.0403 -0.333143 0.2
      vertex 90.0459 -0.21353 0.2
    endloop
  endfacet
  facet normal 0 0 -1
    outer loop
      vertex 90.1738 -1.3466 0.2
      vertex 90.0235 -0.447645 0.2
      vertex 90.0403 -0.333143 0.2
    endloop
  endfacet
  facet normal 0 0 -1
    outer loop
      vertex 90.1738 -1.3466 0.2
      vertex 89.9954 -0.557051 0.2
      vertex 90.0235 -0.447645 0.2
    endloop
  endfacet
  facet normal 0 0 -1
    outer loop
      vertex 90.1738 -1.3466 0.2
      vertex 89.9561 -0.661345 0.2
      vertex 89.9954 -0.557051 0.2
    endloop
  endfacet
  facet normal 0 0 -1
    outer loop
      vertex 90.1738 -1.3466 0.2
      vertex 89.9056 -0.760527 0.2
      vertex 89.9561 -0.661345 0.2
    endloop
  endfacet
  facet normal 0 0 -1
    outer loop
      vertex 89.6254 -1.13336 0.2
      vertex 90.0495 -1.47433 0.2
      vertex 89.8868 -1.62735 0.2
    endloop
  endfacet
  facet normal 0 0 -1
    outer loop
      vertex 90.1738 -1.3466 0.2
      vertex 89.846 -0.856291 0.2
      vertex 89.9056 -0.760527 0.2
    endloop
  endfacet
  facet normal 0 0 -1
    outer loop
      vertex 90.1738 -1.3466 0.2
      vertex 89.7794 -0.950346 0.2
      vertex 89.846 -0.856291 0.2
    endloop
  endfacet
  facet normal 0 0 -1
    outer loop
      vertex 90.1738 -1.3466 0.2
      vertex 89.7059 -1.04271 0.2
      vertex 89.7794 -0.950346 0.2
    endloop
  endfacet
  facet normal 0 0 -1
    outer loop
      vertex 89.4448 -1.31039 0.2
      vertex 89.8868 -1.62735 0.2
      vertex 89.6857 -1.80566 0.2
    endloop
  endfacet
  facet normal 0 0 -1
    outer loop
      vertex 90.0495 -1.47433 0.2
      vertex 89.6254 -1.13336 0.2
      vertex 89.7059 -1.04271 0.2
    endloop
  endfacet
  facet normal 0 0 -1
    outer loop
      vertex 89.8868 -1.62735 0.2
      vertex 89.5379 -1.2223 0.2
      vertex 89.6254 -1.13336 0.2
    endloop
  endfacet
  facet normal 0 0 -1
    outer loop
      vertex 89.2453 -1.48654 0.2
      vertex 89.6857 -1.80566 0.2
      vertex 89.4463 -2.00926 0.2
    endloop
  endfacet
  facet normal 0 0 -1
    outer loop
      vertex 89.8868 -1.62735 0.2
      vertex 89.4448 -1.31039 0.2
      vertex 89.5379 -1.2223 0.2
    endloop
  endfacet
  facet normal 0 0 -1
    outer loop
      vertex 89.6857 -1.80566 0.2
      vertex 89.3473 -1.39848 0.2
      vertex 89.4448 -1.31039 0.2
    endloop
  endfacet
  facet normal 0 0 -1
    outer loop
      vertex 89.6857 -1.80566 0.2
      vertex 89.2453 -1.48654 0.2
      vertex 89.3473 -1.39848 0.2
    endloop
  endfacet
  facet normal 0 0 -1
    outer loop
      vertex 89.0282 -1.6627 0.2
      vertex 89.4463 -2.00926 0.2
      vertex 89.1686 -2.23816 0.2
    endloop
  endfacet
  facet normal 0 0 -1
    outer loop
      vertex 89.4463 -2.00926 0.2
      vertex 89.139 -1.57463 0.2
      vertex 89.2453 -1.48654 0.2
    endloop
  endfacet
  facet normal 0 0 -1
    outer loop
      vertex 89.4463 -2.00926 0.2
      vertex 89.0282 -1.6627 0.2
      vertex 89.139 -1.57463 0.2
    endloop
  endfacet
  facet normal 0 0 -1
    outer loop
      vertex 88.8015 -1.84485 0.2
      vertex 89.1686 -2.23816 0.2
      vertex 89.0118 -2.36908 0.2
    endloop
  endfacet
  facet normal 0 0 -1
    outer loop
      vertex 89.1686 -2.23816 0.2
      vertex 88.9151 -1.75229 0.2
      vertex 89.0282 -1.6627 0.2
    endloop
  endfacet
  facet normal 0 0 -1
    outer loop
      vertex 88.573 -2.03894 0.2
      vertex 89.0118 -2.36908 0.2
      vertex 88.8685 -2.49473 0.2
    endloop
  endfacet
  facet normal 0 0 -1
    outer loop
      vertex 89.1686 -2.23816 0.2
      vertex 88.8015 -1.84485 0.2
      vertex 88.9151 -1.75229 0.2
    endloop
  endfacet
  facet normal 0 0 -1
    outer loop
      vertex 88.4581 -2.14047 0.2
      vertex 88.8685 -2.49473 0.2
      vertex 88.7385 -2.61516 0.2
    endloop
  endfacet
  facet normal 0 0 -1
    outer loop
      vertex 89.0118 -2.36908 0.2
      vertex 88.6875 -1.9404 0.2
      vertex 88.8015 -1.84485 0.2
    endloop
  endfacet
  facet normal 0 0 -1
    outer loop
      vertex 88.3441 -2.24588 0.2
      vertex 88.7385 -2.61516 0.2
      vertex 88.6218 -2.7303 0.2
    endloop
  endfacet
  facet normal 0 0 -1
    outer loop
      vertex 89.0118 -2.36908 0.2
      vertex 88.573 -2.03894 0.2
      vertex 88.6875 -1.9404 0.2
    endloop
  endfacet
  facet normal 0 0 -1
    outer loop
      vertex 88.2322 -2.35614 0.2
      vertex 88.6218 -2.7303 0.2
      vertex 88.5185 -2.84021 0.2
    endloop
  endfacet
  facet normal 0 0 -1
    outer loop
      vertex 88.8685 -2.49473 0.2
      vertex 88.4581 -2.14047 0.2
      vertex 88.573 -2.03894 0.2
    endloop
  endfacet
  facet normal 0 0 -1
    outer loop
      vertex 88.0149 -2.59115 0.2
      vertex 88.5185 -2.84021 0.2
      vertex 88.4273 -2.9467 0.2
    endloop
  endfacet
  facet normal 0 0 -1
    outer loop
      vertex 88.0149 -2.59115 0.2
      vertex 88.4273 -2.9467 0.2
      vertex 88.3469 -3.05163 0.2
    endloop
  endfacet
  facet normal 0 0 -1
    outer loop
      vertex 88.7385 -2.61516 0.2
      vertex 88.3441 -2.24588 0.2
      vertex 88.4581 -2.14047 0.2
    endloop
  endfacet
  facet normal 0 0 -1
    outer loop
      vertex 88.0149 -2.59115 0.2
      vertex 88.3469 -3.05163 0.2
      vertex 88.2773 -3.155 0.2
    endloop
  endfacet
  facet normal 0 0 -1
    outer loop
      vertex 88.6218 -2.7303 0.2
      vertex 88.2322 -2.35614 0.2
      vertex 88.3441 -2.24588 0.2
    endloop
  endfacet
  facet normal 0 0 -1
    outer loop
      vertex 88.0149 -2.59115 0.2
      vertex 88.2773 -3.155 0.2
      vertex 88.2185 -3.2568 0.2
    endloop
  endfacet
  facet normal 0 0 -1
    outer loop
      vertex 87.7133 -2.98585 0.2
      vertex 88.2185 -3.2568 0.2
      vertex 88.1705 -3.35704 0.2
    endloop
  endfacet
  facet normal 0 0 -1
    outer loop
      vertex 88.5185 -2.84021 0.2
      vertex 88.1225 -2.47122 0.2
      vertex 88.2322 -2.35614 0.2
    endloop
  endfacet
  facet normal 0 0 -1
    outer loop
      vertex 90.0459 -0.21353 0.2
      vertex 90.703 -0.192198 0.2
      vertex 90.6977 -0.308561 0.2
    endloop
  endfacet
  facet normal 0 0 -1
    outer loop
      vertex 90.0403 -0.333143 0.2
      vertex 90.6977 -0.308561 0.2
      vertex 90.6817 -0.424635 0.2
    endloop
  endfacet
  facet normal 0 0 -1
    outer loop
      vertex 90.0403 -0.333143 0.2
      vertex 90.6817 -0.424635 0.2
      vertex 90.6551 -0.540419 0.2
    endloop
  endfacet
  facet normal 0 0 -1
    outer loop
      vertex 90.0363 -0.0560894 0.2
      vertex 90.703 -0.192198 0.2
      vertex 90.0459 -0.21353 0.2
    endloop
  endfacet
  facet normal 0 0 -1
    outer loop
      vertex 90.0403 -0.333143 0.2
      vertex 90.6551 -0.540419 0.2
      vertex 90.6178 -0.655928 0.2
    endloop
  endfacet
  facet normal 0 0 -1
    outer loop
      vertex 90.0403 -0.333143 0.2
      vertex 90.6178 -0.655928 0.2
      vertex 90.5698 -0.771162 0.2
    endloop
  endfacet
  facet normal 0 0 -1
    outer loop
      vertex 90.703 -0.192198 0.2
      vertex 90.0363 -0.0560894 0.2
      vertex 90.6868 0.0586557 0.2
    endloop
  endfacet
  facet normal 0 0 -1
    outer loop
      vertex 90.0403 -0.333143 0.2
      vertex 90.5698 -0.771162 0.2
      vertex 90.5114 -0.886244 0.2
    endloop
  endfacet
  facet normal 0 0 -1
    outer loop
      vertex 90.0073 0.0865793 0.2
      vertex 90.6868 0.0586557 0.2
      vertex 90.0363 -0.0560894 0.2
    endloop
  endfacet
  facet normal 0 0 -1
    outer loop
      vertex 90.0403 -0.333143 0.2
      vertex 90.5114 -0.886244 0.2
      vertex 90.4425 -1.00134 0.2
    endloop
  endfacet
  facet normal 0 0 -1
    outer loop
      vertex 90.0403 -0.333143 0.2
      vertex 90.4425 -1.00134 0.2
      vertex 90.3633 -1.11642 0.2
    endloop
  endfacet
  facet normal 0 0 -1
    outer loop
      vertex 90.6868 0.0586557 0.2
      vertex 90.0073 0.0865793 0.2
      vertex 90.638 0.285493 0.2
    endloop
  endfacet
  facet normal 0 0 -1
    outer loop
      vertex 90.0403 -0.333143 0.2
      vertex 90.3633 -1.11642 0.2
      vertex 90.2737 -1.23152 0.2
    endloop
  endfacet
  facet normal 0 0 -1
    outer loop
      vertex 90.0403 -0.333143 0.2
      vertex 90.2737 -1.23152 0.2
      vertex 90.1738 -1.3466 0.2
    endloop
  endfacet
  facet normal -0 0 -1
    outer loop
      vertex 90.638 0.285493 0.2
      vertex 90.0073 0.0865793 0.2
      vertex 90.5566 0.488313 0.2
    endloop
  endfacet
  facet normal 0 0 -1
    outer loop
      vertex 89.7059 -1.04271 0.2
      vertex 90.1738 -1.3466 0.2
      vertex 90.0495 -1.47433 0.2
    endloop
  endfacet
  facet normal 0 0 -1
    outer loop
      vertex 89.959 0.214463 0.2
      vertex 90.5566 0.488313 0.2
      vertex 90.0073 0.0865793 0.2
    endloop
  endfacet
  facet normal -0 0 -1
    outer loop
      vertex 90.5566 0.488313 0.2
      vertex 89.959 0.214463 0.2
      vertex 90.4427 0.66713 0.2
    endloop
  endfacet
  facet normal 0 0 -1
    outer loop
      vertex 89.8913 0.327561 0.2
      vertex 90.4427 0.66713 0.2
      vertex 89.959 0.214463 0.2
    endloop
  endfacet
  facet normal -0 0 -1
    outer loop
      vertex 90.4427 0.66713 0.2
      vertex 89.8913 0.327561 0.2
      vertex 90.2963 0.821931 0.2
    endloop
  endfacet
  facet normal 0 0 -1
    outer loop
      vertex 89.8043 0.425874 0.2
      vertex 90.2963 0.821931 0.2
      vertex 89.8913 0.327561 0.2
    endloop
  endfacet
  facet normal -0 0 -1
    outer loop
      vertex 90.2963 0.821931 0.2
      vertex 89.8043 0.425874 0.2
      vertex 90.1196 0.95044 0.2
    endloop
  endfacet
  facet normal 0 0 -1
    outer loop
      vertex 89.7002 0.507722 0.2
      vertex 90.1196 0.95044 0.2
      vertex 89.8043 0.425874 0.2
    endloop
  endfacet
  facet normal -0 0 -1
    outer loop
      vertex 90.1196 0.95044 0.2
      vertex 89.7002 0.507722 0.2
      vertex 89.915 1.05039 0.2
    endloop
  endfacet
  facet normal 0 0 -1
    outer loop
      vertex 89.581 0.571366 0.2
      vertex 89.915 1.05039 0.2
      vertex 89.7002 0.507722 0.2
    endloop
  endfacet
  facet normal -0 0 -1
    outer loop
      vertex 89.915 1.05039 0.2
      vertex 89.581 0.571366 0.2
      vertex 89.6823 1.12178 0.2
    endloop
  endfacet
  facet normal 0 0 -1
    outer loop
      vertex 89.4468 0.616838 0.2
      vertex 89.6823 1.12178 0.2
      vertex 89.581 0.571366 0.2
    endloop
  endfacet
  facet normal 0 0 -1
    outer loop
      vertex 89.4468 0.616838 0.2
      vertex 89.4217 1.16461 0.2
      vertex 89.6823 1.12178 0.2
    endloop
  endfacet
  facet normal 0 0 -1
    outer loop
      vertex 89.2974 0.64412 0.2
      vertex 89.4217 1.16461 0.2
      vertex 89.4468 0.616838 0.2
    endloop
  endfacet
  facet normal 0 0 -1
    outer loop
      vertex 89.133 1.17889 0.2
      vertex 89.2974 0.64412 0.2
      vertex 89.133 0.653214 0.2
    endloop
  endfacet
  facet normal 0 0 -1
    outer loop
      vertex 89.2974 0.64412 0.2
      vertex 89.133 1.17889 0.2
      vertex 89.4217 1.16461 0.2
    endloop
  endfacet
  facet normal 0 0 -1
    outer loop
      vertex 88.9754 0.644334 0.2
      vertex 89.133 1.17889 0.2
      vertex 89.133 0.653214 0.2
    endloop
  endfacet
  facet normal 0 0 -1
    outer loop
      vertex 88.9754 0.644334 0.2
      vertex 88.8674 1.16469 0.2
      vertex 89.133 1.17889 0.2
    endloop
  endfacet
  facet normal 0 0 -1
    outer loop
      vertex 88.8293 0.617677 0.2
      vertex 88.8674 1.16469 0.2
      vertex 88.9754 0.644334 0.2
    endloop
  endfacet
  facet normal 0 0 -1
    outer loop
      vertex 88.6218 1.12206 0.2
      vertex 88.8293 0.617677 0.2
      vertex 88.6946 0.573274 0.2
    endloop
  endfacet
  facet normal 0 0 -1
    outer loop
      vertex 88.8293 0.617677 0.2
      vertex 88.6218 1.12206 0.2
      vertex 88.8674 1.16469 0.2
    endloop
  endfacet
  facet normal 0 0 -1
    outer loop
      vertex 88.3963 1.05101 0.2
      vertex 88.6946 0.573274 0.2
      vertex 88.5715 0.511109 0.2
    endloop
  endfacet
  facet normal 0 0 -1
    outer loop
      vertex 88.1907 0.951539 0.2
      vertex 88.5715 0.511109 0.2
      vertex 88.4599 0.431169 0.2
    endloop
  endfacet
  facet normal 0 0 -1
    outer loop
      vertex 88.6946 0.573274 0.2
      vertex 88.3963 1.05101 0.2
      vertex 88.6218 1.12206 0.2
    endloop
  endfacet
  facet normal 0 0 -1
    outer loop
      vertex 88.0053 0.823655 0.2
      vertex 88.4599 0.431169 0.2
      vertex 88.3628 0.335206 0.2
    endloop
  endfacet
  facet normal 0 0 -1
    outer loop
      vertex 87.8445 0.671769 0.2
      vertex 88.3628 0.335206 0.2
      vertex 88.2832 0.22487 0.2
    endloop
  endfacet
  facet normal 0 0 -1
    outer loop
      vertex 87.7131 0.500291 0.2
      vertex 88.2832 0.22487 0.2
      vertex 88.221 0.100205 0.2
    endloop
  endfacet
  facet normal 0 0 -1
    outer loop
      vertex 88.5715 0.511109 0.2
      vertex 88.1907 0.951539 0.2
      vertex 88.3963 1.05101 0.2
    endloop
  endfacet
  facet normal 0 0 -1
    outer loop
      vertex 87.6112 0.30919 0.2
      vertex 88.221 0.100205 0.2
      vertex 88.1763 -0.0388317 0.2
    endloop
  endfacet
  facet normal 0 0 -1
    outer loop
      vertex 87.5387 0.0984964 0.2
      vertex 88.1763 -0.0388317 0.2
      vertex 88.1491 -0.192198 0.2
    endloop
  endfacet
  facet normal 0 0 -1
    outer loop
      vertex 88.4599 0.431169 0.2
      vertex 88.0053 0.823655 0.2
      vertex 88.1907 0.951539 0.2
    endloop
  endfacet
  facet normal 0 0 -1
    outer loop
      vertex 88.3628 0.335206 0.2
      vertex 87.8445 0.671769 0.2
      vertex 88.0053 0.823655 0.2
    endloop
  endfacet
  facet normal 0 0 -1
    outer loop
      vertex 88.2832 0.22487 0.2
      vertex 87.7131 0.500291 0.2
      vertex 87.8445 0.671769 0.2
    endloop
  endfacet
  facet normal 0 0 -1
    outer loop
      vertex 88.221 0.100205 0.2
      vertex 87.6112 0.30919 0.2
      vertex 87.7131 0.500291 0.2
    endloop
  endfacet
  facet normal 0 0 -1
    outer loop
      vertex 88.1763 -0.0388317 0.2
      vertex 87.5387 0.0984964 0.2
      vertex 87.6112 0.30919 0.2
    endloop
  endfacet
  facet normal 0 -0 -1
    outer loop
      vertex 87.5387 0.0984964 0.2
      vertex 88.1491 -0.192198 0.2
      vertex 87.4956 -0.131804 0.2
    endloop
  endfacet
  facet normal 0 0 -1
    outer loop
      vertex 94.7324 -3.90048 0.2
      vertex 92.1216 -3.35704 0.2
      vertex 94.7324 -3.35704 0.2
    endloop
  endfacet
  facet normal 0 0 -1
    outer loop
      vertex 92.4697 -2.84021 0.2
      vertex 91.966 -2.59115 0.2
      vertex 92.0736 -2.47122 0.2
    endloop
  endfacet
  facet normal 0 0 -1
    outer loop
      vertex 92.1696 -3.2568 0.2
      vertex 91.8605 -2.71591 0.2
      vertex 91.966 -2.59115 0.2
    endloop
  endfacet
  facet normal 0 0 -1
    outer loop
      vertex 92.1696 -3.2568 0.2
      vertex 91.7593 -2.84697 0.2
      vertex 91.8605 -2.71591 0.2
    endloop
  endfacet
  facet normal 0 0 -1
    outer loop
      vertex 92.1696 -3.2568 0.2
      vertex 91.6645 -2.98585 0.2
      vertex 91.7593 -2.84697 0.2
    endloop
  endfacet
  facet normal 0 0 -1
    outer loop
      vertex 92.1216 -3.35704 0.2
      vertex 91.576 -3.13255 0.2
      vertex 91.6645 -2.98585 0.2
    endloop
  endfacet
  facet normal 0 0 -1
    outer loop
      vertex 92.1216 -3.35704 0.2
      vertex 91.494 -3.28706 0.2
      vertex 91.576 -3.13255 0.2
    endloop
  endfacet
  facet normal 0 0 -1
    outer loop
      vertex 91.4183 -3.90048 0.2
      vertex 92.1216 -3.35704 0.2
      vertex 94.7324 -3.90048 0.2
    endloop
  endfacet
  facet normal 0 0 -1
    outer loop
      vertex 91.4183 -3.44938 0.2
      vertex 92.1216 -3.35704 0.2
      vertex 91.4183 -3.90048 0.2
    endloop
  endfacet
  facet normal -0 0 -1
    outer loop
      vertex 92.1216 -3.35704 0.2
      vertex 91.4183 -3.44938 0.2
      vertex 91.494 -3.28706 0.2
    endloop
  endfacet
  facet normal -0 0 -1
    outer loop
      vertex 94.6489 -0.308561 0.2
      vertex 93.9915 -0.333143 0.2
      vertex 93.9971 -0.21353 0.2
    endloop
  endfacet
  facet normal 0 0 -1
    outer loop
      vertex 94.1249 -1.3466 0.2
      vertex 93.9746 -0.447645 0.2
      vertex 93.9915 -0.333143 0.2
    endloop
  endfacet
  facet normal 0 0 -1
    outer loop
      vertex 94.1249 -1.3466 0.2
      vertex 93.9466 -0.557051 0.2
      vertex 93.9746 -0.447645 0.2
    endloop
  endfacet
  facet normal 0 0 -1
    outer loop
      vertex 94.1249 -1.3466 0.2
      vertex 93.9073 -0.661345 0.2
      vertex 93.9466 -0.557051 0.2
    endloop
  endfacet
  facet normal 0 0 -1
    outer loop
      vertex 94.1249 -1.3466 0.2
      vertex 93.8568 -0.760527 0.2
      vertex 93.9073 -0.661345 0.2
    endloop
  endfacet
  facet normal 0 0 -1
    outer loop
      vertex 93.5766 -1.13336 0.2
      vertex 94.0006 -1.47433 0.2
      vertex 93.8379 -1.62735 0.2
    endloop
  endfacet
  facet normal 0 0 -1
    outer loop
      vertex 94.1249 -1.3466 0.2
      vertex 93.7972 -0.856291 0.2
      vertex 93.8568 -0.760527 0.2
    endloop
  endfacet
  facet normal 0 0 -1
    outer loop
      vertex 94.1249 -1.3466 0.2
      vertex 93.7306 -0.950346 0.2
      vertex 93.7972 -0.856291 0.2
    endloop
  endfacet
  facet normal 0 0 -1
    outer loop
      vertex 94.1249 -1.3466 0.2
      vertex 93.6571 -1.04271 0.2
      vertex 93.7306 -0.950346 0.2
    endloop
  endfacet
  facet normal 0 0 -1
    outer loop
      vertex 93.396 -1.31039 0.2
      vertex 93.8379 -1.62735 0.2
      vertex 93.6369 -1.80566 0.2
    endloop
  endfacet
  facet normal 0 0 -1
    outer loop
      vertex 94.0006 -1.47433 0.2
      vertex 93.5766 -1.13336 0.2
      vertex 93.6571 -1.04271 0.2
    endloop
  endfacet
  facet normal 0 0 -1
    outer loop
      vertex 93.8379 -1.62735 0.2
      vertex 93.4891 -1.2223 0.2
      vertex 93.5766 -1.13336 0.2
    endloop
  endfacet
  facet normal 0 0 -1
    outer loop
      vertex 93.1965 -1.48654 0.2
      vertex 93.6369 -1.80566 0.2
      vertex 93.3975 -2.00926 0.2
    endloop
  endfacet
  facet normal 0 0 -1
    outer loop
      vertex 93.8379 -1.62735 0.2
      vertex 93.396 -1.31039 0.2
      vertex 93.4891 -1.2223 0.2
    endloop
  endfacet
  facet normal 0 0 -1
    outer loop
      vertex 93.6369 -1.80566 0.2
      vertex 93.2984 -1.39848 0.2
      vertex 93.396 -1.31039 0.2
    endloop
  endfacet
  facet normal 0 0 -1
    outer loop
      vertex 93.6369 -1.80566 0.2
      vertex 93.1965 -1.48654 0.2
      vertex 93.2984 -1.39848 0.2
    endloop
  endfacet
  facet normal 0 0 -1
    outer loop
      vertex 92.9794 -1.6627 0.2
      vertex 93.3975 -2.00926 0.2
      vertex 93.1197 -2.23816 0.2
    endloop
  endfacet
  facet normal 0 0 -1
    outer loop
      vertex 93.3975 -2.00926 0.2
      vertex 93.0901 -1.57463 0.2
      vertex 93.1965 -1.48654 0.2
    endloop
  endfacet
  facet normal 0 0 -1
    outer loop
      vertex 93.3975 -2.00926 0.2
      vertex 92.9794 -1.6627 0.2
      vertex 93.0901 -1.57463 0.2
    endloop
  endfacet
  facet normal 0 0 -1
    outer loop
      vertex 92.7526 -1.84485 0.2
      vertex 93.1197 -2.23816 0.2
      vertex 92.963 -2.36908 0.2
    endloop
  endfacet
  facet normal 0 0 -1
    outer loop
      vertex 93.1197 -2.23816 0.2
      vertex 92.8662 -1.75229 0.2
      vertex 92.9794 -1.6627 0.2
    endloop
  endfacet
  facet normal 0 0 -1
    outer loop
      vertex 92.5242 -2.03894 0.2
      vertex 92.963 -2.36908 0.2
      vertex 92.8196 -2.49473 0.2
    endloop
  endfacet
  facet normal 0 0 -1
    outer loop
      vertex 93.1197 -2.23816 0.2
      vertex 92.7526 -1.84485 0.2
      vertex 92.8662 -1.75229 0.2
    endloop
  endfacet
  facet normal 0 0 -1
    outer loop
      vertex 92.4093 -2.14047 0.2
      vertex 92.8196 -2.49473 0.2
      vertex 92.6896 -2.61516 0.2
    endloop
  endfacet
  facet normal 0 0 -1
    outer loop
      vertex 92.963 -2.36908 0.2
      vertex 92.6386 -1.9404 0.2
      vertex 92.7526 -1.84485 0.2
    endloop
  endfacet
  facet normal 0 0 -1
    outer loop
      vertex 92.2953 -2.24588 0.2
      vertex 92.6896 -2.61516 0.2
      vertex 92.573 -2.7303 0.2
    endloop
  endfacet
  facet normal 0 0 -1
    outer loop
      vertex 92.963 -2.36908 0.2
      vertex 92.5242 -2.03894 0.2
      vertex 92.6386 -1.9404 0.2
    endloop
  endfacet
  facet normal 0 0 -1
    outer loop
      vertex 92.1834 -2.35614 0.2
      vertex 92.573 -2.7303 0.2
      vertex 92.4697 -2.84021 0.2
    endloop
  endfacet
  facet normal 0 0 -1
    outer loop
      vertex 92.8196 -2.49473 0.2
      vertex 92.4093 -2.14047 0.2
      vertex 92.5242 -2.03894 0.2
    endloop
  endfacet
  facet normal 0 0 -1
    outer loop
      vertex 91.966 -2.59115 0.2
      vertex 92.4697 -2.84021 0.2
      vertex 92.3785 -2.9467 0.2
    endloop
  endfacet
  facet normal 0 0 -1
    outer loop
      vertex 91.966 -2.59115 0.2
      vertex 92.3785 -2.9467 0.2
      vertex 92.2981 -3.05163 0.2
    endloop
  endfacet
  facet normal 0 0 -1
    outer loop
      vertex 92.6896 -2.61516 0.2
      vertex 92.2953 -2.24588 0.2
      vertex 92.4093 -2.14047 0.2
    endloop
  endfacet
  facet normal 0 0 -1
    outer loop
      vertex 91.966 -2.59115 0.2
      vertex 92.2981 -3.05163 0.2
      vertex 92.2284 -3.155 0.2
    endloop
  endfacet
  facet normal 0 0 -1
    outer loop
      vertex 92.573 -2.7303 0.2
      vertex 92.1834 -2.35614 0.2
      vertex 92.2953 -2.24588 0.2
    endloop
  endfacet
  facet normal 0 0 -1
    outer loop
      vertex 91.966 -2.59115 0.2
      vertex 92.2284 -3.155 0.2
      vertex 92.1696 -3.2568 0.2
    endloop
  endfacet
  facet normal 0 0 -1
    outer loop
      vertex 91.6645 -2.98585 0.2
      vertex 92.1696 -3.2568 0.2
      vertex 92.1216 -3.35704 0.2
    endloop
  endfacet
  facet normal 0 0 -1
    outer loop
      vertex 92.4697 -2.84021 0.2
      vertex 92.0736 -2.47122 0.2
      vertex 92.1834 -2.35614 0.2
    endloop
  endfacet
  facet normal 0 0 -1
    outer loop
      vertex 93.9971 -0.21353 0.2
      vertex 94.6542 -0.192198 0.2
      vertex 94.6489 -0.308561 0.2
    endloop
  endfacet
  facet normal 0 0 -1
    outer loop
      vertex 93.9915 -0.333143 0.2
      vertex 94.6489 -0.308561 0.2
      vertex 94.6329 -0.424635 0.2
    endloop
  endfacet
  facet normal 0 0 -1
    outer loop
      vertex 93.9915 -0.333143 0.2
      vertex 94.6329 -0.424635 0.2
      vertex 94.6062 -0.540419 0.2
    endloop
  endfacet
  facet normal 0 0 -1
    outer loop
      vertex 93.9874 -0.0560894 0.2
      vertex 94.6542 -0.192198 0.2
      vertex 93.9971 -0.21353 0.2
    endloop
  endfacet
  facet normal 0 0 -1
    outer loop
      vertex 93.9915 -0.333143 0.2
      vertex 94.6062 -0.540419 0.2
      vertex 94.5689 -0.655928 0.2
    endloop
  endfacet
  facet normal 0 0 -1
    outer loop
      vertex 93.9915 -0.333143 0.2
      vertex 94.5689 -0.655928 0.2
      vertex 94.521 -0.771162 0.2
    endloop
  endfacet
  facet normal 0 0 -1
    outer loop
      vertex 94.6542 -0.192198 0.2
      vertex 93.9874 -0.0560894 0.2
      vertex 94.6379 0.0586557 0.2
    endloop
  endfacet
  facet normal 0 0 -1
    outer loop
      vertex 93.9915 -0.333143 0.2
      vertex 94.521 -0.771162 0.2
      vertex 94.4625 -0.886244 0.2
    endloop
  endfacet
  facet normal 0 0 -1
    outer loop
      vertex 93.9584 0.0865793 0.2
      vertex 94.6379 0.0586557 0.2
      vertex 93.9874 -0.0560894 0.2
    endloop
  endfacet
  facet normal 0 0 -1
    outer loop
      vertex 93.9915 -0.333143 0.2
      vertex 94.4625 -0.886244 0.2
      vertex 94.3937 -1.00134 0.2
    endloop
  endfacet
  facet normal 0 0 -1
    outer loop
      vertex 93.9915 -0.333143 0.2
      vertex 94.3937 -1.00134 0.2
      vertex 94.3145 -1.11642 0.2
    endloop
  endfacet
  facet normal 0 0 -1
    outer loop
      vertex 94.6379 0.0586557 0.2
      vertex 93.9584 0.0865793 0.2
      vertex 94.5891 0.285493 0.2
    endloop
  endfacet
  facet normal 0 0 -1
    outer loop
      vertex 93.9915 -0.333143 0.2
      vertex 94.3145 -1.11642 0.2
      vertex 94.2249 -1.23152 0.2
    endloop
  endfacet
  facet normal 0 0 -1
    outer loop
      vertex 93.9915 -0.333143 0.2
      vertex 94.2249 -1.23152 0.2
      vertex 94.1249 -1.3466 0.2
    endloop
  endfacet
  facet normal -0 0 -1
    outer loop
      vertex 94.5891 0.285493 0.2
      vertex 93.9584 0.0865793 0.2
      vertex 94.5078 0.488313 0.2
    endloop
  endfacet
  facet normal 0 0 -1
    outer loop
      vertex 93.6571 -1.04271 0.2
      vertex 94.1249 -1.3466 0.2
      vertex 94.0006 -1.47433 0.2
    endloop
  endfacet
  facet normal 0 0 -1
    outer loop
      vertex 93.9101 0.214463 0.2
      vertex 94.5078 0.488313 0.2
      vertex 93.9584 0.0865793 0.2
    endloop
  endfacet
  facet normal -0 0 -1
    outer loop
      vertex 94.5078 0.488313 0.2
      vertex 93.9101 0.214463 0.2
      vertex 94.3939 0.66713 0.2
    endloop
  endfacet
  facet normal 0 0 -1
    outer loop
      vertex 93.8425 0.327561 0.2
      vertex 94.3939 0.66713 0.2
      vertex 93.9101 0.214463 0.2
    endloop
  endfacet
  facet normal -0 0 -1
    outer loop
      vertex 94.3939 0.66713 0.2
      vertex 93.8425 0.327561 0.2
      vertex 94.2475 0.821931 0.2
    endloop
  endfacet
  facet normal 0 0 -1
    outer loop
      vertex 93.7555 0.425874 0.2
      vertex 94.2475 0.821931 0.2
      vertex 93.8425 0.327561 0.2
    endloop
  endfacet
  facet normal -0 0 -1
    outer loop
      vertex 94.2475 0.821931 0.2
      vertex 93.7555 0.425874 0.2
      vertex 94.0708 0.95044 0.2
    endloop
  endfacet
  facet normal 0 0 -1
    outer loop
      vertex 93.6514 0.507722 0.2
      vertex 94.0708 0.95044 0.2
      vertex 93.7555 0.425874 0.2
    endloop
  endfacet
  facet normal -0 0 -1
    outer loop
      vertex 94.0708 0.95044 0.2
      vertex 93.6514 0.507722 0.2
      vertex 93.8661 1.05039 0.2
    endloop
  endfacet
  facet normal 0 0 -1
    outer loop
      vertex 93.5322 0.571366 0.2
      vertex 93.8661 1.05039 0.2
      vertex 93.6514 0.507722 0.2
    endloop
  endfacet
  facet normal -0 0 -1
    outer loop
      vertex 93.8661 1.05039 0.2
      vertex 93.5322 0.571366 0.2
      vertex 93.6335 1.12178 0.2
    endloop
  endfacet
  facet normal 0 0 -1
    outer loop
      vertex 93.3979 0.616838 0.2
      vertex 93.6335 1.12178 0.2
      vertex 93.5322 0.571366 0.2
    endloop
  endfacet
  facet normal 0 0 -1
    outer loop
      vertex 93.3979 0.616838 0.2
      vertex 93.3728 1.16461 0.2
      vertex 93.6335 1.12178 0.2
    endloop
  endfacet
  facet normal 0 0 -1
    outer loop
      vertex 93.2486 0.64412 0.2
      vertex 93.3728 1.16461 0.2
      vertex 93.3979 0.616838 0.2
    endloop
  endfacet
  facet normal 0 0 -1
    outer loop
      vertex 93.0842 1.17889 0.2
      vertex 93.2486 0.64412 0.2
      vertex 93.0842 0.653214 0.2
    endloop
  endfacet
  facet normal 0 0 -1
    outer loop
      vertex 93.2486 0.64412 0.2
      vertex 93.0842 1.17889 0.2
      vertex 93.3728 1.16461 0.2
    endloop
  endfacet
  facet normal 0 0 -1
    outer loop
      vertex 92.9266 0.644334 0.2
      vertex 93.0842 1.17889 0.2
      vertex 93.0842 0.653214 0.2
    endloop
  endfacet
  facet normal 0 0 -1
    outer loop
      vertex 92.9266 0.644334 0.2
      vertex 92.8186 1.16469 0.2
      vertex 93.0842 1.17889 0.2
    endloop
  endfacet
  facet normal 0 0 -1
    outer loop
      vertex 92.7804 0.617677 0.2
      vertex 92.8186 1.16469 0.2
      vertex 92.9266 0.644334 0.2
    endloop
  endfacet
  facet normal 0 0 -1
    outer loop
      vertex 92.573 1.12206 0.2
      vertex 92.7804 0.617677 0.2
      vertex 92.6458 0.573274 0.2
    endloop
  endfacet
  facet normal 0 0 -1
    outer loop
      vertex 92.7804 0.617677 0.2
      vertex 92.573 1.12206 0.2
      vertex 92.8186 1.16469 0.2
    endloop
  endfacet
  facet normal 0 0 -1
    outer loop
      vertex 92.3474 1.05101 0.2
      vertex 92.6458 0.573274 0.2
      vertex 92.5227 0.511109 0.2
    endloop
  endfacet
  facet normal 0 0 -1
    outer loop
      vertex 92.1419 0.951539 0.2
      vertex 92.5227 0.511109 0.2
      vertex 92.4111 0.431169 0.2
    endloop
  endfacet
  facet normal 0 0 -1
    outer loop
      vertex 92.6458 0.573274 0.2
      vertex 92.3474 1.05101 0.2
      vertex 92.573 1.12206 0.2
    endloop
  endfacet
  facet normal 0 0 -1
    outer loop
      vertex 91.9564 0.823655 0.2
      vertex 92.4111 0.431169 0.2
      vertex 92.314 0.335206 0.2
    endloop
  endfacet
  facet normal 0 0 -1
    outer loop
      vertex 91.7956 0.671769 0.2
      vertex 92.314 0.335206 0.2
      vertex 92.2343 0.22487 0.2
    endloop
  endfacet
  facet normal 0 0 -1
    outer loop
      vertex 91.6643 0.500291 0.2
      vertex 92.2343 0.22487 0.2
      vertex 92.1722 0.100205 0.2
    endloop
  endfacet
  facet normal 0 0 -1
    outer loop
      vertex 92.5227 0.511109 0.2
      vertex 92.1419 0.951539 0.2
      vertex 92.3474 1.05101 0.2
    endloop
  endfacet
  facet normal 0 0 -1
    outer loop
      vertex 91.5624 0.30919 0.2
      vertex 92.1722 0.100205 0.2
      vertex 92.1275 -0.0388317 0.2
    endloop
  endfacet
  facet normal 0 0 -1
    outer loop
      vertex 91.4898 0.0984964 0.2
      vertex 92.1275 -0.0388317 0.2
      vertex 92.1003 -0.192198 0.2
    endloop
  endfacet
  facet normal 0 0 -1
    outer loop
      vertex 92.4111 0.431169 0.2
      vertex 91.9564 0.823655 0.2
      vertex 92.1419 0.951539 0.2
    endloop
  endfacet
  facet normal 0 0 -1
    outer loop
      vertex 92.314 0.335206 0.2
      vertex 91.7956 0.671769 0.2
      vertex 91.9564 0.823655 0.2
    endloop
  endfacet
  facet normal 0 0 -1
    outer loop
      vertex 92.2343 0.22487 0.2
      vertex 91.6643 0.500291 0.2
      vertex 91.7956 0.671769 0.2
    endloop
  endfacet
  facet normal 0 0 -1
    outer loop
      vertex 92.1722 0.100205 0.2
      vertex 91.5624 0.30919 0.2
      vertex 91.6643 0.500291 0.2
    endloop
  endfacet
  facet normal 0 0 -1
    outer loop
      vertex 92.1275 -0.0388317 0.2
      vertex 91.4898 0.0984964 0.2
      vertex 91.5624 0.30919 0.2
    endloop
  endfacet
  facet normal 0 -0 -1
    outer loop
      vertex 91.4898 0.0984964 0.2
      vertex 92.1003 -0.192198 0.2
      vertex 91.4467 -0.131804 0.2
    endloop
  endfacet
  facet normal -0 0 -1
    outer loop
      vertex 98.7652 -1.39631 0.2
      vertex 98.1047 -1.79243 0.2
      vertex 98.1152 -1.39631 0.2
    endloop
  endfacet
  facet normal 0 0 -1
    outer loop
      vertex 98.3229 -3.31083 0.2
      vertex 98.0731 -2.14535 0.2
      vertex 98.1047 -1.79243 0.2
    endloop
  endfacet
  facet normal 0 0 -1
    outer loop
      vertex 98.3229 -3.31083 0.2
      vertex 98.0205 -2.45511 0.2
      vertex 98.0731 -2.14535 0.2
    endloop
  endfacet
  facet normal 0 0 -1
    outer loop
      vertex 98.3229 -3.31083 0.2
      vertex 97.947 -2.72166 0.2
      vertex 98.0205 -2.45511 0.2
    endloop
  endfacet
  facet normal 0 0 -1
    outer loop
      vertex 97.5937 -3.26782 0.2
      vertex 98.1292 -3.54869 0.2
      vertex 97.9018 -3.73367 0.2
    endloop
  endfacet
  facet normal 0 0 -1
    outer loop
      vertex 98.3229 -3.31083 0.2
      vertex 97.8523 -2.94502 0.2
      vertex 97.947 -2.72166 0.2
    endloop
  endfacet
  facet normal 0 0 -1
    outer loop
      vertex 98.3229 -3.31083 0.2
      vertex 97.7351 -3.12659 0.2
      vertex 97.8523 -2.94502 0.2
    endloop
  endfacet
  facet normal 0 0 -1
    outer loop
      vertex 97.4282 -3.36868 0.2
      vertex 97.9018 -3.73367 0.2
      vertex 97.6407 -3.8658 0.2
    endloop
  endfacet
  facet normal 0 0 -1
    outer loop
      vertex 98.1292 -3.54869 0.2
      vertex 97.5937 -3.26782 0.2
      vertex 97.7351 -3.12659 0.2
    endloop
  endfacet
  facet normal 0 0 -1
    outer loop
      vertex 97.9018 -3.73367 0.2
      vertex 97.4282 -3.36868 0.2
      vertex 97.5937 -3.26782 0.2
    endloop
  endfacet
  facet normal 0 0 -1
    outer loop
      vertex 97.346 -3.94508 0.2
      vertex 97.4282 -3.36868 0.2
      vertex 97.6407 -3.8658 0.2
    endloop
  endfacet
  facet normal 0 0 -1
    outer loop
      vertex 97.346 -3.94508 0.2
      vertex 97.2385 -3.42921 0.2
      vertex 97.4282 -3.36868 0.2
    endloop
  endfacet
  facet normal 0 0 -1
    outer loop
      vertex 97.0176 -3.97151 0.2
      vertex 97.2385 -3.42921 0.2
      vertex 97.346 -3.94508 0.2
    endloop
  endfacet
  facet normal 0 0 -1
    outer loop
      vertex 97.2385 -3.42921 0.2
      vertex 97.0176 -3.97151 0.2
      vertex 97.0247 -3.44938 0.2
    endloop
  endfacet
  facet normal 0 0 -1
    outer loop
      vertex 97.0176 -3.97151 0.2
      vertex 96.8096 -3.42964 0.2
      vertex 97.0247 -3.44938 0.2
    endloop
  endfacet
  facet normal 0 0 -1
    outer loop
      vertex 96.6895 -3.94522 0.2
      vertex 96.8096 -3.42964 0.2
      vertex 97.0176 -3.97151 0.2
    endloop
  endfacet
  facet normal 0 0 -1
    outer loop
      vertex 96.6895 -3.94522 0.2
      vertex 96.6192 -3.37039 0.2
      vertex 96.8096 -3.42964 0.2
    endloop
  endfacet
  facet normal 0 0 -1
    outer loop
      vertex 96.3958 -3.86638 0.2
      vertex 96.6192 -3.37039 0.2
      vertex 96.6895 -3.94522 0.2
    endloop
  endfacet
  facet normal -0 0 -1
    outer loop
      vertex 96.6192 -3.37039 0.2
      vertex 96.3958 -3.86638 0.2
      vertex 96.4533 -3.27165 0.2
    endloop
  endfacet
  facet normal 0 0 -1
    outer loop
      vertex 96.1365 -3.73495 0.2
      vertex 96.4533 -3.27165 0.2
      vertex 96.3958 -3.86638 0.2
    endloop
  endfacet
  facet normal 0 0 -1
    outer loop
      vertex 95.9116 -3.55096 0.2
      vertex 96.4533 -3.27165 0.2
      vertex 96.1365 -3.73495 0.2
    endloop
  endfacet
  facet normal -0 0 -1
    outer loop
      vertex 96.4533 -3.27165 0.2
      vertex 95.9116 -3.55096 0.2
      vertex 96.312 -3.13339 0.2
    endloop
  endfacet
  facet normal 0 0 -1
    outer loop
      vertex 95.7211 -3.31441 0.2
      vertex 96.312 -3.13339 0.2
      vertex 95.9116 -3.55096 0.2
    endloop
  endfacet
  facet normal -0 0 -1
    outer loop
      vertex 96.312 -3.13339 0.2
      vertex 95.7211 -3.31441 0.2
      vertex 96.1953 -2.95566 0.2
    endloop
  endfacet
  facet normal 0 0 -1
    outer loop
      vertex 95.5651 -3.0274 0.2
      vertex 96.1953 -2.95566 0.2
      vertex 95.7211 -3.31441 0.2
    endloop
  endfacet
  facet normal 0 0 -1
    outer loop
      vertex 96.1013 -2.73529 0.2
      vertex 95.4438 -2.69209 0.2
      vertex 96.0282 -2.46916 0.2
    endloop
  endfacet
  facet normal 0 0 -1
    outer loop
      vertex 95.4438 -2.69209 0.2
      vertex 96.1013 -2.73529 0.2
      vertex 95.5651 -3.0274 0.2
    endloop
  endfacet
  facet normal -0 0 -1
    outer loop
      vertex 96.1953 -2.95566 0.2
      vertex 95.5651 -3.0274 0.2
      vertex 96.1013 -2.73529 0.2
    endloop
  endfacet
  facet normal 0 0 -1
    outer loop
      vertex 98.1047 -1.79243 0.2
      vertex 98.7652 -1.39631 0.2
      vertex 98.7475 -1.87413 0.2
    endloop
  endfacet
  facet normal 0 0 -1
    outer loop
      vertex 98.1052 -0.98683 0.2
      vertex 98.7652 -1.39631 0.2
      vertex 98.1152 -1.39631 0.2
    endloop
  endfacet
  facet normal 0 0 -1
    outer loop
      vertex 98.1047 -1.79243 0.2
      vertex 98.7475 -1.87413 0.2
      vertex 98.6944 -2.30449 0.2
    endloop
  endfacet
  facet normal 0 0 -1
    outer loop
      vertex 98.7652 -1.39631 0.2
      vertex 98.1052 -0.98683 0.2
      vertex 98.7483 -0.911253 0.2
    endloop
  endfacet
  facet normal 0 0 -1
    outer loop
      vertex 98.1047 -1.79243 0.2
      vertex 98.6944 -2.30449 0.2
      vertex 98.6059 -2.68739 0.2
    endloop
  endfacet
  facet normal 0 0 -1
    outer loop
      vertex 98.0751 -0.625105 0.2
      vertex 98.7483 -0.911253 0.2
      vertex 98.1052 -0.98683 0.2
    endloop
  endfacet
  facet normal 0 0 -1
    outer loop
      vertex 98.1047 -1.79243 0.2
      vertex 98.6059 -2.68739 0.2
      vertex 98.4821 -3.02284 0.2
    endloop
  endfacet
  facet normal 0 0 -1
    outer loop
      vertex 98.7483 -0.911253 0.2
      vertex 98.0751 -0.625105 0.2
      vertex 98.6978 -0.476194 0.2
    endloop
  endfacet
  facet normal 0 0 -1
    outer loop
      vertex 98.1047 -1.79243 0.2
      vertex 98.4821 -3.02284 0.2
      vertex 98.3229 -3.31083 0.2
    endloop
  endfacet
  facet normal 0 0 -1
    outer loop
      vertex 98.025 -0.311094 0.2
      vertex 98.6978 -0.476194 0.2
      vertex 98.0751 -0.625105 0.2
    endloop
  endfacet
  facet normal 0 0 -1
    outer loop
      vertex 97.7351 -3.12659 0.2
      vertex 98.3229 -3.31083 0.2
      vertex 98.1292 -3.54869 0.2
    endloop
  endfacet
  facet normal 0 0 -1
    outer loop
      vertex 98.6978 -0.476194 0.2
      vertex 98.025 -0.311094 0.2
      vertex 98.6136 -0.0911541 0.2
    endloop
  endfacet
  facet normal 0 0 -1
    outer loop
      vertex 97.9549 -0.0448437 0.2
      vertex 98.6136 -0.0911541 0.2
      vertex 98.025 -0.311094 0.2
    endloop
  endfacet
  facet normal 0 0 -1
    outer loop
      vertex 98.6136 -0.0911541 0.2
      vertex 97.9549 -0.0448437 0.2
      vertex 98.4958 0.243852 0.2
    endloop
  endfacet
  facet normal 0 0 -1
    outer loop
      vertex 97.8647 0.173676 0.2
      vertex 98.4958 0.243852 0.2
      vertex 97.9549 -0.0448437 0.2
    endloop
  endfacet
  facet normal -0 0 -1
    outer loop
      vertex 98.4958 0.243852 0.2
      vertex 97.8647 0.173676 0.2
      vertex 98.3442 0.528855 0.2
    endloop
  endfacet
  facet normal 0 0 -1
    outer loop
      vertex 97.7516 0.348847 0.2
      vertex 98.3442 0.528855 0.2
      vertex 97.8647 0.173676 0.2
    endloop
  endfacet
  facet normal -0 0 -1
    outer loop
      vertex 98.3442 0.528855 0.2
      vertex 97.7516 0.348847 0.2
      vertex 98.1573 0.762864 0.2
    endloop
  endfacet
  facet normal 0 0 -1
    outer loop
      vertex 97.6124 0.485093 0.2
      vertex 98.1573 0.762864 0.2
      vertex 97.7516 0.348847 0.2
    endloop
  endfacet
  facet normal -0 0 -1
    outer loop
      vertex 98.1573 0.762864 0.2
      vertex 97.6124 0.485093 0.2
      vertex 97.9334 0.944886 0.2
    endloop
  endfacet
  facet normal -0 0 -1
    outer loop
      vertex 97.9334 0.944886 0.2
      vertex 97.6124 0.485093 0.2
      vertex 97.6723 1.07489 0.2
    endloop
  endfacet
  facet normal 0 0 -1
    outer loop
      vertex 97.4472 0.582429 0.2
      vertex 97.6723 1.07489 0.2
      vertex 97.6124 0.485093 0.2
    endloop
  endfacet
  facet normal 0 0 -1
    outer loop
      vertex 97.4472 0.582429 0.2
      vertex 97.3742 1.15289 0.2
      vertex 97.6723 1.07489 0.2
    endloop
  endfacet
  facet normal 0 0 -1
    outer loop
      vertex 97.2561 0.640809 0.2
      vertex 97.3742 1.15289 0.2
      vertex 97.4472 0.582429 0.2
    endloop
  endfacet
  facet normal 0 0 -1
    outer loop
      vertex 97.0389 1.17889 0.2
      vertex 97.2561 0.640809 0.2
      vertex 97.0389 0.660279 0.2
    endloop
  endfacet
  facet normal 0 0 -1
    outer loop
      vertex 97.2561 0.640809 0.2
      vertex 97.0389 1.17889 0.2
      vertex 97.3742 1.15289 0.2
    endloop
  endfacet
  facet normal 0 0 -1
    outer loop
      vertex 96.8163 0.641099 0.2
      vertex 97.0389 1.17889 0.2
      vertex 97.0389 0.660279 0.2
    endloop
  endfacet
  facet normal 0 0 -1
    outer loop
      vertex 96.8163 0.641099 0.2
      vertex 96.6947 1.15318 0.2
      vertex 97.0389 1.17889 0.2
    endloop
  endfacet
  facet normal 0 0 -1
    outer loop
      vertex 96.6203 0.583558 0.2
      vertex 96.6947 1.15318 0.2
      vertex 96.8163 0.641099 0.2
    endloop
  endfacet
  facet normal 0 0 -1
    outer loop
      vertex 96.3896 1.07602 0.2
      vertex 96.6203 0.583558 0.2
      vertex 96.4509 0.487641 0.2
    endloop
  endfacet
  facet normal 0 0 -1
    outer loop
      vertex 96.6203 0.583558 0.2
      vertex 96.3896 1.07602 0.2
      vertex 96.6947 1.15318 0.2
    endloop
  endfacet
  facet normal 0 0 -1
    outer loop
      vertex 95.8966 0.767426 0.2
      vertex 96.4509 0.487641 0.2
      vertex 96.308 0.353379 0.2
    endloop
  endfacet
  facet normal 0 0 -1
    outer loop
      vertex 95.7087 0.535981 0.2
      vertex 96.308 0.353379 0.2
      vertex 96.1917 0.180741 0.2
    endloop
  endfacet
  facet normal 0 0 -1
    outer loop
      vertex 96.4509 0.487641 0.2
      vertex 96.1236 0.94745 0.2
      vertex 96.3896 1.07602 0.2
    endloop
  endfacet
  facet normal 0 0 -1
    outer loop
      vertex 95.5572 0.252961 0.2
      vertex 96.1917 0.180741 0.2
      vertex 96.099 -0.03578 0.2
    endloop
  endfacet
  facet normal 0 0 -1
    outer loop
      vertex 95.4393 -0.0817852 0.2
      vertex 96.099 -0.03578 0.2
      vertex 96.0269 -0.301741 0.2
    endloop
  endfacet
  facet normal 0 0 -1
    outer loop
      vertex 95.3551 -0.468245 0.2
      vertex 96.0269 -0.301741 0.2
      vertex 95.9754 -0.617155 0.2
    endloop
  endfacet
  facet normal 0 0 -1
    outer loop
      vertex 96.4509 0.487641 0.2
      vertex 95.8966 0.767426 0.2
      vertex 96.1236 0.94745 0.2
    endloop
  endfacet
  facet normal 0 0 -1
    outer loop
      vertex 95.3046 -0.906416 0.2
      vertex 95.9754 -0.617155 0.2
      vertex 95.9445 -0.982008 0.2
    endloop
  endfacet
  facet normal 0 0 -1
    outer loop
      vertex 95.2878 -1.39631 0.2
      vertex 95.9445 -0.982008 0.2
      vertex 95.9342 -1.39631 0.2
    endloop
  endfacet
  facet normal 0 0 -1
    outer loop
      vertex 95.3571 -2.30847 0.2
      vertex 96.0282 -2.46916 0.2
      vertex 95.4438 -2.69209 0.2
    endloop
  endfacet
  facet normal 0 0 -1
    outer loop
      vertex 96.0282 -2.46916 0.2
      vertex 95.3571 -2.30847 0.2
      vertex 95.976 -2.1573 0.2
    endloop
  endfacet
  facet normal -0 0 -1
    outer loop
      vertex 95.9445 -0.982008 0.2
      vertex 95.2878 -1.39631 0.2
      vertex 95.3046 -0.906416 0.2
    endloop
  endfacet
  facet normal 0 0 -1
    outer loop
      vertex 95.3051 -1.87654 0.2
      vertex 95.976 -2.1573 0.2
      vertex 95.3571 -2.30847 0.2
    endloop
  endfacet
  facet normal -0 0 -1
    outer loop
      vertex 95.9754 -0.617155 0.2
      vertex 95.3046 -0.906416 0.2
      vertex 95.3551 -0.468245 0.2
    endloop
  endfacet
  facet normal 0 0 -1
    outer loop
      vertex 95.976 -2.1573 0.2
      vertex 95.3051 -1.87654 0.2
      vertex 95.9447 -1.79967 0.2
    endloop
  endfacet
  facet normal -0 0 -1
    outer loop
      vertex 96.0269 -0.301741 0.2
      vertex 95.3551 -0.468245 0.2
      vertex 95.4393 -0.0817852 0.2
    endloop
  endfacet
  facet normal 0 0 -1
    outer loop
      vertex 95.2878 -1.39631 0.2
      vertex 95.9447 -1.79967 0.2
      vertex 95.3051 -1.87654 0.2
    endloop
  endfacet
  facet normal 0 0 -1
    outer loop
      vertex 95.9447 -1.79967 0.2
      vertex 95.2878 -1.39631 0.2
      vertex 95.9342 -1.39631 0.2
    endloop
  endfacet
  facet normal -0 0 -1
    outer loop
      vertex 96.099 -0.03578 0.2
      vertex 95.4393 -0.0817852 0.2
      vertex 95.5572 0.252961 0.2
    endloop
  endfacet
  facet normal 0 0 -1
    outer loop
      vertex 96.308 0.353379 0.2
      vertex 95.7087 0.535981 0.2
      vertex 95.8966 0.767426 0.2
    endloop
  endfacet
  facet normal 0 0 -1
    outer loop
      vertex 96.1917 0.180741 0.2
      vertex 95.5572 0.252961 0.2
      vertex 95.7087 0.535981 0.2
    endloop
  endfacet
  facet normal 0 0 -1
    outer loop
      vertex 99.5515 -3.90048 0.2
      vertex 100.23 -1.82257 0.2
      vertex 100.23 -3.90048 0.2
    endloop
  endfacet
  facet normal -0 0 -1
    outer loop
      vertex 100.23 -1.82257 0.2
      vertex 99.5515 -3.90048 0.2
      vertex 100.23 -1.28621 0.2
    endloop
  endfacet
  facet normal 0 0 -1
    outer loop
      vertex 99.5515 1.10431 0.2
      vertex 100.23 -1.28621 0.2
      vertex 99.5515 -3.90048 0.2
    endloop
  endfacet
  facet normal 0 0 -1
    outer loop
      vertex 103.089 -3.90048 0.2
      vertex 102.45 -1.74441 0.2
      vertex 103.871 -3.90048 0.2
    endloop
  endfacet
  facet normal 0 0 -1
    outer loop
      vertex 102.45 -1.74441 0.2
      vertex 102.258 -1.24614 0.2
      vertex 102.423 -1.19606 0.2
    endloop
  endfacet
  facet normal 0 0 -1
    outer loop
      vertex 101.789 -1.82257 0.2
      vertex 102.45 -1.74441 0.2
      vertex 103.089 -3.90048 0.2
    endloop
  endfacet
  facet normal 0 -0 -1
    outer loop
      vertex 102.072 -1.2762 0.2
      vertex 102.45 -1.74441 0.2
      vertex 101.789 -1.82257 0.2
    endloop
  endfacet
  facet normal 0 0 -1
    outer loop
      vertex 102.45 -1.74441 0.2
      vertex 102.072 -1.2762 0.2
      vertex 102.258 -1.24614 0.2
    endloop
  endfacet
  facet normal 0 0 -1
    outer loop
      vertex 102.072 -1.2762 0.2
      vertex 101.789 -1.82257 0.2
      vertex 101.867 -1.28621 0.2
    endloop
  endfacet
  facet normal 0 0 -1
    outer loop
      vertex 100.23 -1.28621 0.2
      vertex 101.789 -1.82257 0.2
      vertex 100.23 -1.82257 0.2
    endloop
  endfacet
  facet normal 0 0 -1
    outer loop
      vertex 101.789 -1.82257 0.2
      vertex 100.23 -1.28621 0.2
      vertex 101.867 -1.28621 0.2
    endloop
  endfacet
  facet normal 0 0 -1
    outer loop
      vertex 102.99 -0.334257 0.2
      vertex 103.672 -0.327192 0.2
      vertex 103.659 -0.543135 0.2
    endloop
  endfacet
  facet normal 0 0 -1
    outer loop
      vertex 102.978 -0.506666 0.2
      vertex 103.659 -0.543135 0.2
      vertex 103.62 -0.744886 0.2
    endloop
  endfacet
  facet normal 0 0 -1
    outer loop
      vertex 102.978 -0.167814 0.2
      vertex 103.672 -0.327192 0.2
      vertex 102.99 -0.334257 0.2
    endloop
  endfacet
  facet normal 0 0 -1
    outer loop
      vertex 102.943 -0.663023 0.2
      vertex 103.62 -0.744886 0.2
      vertex 103.555 -0.932432 0.2
    endloop
  endfacet
  facet normal 0 0 -1
    outer loop
      vertex 103.672 -0.327192 0.2
      vertex 102.978 -0.167814 0.2
      vertex 103.653 -0.0690899 0.2
    endloop
  endfacet
  facet normal 0 0 -1
    outer loop
      vertex 102.884 -0.803328 0.2
      vertex 103.555 -0.932432 0.2
      vertex 103.464 -1.10576 0.2
    endloop
  endfacet
  facet normal -0 0 -1
    outer loop
      vertex 103.653 -0.0690899 0.2
      vertex 102.978 -0.167814 0.2
      vertex 103.598 0.165284 0.2
    endloop
  endfacet
  facet normal 0 0 -1
    outer loop
      vertex 102.884 -0.803328 0.2
      vertex 103.464 -1.10576 0.2
      vertex 103.347 -1.26489 0.2
    endloop
  endfacet
  facet normal 0 0 -1
    outer loop
      vertex 102.942 -0.0179882 0.2
      vertex 103.598 0.165284 0.2
      vertex 102.978 -0.167814 0.2
    endloop
  endfacet
  facet normal 0 0 -1
    outer loop
      vertex 102.802 -0.92758 0.2
      vertex 103.347 -1.26489 0.2
      vertex 103.207 -1.4057 0.2
    endloop
  endfacet
  facet normal 0 0 -1
    outer loop
      vertex 102.697 -1.03578 0.2
      vertex 103.207 -1.4057 0.2
      vertex 103.047 -1.52405 0.2
    endloop
  endfacet
  facet normal -0 0 -1
    outer loop
      vertex 103.598 0.165284 0.2
      vertex 102.942 -0.0179882 0.2
      vertex 103.506 0.375932 0.2
    endloop
  endfacet
  facet normal 0 0 -1
    outer loop
      vertex 102.883 0.11522 0.2
      vertex 103.506 0.375932 0.2
      vertex 102.942 -0.0179882 0.2
    endloop
  endfacet
  facet normal 0 0 -1
    outer loop
      vertex 103.659 -0.543135 0.2
      vertex 102.978 -0.506666 0.2
      vertex 102.99 -0.334257 0.2
    endloop
  endfacet
  facet normal 0 0 -1
    outer loop
      vertex 103.62 -0.744886 0.2
      vertex 102.943 -0.663023 0.2
      vertex 102.978 -0.506666 0.2
    endloop
  endfacet
  facet normal 0 0 -1
    outer loop
      vertex 103.555 -0.932432 0.2
      vertex 102.884 -0.803328 0.2
      vertex 102.943 -0.663023 0.2
    endloop
  endfacet
  facet normal 0 0 -1
    outer loop
      vertex 102.697 -1.03578 0.2
      vertex 103.047 -1.52405 0.2
      vertex 102.868 -1.61995 0.2
    endloop
  endfacet
  facet normal 0 0 -1
    outer loop
      vertex 103.347 -1.26489 0.2
      vertex 102.802 -0.92758 0.2
      vertex 102.884 -0.803328 0.2
    endloop
  endfacet
  facet normal 0 0 -1
    outer loop
      vertex 103.207 -1.4057 0.2
      vertex 102.697 -1.03578 0.2
      vertex 102.802 -0.92758 0.2
    endloop
  endfacet
  facet normal 0 0 -1
    outer loop
      vertex 102.57 -1.12594 0.2
      vertex 102.868 -1.61995 0.2
      vertex 102.669 -1.6934 0.2
    endloop
  endfacet
  facet normal 0 0 -1
    outer loop
      vertex 102.868 -1.61995 0.2
      vertex 102.57 -1.12594 0.2
      vertex 102.697 -1.03578 0.2
    endloop
  endfacet
  facet normal 0 0 -1
    outer loop
      vertex 102.423 -1.19606 0.2
      vertex 102.669 -1.6934 0.2
      vertex 102.45 -1.74441 0.2
    endloop
  endfacet
  facet normal 0 0 -1
    outer loop
      vertex 102.669 -1.6934 0.2
      vertex 102.423 -1.19606 0.2
      vertex 102.57 -1.12594 0.2
    endloop
  endfacet
  facet normal -0 0 -1
    outer loop
      vertex 103.506 0.375932 0.2
      vertex 102.883 0.11522 0.2
      vertex 103.377 0.562837 0.2
    endloop
  endfacet
  facet normal 0 0 -1
    outer loop
      vertex 102.8 0.231797 0.2
      vertex 103.377 0.562837 0.2
      vertex 102.883 0.11522 0.2
    endloop
  endfacet
  facet normal -0 0 -1
    outer loop
      vertex 103.377 0.562837 0.2
      vertex 102.8 0.231797 0.2
      vertex 103.212 0.726014 0.2
    endloop
  endfacet
  facet normal 0 0 -1
    outer loop
      vertex 102.693 0.331758 0.2
      vertex 103.212 0.726014 0.2
      vertex 102.8 0.231797 0.2
    endloop
  endfacet
  facet normal -0 0 -1
    outer loop
      vertex 103.212 0.726014 0.2
      vertex 102.693 0.331758 0.2
      vertex 103.012 0.862199 0.2
    endloop
  endfacet
  facet normal 0 0 -1
    outer loop
      vertex 102.564 0.414231 0.2
      vertex 103.012 0.862199 0.2
      vertex 102.693 0.331758 0.2
    endloop
  endfacet
  facet normal -0 0 -1
    outer loop
      vertex 103.012 0.862199 0.2
      vertex 102.564 0.414231 0.2
      vertex 102.782 0.968125 0.2
    endloop
  endfacet
  facet normal 0 0 -1
    outer loop
      vertex 102.414 0.478379 0.2
      vertex 102.782 0.968125 0.2
      vertex 102.564 0.414231 0.2
    endloop
  endfacet
  facet normal -0 0 -1
    outer loop
      vertex 102.782 0.968125 0.2
      vertex 102.414 0.478379 0.2
      vertex 102.521 1.04378 0.2
    endloop
  endfacet
  facet normal 0 0 -1
    outer loop
      vertex 102.243 0.524201 0.2
      vertex 102.521 1.04378 0.2
      vertex 102.414 0.478379 0.2
    endloop
  endfacet
  facet normal 0 0 -1
    outer loop
      vertex 102.243 0.524201 0.2
      vertex 102.229 1.08917 0.2
      vertex 102.521 1.04378 0.2
    endloop
  endfacet
  facet normal 0 0 -1
    outer loop
      vertex 102.052 0.551698 0.2
      vertex 102.229 1.08917 0.2
      vertex 102.243 0.524201 0.2
    endloop
  endfacet
  facet normal 0 0 -1
    outer loop
      vertex 102.052 0.551698 0.2
      vertex 101.906 1.10431 0.2
      vertex 102.229 1.08917 0.2
    endloop
  endfacet
  facet normal 0 0 -1
    outer loop
      vertex 101.839 0.560868 0.2
      vertex 101.906 1.10431 0.2
      vertex 102.052 0.551698 0.2
    endloop
  endfacet
  facet normal 0 0 -1
    outer loop
      vertex 100.23 0.560868 0.2
      vertex 101.906 1.10431 0.2
      vertex 101.839 0.560868 0.2
    endloop
  endfacet
  facet normal 0 0 -1
    outer loop
      vertex 100.23 0.560868 0.2
      vertex 99.5515 1.10431 0.2
      vertex 101.906 1.10431 0.2
    endloop
  endfacet
  facet normal 0 0 -1
    outer loop
      vertex 100.23 -1.28621 0.2
      vertex 99.5515 1.10431 0.2
      vertex 100.23 0.560868 0.2
    endloop
  endfacet
  facet normal -0 0 1
    outer loop
      vertex 90.0363 -0.0560894 0.599999
      vertex 90.703 -0.192198 0.599999
      vertex 90.6868 0.0586557 0.599999
    endloop
  endfacet
  facet normal 0 0 1
    outer loop
      vertex 90.703 -0.192198 0.599999
      vertex 90.0459 -0.21353 0.599999
      vertex 90.6977 -0.308561 0.599999
    endloop
  endfacet
  facet normal 0 0 1
    outer loop
      vertex 90.0403 -0.333143 0.599999
      vertex 90.6977 -0.308561 0.599999
      vertex 90.0459 -0.21353 0.599999
    endloop
  endfacet
  facet normal -0 0 1
    outer loop
      vertex 90.0073 0.0865793 0.599999
      vertex 90.6868 0.0586557 0.599999
      vertex 90.638 0.285493 0.599999
    endloop
  endfacet
  facet normal 0 0 1
    outer loop
      vertex 90.6977 -0.308561 0.599999
      vertex 90.0403 -0.333143 0.599999
      vertex 90.6817 -0.424635 0.599999
    endloop
  endfacet
  facet normal 0 0 1
    outer loop
      vertex 90.6817 -0.424635 0.599999
      vertex 90.0403 -0.333143 0.599999
      vertex 90.6551 -0.540419 0.599999
    endloop
  endfacet
  facet normal 0 0 1
    outer loop
      vertex 90.0073 0.0865793 0.599999
      vertex 90.638 0.285493 0.599999
      vertex 90.5566 0.488313 0.599999
    endloop
  endfacet
  facet normal -0 0 1
    outer loop
      vertex 90.0235 -0.447645 0.599999
      vertex 90.6551 -0.540419 0.599999
      vertex 90.0403 -0.333143 0.599999
    endloop
  endfacet
  facet normal 0 0 1
    outer loop
      vertex 89.959 0.214463 0.599999
      vertex 90.5566 0.488313 0.599999
      vertex 90.4427 0.66713 0.599999
    endloop
  endfacet
  facet normal 0 0 1
    outer loop
      vertex 90.6551 -0.540419 0.599999
      vertex 90.0235 -0.447645 0.599999
      vertex 90.6178 -0.655928 0.599999
    endloop
  endfacet
  facet normal -0 0 1
    outer loop
      vertex 89.9954 -0.557051 0.599999
      vertex 90.6178 -0.655928 0.599999
      vertex 90.0235 -0.447645 0.599999
    endloop
  endfacet
  facet normal 0 0 1
    outer loop
      vertex 89.8913 0.327561 0.599999
      vertex 90.4427 0.66713 0.599999
      vertex 90.2963 0.821931 0.599999
    endloop
  endfacet
  facet normal 0 0 1
    outer loop
      vertex 90.6178 -0.655928 0.599999
      vertex 89.9954 -0.557051 0.599999
      vertex 90.5698 -0.771162 0.599999
    endloop
  endfacet
  facet normal 0 0 1
    outer loop
      vertex 90.5698 -0.771162 0.599999
      vertex 89.9954 -0.557051 0.599999
      vertex 90.5114 -0.886244 0.599999
    endloop
  endfacet
  facet normal 0 0 1
    outer loop
      vertex 89.8043 0.425874 0.599999
      vertex 90.2963 0.821931 0.599999
      vertex 90.1196 0.95044 0.599999
    endloop
  endfacet
  facet normal -0 0 1
    outer loop
      vertex 89.9561 -0.661345 0.599999
      vertex 90.5114 -0.886244 0.599999
      vertex 89.9954 -0.557051 0.599999
    endloop
  endfacet
  facet normal 0 0 1
    outer loop
      vertex 90.5114 -0.886244 0.599999
      vertex 89.9561 -0.661345 0.599999
      vertex 90.4425 -1.00134 0.599999
    endloop
  endfacet
  facet normal 0 0 1
    outer loop
      vertex 90.703 -0.192198 0.599999
      vertex 90.0363 -0.0560894 0.599999
      vertex 90.0459 -0.21353 0.599999
    endloop
  endfacet
  facet normal 0 0 1
    outer loop
      vertex 90.6868 0.0586557 0.599999
      vertex 90.0073 0.0865793 0.599999
      vertex 90.0363 -0.0560894 0.599999
    endloop
  endfacet
  facet normal 0 0 1
    outer loop
      vertex 90.5566 0.488313 0.599999
      vertex 89.959 0.214463 0.599999
      vertex 90.0073 0.0865793 0.599999
    endloop
  endfacet
  facet normal 0 0 1
    outer loop
      vertex 89.7002 0.507722 0.599999
      vertex 90.1196 0.95044 0.599999
      vertex 89.915 1.05039 0.599999
    endloop
  endfacet
  facet normal 0 0 1
    outer loop
      vertex 90.4427 0.66713 0.599999
      vertex 89.8913 0.327561 0.599999
      vertex 89.959 0.214463 0.599999
    endloop
  endfacet
  facet normal 0 0 1
    outer loop
      vertex 90.2963 0.821931 0.599999
      vertex 89.8043 0.425874 0.599999
      vertex 89.8913 0.327561 0.599999
    endloop
  endfacet
  facet normal 0 0 1
    outer loop
      vertex 90.1196 0.95044 0.599999
      vertex 89.7002 0.507722 0.599999
      vertex 89.8043 0.425874 0.599999
    endloop
  endfacet
  facet normal 0 0 1
    outer loop
      vertex 89.581 0.571366 0.599999
      vertex 89.915 1.05039 0.599999
      vertex 89.6823 1.12178 0.599999
    endloop
  endfacet
  facet normal 0 0 1
    outer loop
      vertex 89.915 1.05039 0.599999
      vertex 89.581 0.571366 0.599999
      vertex 89.7002 0.507722 0.599999
    endloop
  endfacet
  facet normal 0 0 1
    outer loop
      vertex 89.6823 1.12178 0.599999
      vertex 89.4468 0.616838 0.599999
      vertex 89.581 0.571366 0.599999
    endloop
  endfacet
  facet normal 0 0 1
    outer loop
      vertex 89.4217 1.16461 0.599999
      vertex 89.4468 0.616838 0.599999
      vertex 89.6823 1.12178 0.599999
    endloop
  endfacet
  facet normal 0 0 1
    outer loop
      vertex 89.4217 1.16461 0.599999
      vertex 89.2974 0.64412 0.599999
      vertex 89.4468 0.616838 0.599999
    endloop
  endfacet
  facet normal 0 0 1
    outer loop
      vertex 89.133 1.17889 0.599999
      vertex 89.2974 0.64412 0.599999
      vertex 89.4217 1.16461 0.599999
    endloop
  endfacet
  facet normal 0 0 1
    outer loop
      vertex 89.133 1.17889 0.599999
      vertex 89.133 0.653214 0.599999
      vertex 89.2974 0.64412 0.599999
    endloop
  endfacet
  facet normal 0 0 1
    outer loop
      vertex 89.133 1.17889 0.599999
      vertex 88.9754 0.644334 0.599999
      vertex 89.133 0.653214 0.599999
    endloop
  endfacet
  facet normal -0 0 1
    outer loop
      vertex 88.8674 1.16469 0.599999
      vertex 88.9754 0.644334 0.599999
      vertex 89.133 1.17889 0.599999
    endloop
  endfacet
  facet normal 0 0 1
    outer loop
      vertex 88.8674 1.16469 0.599999
      vertex 88.8293 0.617677 0.599999
      vertex 88.9754 0.644334 0.599999
    endloop
  endfacet
  facet normal -0 0 1
    outer loop
      vertex 88.6218 1.12206 0.599999
      vertex 88.8293 0.617677 0.599999
      vertex 88.8674 1.16469 0.599999
    endloop
  endfacet
  facet normal 0 0 1
    outer loop
      vertex 88.8293 0.617677 0.599999
      vertex 88.6218 1.12206 0.599999
      vertex 88.6946 0.573274 0.599999
    endloop
  endfacet
  facet normal -0 0 1
    outer loop
      vertex 88.3963 1.05101 0.599999
      vertex 88.6946 0.573274 0.599999
      vertex 88.6218 1.12206 0.599999
    endloop
  endfacet
  facet normal 0 0 1
    outer loop
      vertex 88.6946 0.573274 0.599999
      vertex 88.3963 1.05101 0.599999
      vertex 88.5715 0.511109 0.599999
    endloop
  endfacet
  facet normal -0 0 1
    outer loop
      vertex 88.1907 0.951539 0.599999
      vertex 88.5715 0.511109 0.599999
      vertex 88.3963 1.05101 0.599999
    endloop
  endfacet
  facet normal 0 0 1
    outer loop
      vertex 88.5715 0.511109 0.599999
      vertex 88.1907 0.951539 0.599999
      vertex 88.4599 0.431169 0.599999
    endloop
  endfacet
  facet normal -0 0 1
    outer loop
      vertex 88.0053 0.823655 0.599999
      vertex 88.4599 0.431169 0.599999
      vertex 88.1907 0.951539 0.599999
    endloop
  endfacet
  facet normal 0 0 1
    outer loop
      vertex 88.4599 0.431169 0.599999
      vertex 88.0053 0.823655 0.599999
      vertex 88.3628 0.335206 0.599999
    endloop
  endfacet
  facet normal -0 0 1
    outer loop
      vertex 87.8445 0.671769 0.599999
      vertex 88.3628 0.335206 0.599999
      vertex 88.0053 0.823655 0.599999
    endloop
  endfacet
  facet normal 0 0 1
    outer loop
      vertex 88.3628 0.335206 0.599999
      vertex 87.8445 0.671769 0.599999
      vertex 88.2832 0.22487 0.599999
    endloop
  endfacet
  facet normal -0 0 1
    outer loop
      vertex 87.7131 0.500291 0.599999
      vertex 88.2832 0.22487 0.599999
      vertex 87.8445 0.671769 0.599999
    endloop
  endfacet
  facet normal 0 0 1
    outer loop
      vertex 88.2832 0.22487 0.599999
      vertex 87.7131 0.500291 0.599999
      vertex 88.221 0.100205 0.599999
    endloop
  endfacet
  facet normal -0 0 1
    outer loop
      vertex 87.6112 0.30919 0.599999
      vertex 88.221 0.100205 0.599999
      vertex 87.7131 0.500291 0.599999
    endloop
  endfacet
  facet normal 0 0 1
    outer loop
      vertex 88.221 0.100205 0.599999
      vertex 87.6112 0.30919 0.599999
      vertex 88.1763 -0.0388317 0.599999
    endloop
  endfacet
  facet normal -0 0 1
    outer loop
      vertex 87.5387 0.0984964 0.599999
      vertex 88.1763 -0.0388317 0.599999
      vertex 87.6112 0.30919 0.599999
    endloop
  endfacet
  facet normal 0 0 1
    outer loop
      vertex 88.1763 -0.0388317 0.599999
      vertex 87.5387 0.0984964 0.599999
      vertex 88.1491 -0.192198 0.599999
    endloop
  endfacet
  facet normal 0 0 1
    outer loop
      vertex 88.1491 -0.192198 0.599999
      vertex 87.5387 0.0984964 0.599999
      vertex 87.4956 -0.131804 0.599999
    endloop
  endfacet
  facet normal -0 0 1
    outer loop
      vertex 89.9056 -0.760527 0.599999
      vertex 90.4425 -1.00134 0.599999
      vertex 89.9561 -0.661345 0.599999
    endloop
  endfacet
  facet normal 0 0 1
    outer loop
      vertex 90.4425 -1.00134 0.599999
      vertex 89.9056 -0.760527 0.599999
      vertex 90.3633 -1.11642 0.599999
    endloop
  endfacet
  facet normal -0 0 1
    outer loop
      vertex 89.846 -0.856291 0.599999
      vertex 90.3633 -1.11642 0.599999
      vertex 89.9056 -0.760527 0.599999
    endloop
  endfacet
  facet normal 0 0 1
    outer loop
      vertex 90.3633 -1.11642 0.599999
      vertex 89.846 -0.856291 0.599999
      vertex 90.2737 -1.23152 0.599999
    endloop
  endfacet
  facet normal -0 0 1
    outer loop
      vertex 89.7794 -0.950346 0.599999
      vertex 90.2737 -1.23152 0.599999
      vertex 89.846 -0.856291 0.599999
    endloop
  endfacet
  facet normal 0 0 1
    outer loop
      vertex 90.2737 -1.23152 0.599999
      vertex 89.7794 -0.950346 0.599999
      vertex 90.1738 -1.3466 0.599999
    endloop
  endfacet
  facet normal -0 0 1
    outer loop
      vertex 89.7059 -1.04271 0.599999
      vertex 90.1738 -1.3466 0.599999
      vertex 89.7794 -0.950346 0.599999
    endloop
  endfacet
  facet normal 0 0 1
    outer loop
      vertex 90.1738 -1.3466 0.599999
      vertex 89.7059 -1.04271 0.599999
      vertex 90.0495 -1.47433 0.599999
    endloop
  endfacet
  facet normal -0 0 1
    outer loop
      vertex 89.6254 -1.13336 0.599999
      vertex 90.0495 -1.47433 0.599999
      vertex 89.7059 -1.04271 0.599999
    endloop
  endfacet
  facet normal 0 0 1
    outer loop
      vertex 90.0495 -1.47433 0.599999
      vertex 89.6254 -1.13336 0.599999
      vertex 89.8868 -1.62735 0.599999
    endloop
  endfacet
  facet normal -0 0 1
    outer loop
      vertex 89.5379 -1.2223 0.599999
      vertex 89.8868 -1.62735 0.599999
      vertex 89.6254 -1.13336 0.599999
    endloop
  endfacet
  facet normal -0 0 1
    outer loop
      vertex 89.4448 -1.31039 0.599999
      vertex 89.8868 -1.62735 0.599999
      vertex 89.5379 -1.2223 0.599999
    endloop
  endfacet
  facet normal 0 0 1
    outer loop
      vertex 89.8868 -1.62735 0.599999
      vertex 89.4448 -1.31039 0.599999
      vertex 89.6857 -1.80566 0.599999
    endloop
  endfacet
  facet normal -0 0 1
    outer loop
      vertex 89.3473 -1.39848 0.599999
      vertex 89.6857 -1.80566 0.599999
      vertex 89.4448 -1.31039 0.599999
    endloop
  endfacet
  facet normal -0 0 1
    outer loop
      vertex 89.2453 -1.48654 0.599999
      vertex 89.6857 -1.80566 0.599999
      vertex 89.3473 -1.39848 0.599999
    endloop
  endfacet
  facet normal 0 0 1
    outer loop
      vertex 89.6857 -1.80566 0.599999
      vertex 89.2453 -1.48654 0.599999
      vertex 89.4463 -2.00926 0.599999
    endloop
  endfacet
  facet normal -0 0 1
    outer loop
      vertex 89.139 -1.57463 0.599999
      vertex 89.4463 -2.00926 0.599999
      vertex 89.2453 -1.48654 0.599999
    endloop
  endfacet
  facet normal -0 0 1
    outer loop
      vertex 89.0282 -1.6627 0.599999
      vertex 89.4463 -2.00926 0.599999
      vertex 89.139 -1.57463 0.599999
    endloop
  endfacet
  facet normal 0 0 1
    outer loop
      vertex 89.4463 -2.00926 0.599999
      vertex 89.0282 -1.6627 0.599999
      vertex 89.1686 -2.23816 0.599999
    endloop
  endfacet
  facet normal -0 0 1
    outer loop
      vertex 88.9151 -1.75229 0.599999
      vertex 89.1686 -2.23816 0.599999
      vertex 89.0282 -1.6627 0.599999
    endloop
  endfacet
  facet normal -0 0 1
    outer loop
      vertex 88.8015 -1.84485 0.599999
      vertex 89.1686 -2.23816 0.599999
      vertex 88.9151 -1.75229 0.599999
    endloop
  endfacet
  facet normal 0 0 1
    outer loop
      vertex 89.1686 -2.23816 0.599999
      vertex 88.8015 -1.84485 0.599999
      vertex 89.0118 -2.36908 0.599999
    endloop
  endfacet
  facet normal -0 0 1
    outer loop
      vertex 88.6875 -1.9404 0.599999
      vertex 89.0118 -2.36908 0.599999
      vertex 88.8015 -1.84485 0.599999
    endloop
  endfacet
  facet normal -0 0 1
    outer loop
      vertex 88.573 -2.03894 0.599999
      vertex 89.0118 -2.36908 0.599999
      vertex 88.6875 -1.9404 0.599999
    endloop
  endfacet
  facet normal 0 0 1
    outer loop
      vertex 89.0118 -2.36908 0.599999
      vertex 88.573 -2.03894 0.599999
      vertex 88.8685 -2.49473 0.599999
    endloop
  endfacet
  facet normal -0 0 1
    outer loop
      vertex 88.4581 -2.14047 0.599999
      vertex 88.8685 -2.49473 0.599999
      vertex 88.573 -2.03894 0.599999
    endloop
  endfacet
  facet normal 0 0 1
    outer loop
      vertex 88.8685 -2.49473 0.599999
      vertex 88.4581 -2.14047 0.599999
      vertex 88.7385 -2.61516 0.599999
    endloop
  endfacet
  facet normal -0 0 1
    outer loop
      vertex 88.3441 -2.24588 0.599999
      vertex 88.7385 -2.61516 0.599999
      vertex 88.4581 -2.14047 0.599999
    endloop
  endfacet
  facet normal 0 0 1
    outer loop
      vertex 88.7385 -2.61516 0.599999
      vertex 88.3441 -2.24588 0.599999
      vertex 88.6218 -2.7303 0.599999
    endloop
  endfacet
  facet normal -0 0 1
    outer loop
      vertex 88.2322 -2.35614 0.599999
      vertex 88.6218 -2.7303 0.599999
      vertex 88.3441 -2.24588 0.599999
    endloop
  endfacet
  facet normal 0 0 1
    outer loop
      vertex 88.6218 -2.7303 0.599999
      vertex 88.2322 -2.35614 0.599999
      vertex 88.5185 -2.84021 0.599999
    endloop
  endfacet
  facet normal -0 0 1
    outer loop
      vertex 88.1225 -2.47122 0.599999
      vertex 88.5185 -2.84021 0.599999
      vertex 88.2322 -2.35614 0.599999
    endloop
  endfacet
  facet normal -0 0 1
    outer loop
      vertex 88.0149 -2.59115 0.599999
      vertex 88.5185 -2.84021 0.599999
      vertex 88.1225 -2.47122 0.599999
    endloop
  endfacet
  facet normal 0 0 1
    outer loop
      vertex 88.5185 -2.84021 0.599999
      vertex 88.0149 -2.59115 0.599999
      vertex 88.4273 -2.9467 0.599999
    endloop
  endfacet
  facet normal -0 0 1
    outer loop
      vertex 87.9094 -2.71591 0.599999
      vertex 88.4273 -2.9467 0.599999
      vertex 88.0149 -2.59115 0.599999
    endloop
  endfacet
  facet normal 0 0 1
    outer loop
      vertex 88.4273 -2.9467 0.599999
      vertex 87.9094 -2.71591 0.599999
      vertex 88.3469 -3.05163 0.599999
    endloop
  endfacet
  facet normal 0 0 1
    outer loop
      vertex 88.3469 -3.05163 0.599999
      vertex 87.9094 -2.71591 0.599999
      vertex 88.2773 -3.155 0.599999
    endloop
  endfacet
  facet normal -0 0 1
    outer loop
      vertex 88.1705 -3.35704 0.599999
      vertex 90.7812 -3.90048 0.599999
      vertex 90.7812 -3.35704 0.599999
    endloop
  endfacet
  facet normal -0 0 1
    outer loop
      vertex 87.8081 -2.84697 0.599999
      vertex 88.2773 -3.155 0.599999
      vertex 87.9094 -2.71591 0.599999
    endloop
  endfacet
  facet normal 0 0 1
    outer loop
      vertex 88.2773 -3.155 0.599999
      vertex 87.8081 -2.84697 0.599999
      vertex 88.2185 -3.2568 0.599999
    endloop
  endfacet
  facet normal -0 0 1
    outer loop
      vertex 87.7133 -2.98585 0.599999
      vertex 88.2185 -3.2568 0.599999
      vertex 87.8081 -2.84697 0.599999
    endloop
  endfacet
  facet normal 0 0 1
    outer loop
      vertex 88.2185 -3.2568 0.599999
      vertex 87.7133 -2.98585 0.599999
      vertex 88.1705 -3.35704 0.599999
    endloop
  endfacet
  facet normal -0 0 1
    outer loop
      vertex 87.6249 -3.13255 0.599999
      vertex 88.1705 -3.35704 0.599999
      vertex 87.7133 -2.98585 0.599999
    endloop
  endfacet
  facet normal -0 0 1
    outer loop
      vertex 87.5428 -3.28706 0.599999
      vertex 88.1705 -3.35704 0.599999
      vertex 87.6249 -3.13255 0.599999
    endloop
  endfacet
  facet normal 0 0 1
    outer loop
      vertex 87.4672 -3.44938 0.599999
      vertex 88.1705 -3.35704 0.599999
      vertex 87.5428 -3.28706 0.599999
    endloop
  endfacet
  facet normal 0 0 1
    outer loop
      vertex 88.1705 -3.35704 0.599999
      vertex 87.4672 -3.44938 0.599999
      vertex 87.4672 -3.90048 0.599999
    endloop
  endfacet
  facet normal 0 0 1
    outer loop
      vertex 88.1705 -3.35704 0.599999
      vertex 87.4672 -3.90048 0.599999
      vertex 90.7812 -3.90048 0.599999
    endloop
  endfacet
  facet normal -0 0 1
    outer loop
      vertex 93.9874 -0.0560894 0.599999
      vertex 94.6542 -0.192198 0.599999
      vertex 94.6379 0.0586557 0.599999
    endloop
  endfacet
  facet normal 0 0 1
    outer loop
      vertex 94.6542 -0.192198 0.599999
      vertex 93.9971 -0.21353 0.599999
      vertex 94.6489 -0.308561 0.599999
    endloop
  endfacet
  facet normal 0 0 1
    outer loop
      vertex 93.9915 -0.333143 0.599999
      vertex 94.6489 -0.308561 0.599999
      vertex 93.9971 -0.21353 0.599999
    endloop
  endfacet
  facet normal -0 0 1
    outer loop
      vertex 93.9584 0.0865793 0.599999
      vertex 94.6379 0.0586557 0.599999
      vertex 94.5891 0.285493 0.599999
    endloop
  endfacet
  facet normal 0 0 1
    outer loop
      vertex 94.6489 -0.308561 0.599999
      vertex 93.9915 -0.333143 0.599999
      vertex 94.6329 -0.424635 0.599999
    endloop
  endfacet
  facet normal 0 0 1
    outer loop
      vertex 94.6329 -0.424635 0.599999
      vertex 93.9915 -0.333143 0.599999
      vertex 94.6062 -0.540419 0.599999
    endloop
  endfacet
  facet normal 0 0 1
    outer loop
      vertex 93.9584 0.0865793 0.599999
      vertex 94.5891 0.285493 0.599999
      vertex 94.5078 0.488313 0.599999
    endloop
  endfacet
  facet normal -0 0 1
    outer loop
      vertex 93.9746 -0.447645 0.599999
      vertex 94.6062 -0.540419 0.599999
      vertex 93.9915 -0.333143 0.599999
    endloop
  endfacet
  facet normal 0 0 1
    outer loop
      vertex 93.9101 0.214463 0.599999
      vertex 94.5078 0.488313 0.599999
      vertex 94.3939 0.66713 0.599999
    endloop
  endfacet
  facet normal 0 0 1
    outer loop
      vertex 94.6062 -0.540419 0.599999
      vertex 93.9746 -0.447645 0.599999
      vertex 94.5689 -0.655928 0.599999
    endloop
  endfacet
  facet normal -0 0 1
    outer loop
      vertex 93.9466 -0.557051 0.599999
      vertex 94.5689 -0.655928 0.599999
      vertex 93.9746 -0.447645 0.599999
    endloop
  endfacet
  facet normal 0 0 1
    outer loop
      vertex 93.8425 0.327561 0.599999
      vertex 94.3939 0.66713 0.599999
      vertex 94.2475 0.821931 0.599999
    endloop
  endfacet
  facet normal 0 0 1
    outer loop
      vertex 94.5689 -0.655928 0.599999
      vertex 93.9466 -0.557051 0.599999
      vertex 94.521 -0.771162 0.599999
    endloop
  endfacet
  facet normal 0 0 1
    outer loop
      vertex 94.521 -0.771162 0.599999
      vertex 93.9466 -0.557051 0.599999
      vertex 94.4625 -0.886244 0.599999
    endloop
  endfacet
  facet normal 0 0 1
    outer loop
      vertex 93.7555 0.425874 0.599999
      vertex 94.2475 0.821931 0.599999
      vertex 94.0708 0.95044 0.599999
    endloop
  endfacet
  facet normal -0 0 1
    outer loop
      vertex 93.9073 -0.661345 0.599999
      vertex 94.4625 -0.886244 0.599999
      vertex 93.9466 -0.557051 0.599999
    endloop
  endfacet
  facet normal 0 0 1
    outer loop
      vertex 94.4625 -0.886244 0.599999
      vertex 93.9073 -0.661345 0.599999
      vertex 94.3937 -1.00134 0.599999
    endloop
  endfacet
  facet normal 0 0 1
    outer loop
      vertex 94.6542 -0.192198 0.599999
      vertex 93.9874 -0.0560894 0.599999
      vertex 93.9971 -0.21353 0.599999
    endloop
  endfacet
  facet normal 0 0 1
    outer loop
      vertex 94.6379 0.0586557 0.599999
      vertex 93.9584 0.0865793 0.599999
      vertex 93.9874 -0.0560894 0.599999
    endloop
  endfacet
  facet normal 0 0 1
    outer loop
      vertex 94.5078 0.488313 0.599999
      vertex 93.9101 0.214463 0.599999
      vertex 93.9584 0.0865793 0.599999
    endloop
  endfacet
  facet normal 0 0 1
    outer loop
      vertex 93.6514 0.507722 0.599999
      vertex 94.0708 0.95044 0.599999
      vertex 93.8661 1.05039 0.599999
    endloop
  endfacet
  facet normal 0 0 1
    outer loop
      vertex 94.3939 0.66713 0.599999
      vertex 93.8425 0.327561 0.599999
      vertex 93.9101 0.214463 0.599999
    endloop
  endfacet
  facet normal 0 0 1
    outer loop
      vertex 94.2475 0.821931 0.599999
      vertex 93.7555 0.425874 0.599999
      vertex 93.8425 0.327561 0.599999
    endloop
  endfacet
  facet normal 0 0 1
    outer loop
      vertex 94.0708 0.95044 0.599999
      vertex 93.6514 0.507722 0.599999
      vertex 93.7555 0.425874 0.599999
    endloop
  endfacet
  facet normal 0 0 1
    outer loop
      vertex 93.5322 0.571366 0.599999
      vertex 93.8661 1.05039 0.599999
      vertex 93.6335 1.12178 0.599999
    endloop
  endfacet
  facet normal 0 0 1
    outer loop
      vertex 93.8661 1.05039 0.599999
      vertex 93.5322 0.571366 0.599999
      vertex 93.6514 0.507722 0.599999
    endloop
  endfacet
  facet normal 0 0 1
    outer loop
      vertex 93.6335 1.12178 0.599999
      vertex 93.3979 0.616838 0.599999
      vertex 93.5322 0.571366 0.599999
    endloop
  endfacet
  facet normal 0 0 1
    outer loop
      vertex 93.3728 1.16461 0.599999
      vertex 93.3979 0.616838 0.599999
      vertex 93.6335 1.12178 0.599999
    endloop
  endfacet
  facet normal 0 0 1
    outer loop
      vertex 93.3728 1.16461 0.599999
      vertex 93.2486 0.64412 0.599999
      vertex 93.3979 0.616838 0.599999
    endloop
  endfacet
  facet normal 0 0 1
    outer loop
      vertex 93.0842 1.17889 0.599999
      vertex 93.2486 0.64412 0.599999
      vertex 93.3728 1.16461 0.599999
    endloop
  endfacet
  facet normal 0 0 1
    outer loop
      vertex 93.0842 1.17889 0.599999
      vertex 93.0842 0.653214 0.599999
      vertex 93.2486 0.64412 0.599999
    endloop
  endfacet
  facet normal 0 0 1
    outer loop
      vertex 93.0842 1.17889 0.599999
      vertex 92.9266 0.644334 0.599999
      vertex 93.0842 0.653214 0.599999
    endloop
  endfacet
  facet normal -0 0 1
    outer loop
      vertex 92.8186 1.16469 0.599999
      vertex 92.9266 0.644334 0.599999
      vertex 93.0842 1.17889 0.599999
    endloop
  endfacet
  facet normal 0 0 1
    outer loop
      vertex 92.8186 1.16469 0.599999
      vertex 92.7804 0.617677 0.599999
      vertex 92.9266 0.644334 0.599999
    endloop
  endfacet
  facet normal -0 0 1
    outer loop
      vertex 92.573 1.12206 0.599999
      vertex 92.7804 0.617677 0.599999
      vertex 92.8186 1.16469 0.599999
    endloop
  endfacet
  facet normal 0 0 1
    outer loop
      vertex 92.7804 0.617677 0.599999
      vertex 92.573 1.12206 0.599999
      vertex 92.6458 0.573274 0.599999
    endloop
  endfacet
  facet normal -0 0 1
    outer loop
      vertex 92.3474 1.05101 0.599999
      vertex 92.6458 0.573274 0.599999
      vertex 92.573 1.12206 0.599999
    endloop
  endfacet
  facet normal 0 0 1
    outer loop
      vertex 92.6458 0.573274 0.599999
      vertex 92.3474 1.05101 0.599999
      vertex 92.5227 0.511109 0.599999
    endloop
  endfacet
  facet normal -0 0 1
    outer loop
      vertex 92.1419 0.951539 0.599999
      vertex 92.5227 0.511109 0.599999
      vertex 92.3474 1.05101 0.599999
    endloop
  endfacet
  facet normal 0 0 1
    outer loop
      vertex 92.5227 0.511109 0.599999
      vertex 92.1419 0.951539 0.599999
      vertex 92.4111 0.431169 0.599999
    endloop
  endfacet
  facet normal -0 0 1
    outer loop
      vertex 91.9564 0.823655 0.599999
      vertex 92.4111 0.431169 0.599999
      vertex 92.1419 0.951539 0.599999
    endloop
  endfacet
  facet normal 0 0 1
    outer loop
      vertex 92.4111 0.431169 0.599999
      vertex 91.9564 0.823655 0.599999
      vertex 92.314 0.335206 0.599999
    endloop
  endfacet
  facet normal -0 0 1
    outer loop
      vertex 91.7956 0.671769 0.599999
      vertex 92.314 0.335206 0.599999
      vertex 91.9564 0.823655 0.599999
    endloop
  endfacet
  facet normal 0 0 1
    outer loop
      vertex 92.314 0.335206 0.599999
      vertex 91.7956 0.671769 0.599999
      vertex 92.2343 0.22487 0.599999
    endloop
  endfacet
  facet normal -0 0 1
    outer loop
      vertex 91.6643 0.500291 0.599999
      vertex 92.2343 0.22487 0.599999
      vertex 91.7956 0.671769 0.599999
    endloop
  endfacet
  facet normal 0 0 1
    outer loop
      vertex 92.2343 0.22487 0.599999
      vertex 91.6643 0.500291 0.599999
      vertex 92.1722 0.100205 0.599999
    endloop
  endfacet
  facet normal -0 0 1
    outer loop
      vertex 91.5624 0.30919 0.599999
      vertex 92.1722 0.100205 0.599999
      vertex 91.6643 0.500291 0.599999
    endloop
  endfacet
  facet normal 0 0 1
    outer loop
      vertex 92.1722 0.100205 0.599999
      vertex 91.5624 0.30919 0.599999
      vertex 92.1275 -0.0388317 0.599999
    endloop
  endfacet
  facet normal -0 0 1
    outer loop
      vertex 91.4898 0.0984964 0.599999
      vertex 92.1275 -0.0388317 0.599999
      vertex 91.5624 0.30919 0.599999
    endloop
  endfacet
  facet normal 0 0 1
    outer loop
      vertex 92.1275 -0.0388317 0.599999
      vertex 91.4898 0.0984964 0.599999
      vertex 92.1003 -0.192198 0.599999
    endloop
  endfacet
  facet normal 0 0 1
    outer loop
      vertex 92.1003 -0.192198 0.599999
      vertex 91.4898 0.0984964 0.599999
      vertex 91.4467 -0.131804 0.599999
    endloop
  endfacet
  facet normal -0 0 1
    outer loop
      vertex 93.8568 -0.760527 0.599999
      vertex 94.3937 -1.00134 0.599999
      vertex 93.9073 -0.661345 0.599999
    endloop
  endfacet
  facet normal 0 0 1
    outer loop
      vertex 94.3937 -1.00134 0.599999
      vertex 93.8568 -0.760527 0.599999
      vertex 94.3145 -1.11642 0.599999
    endloop
  endfacet
  facet normal -0 0 1
    outer loop
      vertex 93.7972 -0.856291 0.599999
      vertex 94.3145 -1.11642 0.599999
      vertex 93.8568 -0.760527 0.599999
    endloop
  endfacet
  facet normal 0 0 1
    outer loop
      vertex 94.3145 -1.11642 0.599999
      vertex 93.7972 -0.856291 0.599999
      vertex 94.2249 -1.23152 0.599999
    endloop
  endfacet
  facet normal -0 0 1
    outer loop
      vertex 93.7306 -0.950346 0.599999
      vertex 94.2249 -1.23152 0.599999
      vertex 93.7972 -0.856291 0.599999
    endloop
  endfacet
  facet normal 0 0 1
    outer loop
      vertex 94.2249 -1.23152 0.599999
      vertex 93.7306 -0.950346 0.599999
      vertex 94.1249 -1.3466 0.599999
    endloop
  endfacet
  facet normal -0 0 1
    outer loop
      vertex 93.6571 -1.04271 0.599999
      vertex 94.1249 -1.3466 0.599999
      vertex 93.7306 -0.950346 0.599999
    endloop
  endfacet
  facet normal 0 0 1
    outer loop
      vertex 94.1249 -1.3466 0.599999
      vertex 93.6571 -1.04271 0.599999
      vertex 94.0006 -1.47433 0.599999
    endloop
  endfacet
  facet normal -0 0 1
    outer loop
      vertex 93.5766 -1.13336 0.599999
      vertex 94.0006 -1.47433 0.599999
      vertex 93.6571 -1.04271 0.599999
    endloop
  endfacet
  facet normal 0 0 1
    outer loop
      vertex 94.0006 -1.47433 0.599999
      vertex 93.5766 -1.13336 0.599999
      vertex 93.8379 -1.62735 0.599999
    endloop
  endfacet
  facet normal -0 0 1
    outer loop
      vertex 93.4891 -1.2223 0.599999
      vertex 93.8379 -1.62735 0.599999
      vertex 93.5766 -1.13336 0.599999
    endloop
  endfacet
  facet normal -0 0 1
    outer loop
      vertex 93.396 -1.31039 0.599999
      vertex 93.8379 -1.62735 0.599999
      vertex 93.4891 -1.2223 0.599999
    endloop
  endfacet
  facet normal 0 0 1
    outer loop
      vertex 93.8379 -1.62735 0.599999
      vertex 93.396 -1.31039 0.599999
      vertex 93.6369 -1.80566 0.599999
    endloop
  endfacet
  facet normal -0 0 1
    outer loop
      vertex 93.2984 -1.39848 0.599999
      vertex 93.6369 -1.80566 0.599999
      vertex 93.396 -1.31039 0.599999
    endloop
  endfacet
  facet normal -0 0 1
    outer loop
      vertex 93.1965 -1.48654 0.599999
      vertex 93.6369 -1.80566 0.599999
      vertex 93.2984 -1.39848 0.599999
    endloop
  endfacet
  facet normal 0 0 1
    outer loop
      vertex 93.6369 -1.80566 0.599999
      vertex 93.1965 -1.48654 0.599999
      vertex 93.3975 -2.00926 0.599999
    endloop
  endfacet
  facet normal -0 0 1
    outer loop
      vertex 93.0901 -1.57463 0.599999
      vertex 93.3975 -2.00926 0.599999
      vertex 93.1965 -1.48654 0.599999
    endloop
  endfacet
  facet normal -0 0 1
    outer loop
      vertex 92.9794 -1.6627 0.599999
      vertex 93.3975 -2.00926 0.599999
      vertex 93.0901 -1.57463 0.599999
    endloop
  endfacet
  facet normal 0 0 1
    outer loop
      vertex 93.3975 -2.00926 0.599999
      vertex 92.9794 -1.6627 0.599999
      vertex 93.1197 -2.23816 0.599999
    endloop
  endfacet
  facet normal -0 0 1
    outer loop
      vertex 92.8662 -1.75229 0.599999
      vertex 93.1197 -2.23816 0.599999
      vertex 92.9794 -1.6627 0.599999
    endloop
  endfacet
  facet normal -0 0 1
    outer loop
      vertex 92.7526 -1.84485 0.599999
      vertex 93.1197 -2.23816 0.599999
      vertex 92.8662 -1.75229 0.599999
    endloop
  endfacet
  facet normal 0 0 1
    outer loop
      vertex 93.1197 -2.23816 0.599999
      vertex 92.7526 -1.84485 0.599999
      vertex 92.963 -2.36908 0.599999
    endloop
  endfacet
  facet normal -0 0 1
    outer loop
      vertex 92.6386 -1.9404 0.599999
      vertex 92.963 -2.36908 0.599999
      vertex 92.7526 -1.84485 0.599999
    endloop
  endfacet
  facet normal -0 0 1
    outer loop
      vertex 92.5242 -2.03894 0.599999
      vertex 92.963 -2.36908 0.599999
      vertex 92.6386 -1.9404 0.599999
    endloop
  endfacet
  facet normal 0 0 1
    outer loop
      vertex 92.963 -2.36908 0.599999
      vertex 92.5242 -2.03894 0.599999
      vertex 92.8196 -2.49473 0.599999
    endloop
  endfacet
  facet normal -0 0 1
    outer loop
      vertex 92.4093 -2.14047 0.599999
      vertex 92.8196 -2.49473 0.599999
      vertex 92.5242 -2.03894 0.599999
    endloop
  endfacet
  facet normal 0 0 1
    outer loop
      vertex 92.8196 -2.49473 0.599999
      vertex 92.4093 -2.14047 0.599999
      vertex 92.6896 -2.61516 0.599999
    endloop
  endfacet
  facet normal -0 0 1
    outer loop
      vertex 92.2953 -2.24588 0.599999
      vertex 92.6896 -2.61516 0.599999
      vertex 92.4093 -2.14047 0.599999
    endloop
  endfacet
  facet normal 0 0 1
    outer loop
      vertex 92.6896 -2.61516 0.599999
      vertex 92.2953 -2.24588 0.599999
      vertex 92.573 -2.7303 0.599999
    endloop
  endfacet
  facet normal -0 0 1
    outer loop
      vertex 92.1834 -2.35614 0.599999
      vertex 92.573 -2.7303 0.599999
      vertex 92.2953 -2.24588 0.599999
    endloop
  endfacet
  facet normal 0 0 1
    outer loop
      vertex 92.573 -2.7303 0.599999
      vertex 92.1834 -2.35614 0.599999
      vertex 92.4697 -2.84021 0.599999
    endloop
  endfacet
  facet normal -0 0 1
    outer loop
      vertex 92.0736 -2.47122 0.599999
      vertex 92.4697 -2.84021 0.599999
      vertex 92.1834 -2.35614 0.599999
    endloop
  endfacet
  facet normal -0 0 1
    outer loop
      vertex 91.966 -2.59115 0.599999
      vertex 92.4697 -2.84021 0.599999
      vertex 92.0736 -2.47122 0.599999
    endloop
  endfacet
  facet normal 0 0 1
    outer loop
      vertex 92.4697 -2.84021 0.599999
      vertex 91.966 -2.59115 0.599999
      vertex 92.3785 -2.9467 0.599999
    endloop
  endfacet
  facet normal -0 0 1
    outer loop
      vertex 91.8605 -2.71591 0.599999
      vertex 92.3785 -2.9467 0.599999
      vertex 91.966 -2.59115 0.599999
    endloop
  endfacet
  facet normal 0 0 1
    outer loop
      vertex 92.3785 -2.9467 0.599999
      vertex 91.8605 -2.71591 0.599999
      vertex 92.2981 -3.05163 0.599999
    endloop
  endfacet
  facet normal 0 0 1
    outer loop
      vertex 92.2981 -3.05163 0.599999
      vertex 91.8605 -2.71591 0.599999
      vertex 92.2284 -3.155 0.599999
    endloop
  endfacet
  facet normal -0 0 1
    outer loop
      vertex 92.1216 -3.35704 0.599999
      vertex 94.7324 -3.90048 0.599999
      vertex 94.7324 -3.35704 0.599999
    endloop
  endfacet
  facet normal -0 0 1
    outer loop
      vertex 91.7593 -2.84697 0.599999
      vertex 92.2284 -3.155 0.599999
      vertex 91.8605 -2.71591 0.599999
    endloop
  endfacet
  facet normal 0 0 1
    outer loop
      vertex 92.2284 -3.155 0.599999
      vertex 91.7593 -2.84697 0.599999
      vertex 92.1696 -3.2568 0.599999
    endloop
  endfacet
  facet normal -0 0 1
    outer loop
      vertex 91.6645 -2.98585 0.599999
      vertex 92.1696 -3.2568 0.599999
      vertex 91.7593 -2.84697 0.599999
    endloop
  endfacet
  facet normal 0 0 1
    outer loop
      vertex 92.1696 -3.2568 0.599999
      vertex 91.6645 -2.98585 0.599999
      vertex 92.1216 -3.35704 0.599999
    endloop
  endfacet
  facet normal -0 0 1
    outer loop
      vertex 91.576 -3.13255 0.599999
      vertex 92.1216 -3.35704 0.599999
      vertex 91.6645 -2.98585 0.599999
    endloop
  endfacet
  facet normal -0 0 1
    outer loop
      vertex 91.494 -3.28706 0.599999
      vertex 92.1216 -3.35704 0.599999
      vertex 91.576 -3.13255 0.599999
    endloop
  endfacet
  facet normal 0 0 1
    outer loop
      vertex 91.4183 -3.44938 0.599999
      vertex 92.1216 -3.35704 0.599999
      vertex 91.494 -3.28706 0.599999
    endloop
  endfacet
  facet normal 0 0 1
    outer loop
      vertex 92.1216 -3.35704 0.599999
      vertex 91.4183 -3.44938 0.599999
      vertex 91.4183 -3.90048 0.599999
    endloop
  endfacet
  facet normal 0 0 1
    outer loop
      vertex 92.1216 -3.35704 0.599999
      vertex 91.4183 -3.90048 0.599999
      vertex 94.7324 -3.90048 0.599999
    endloop
  endfacet
  facet normal -0 0 1
    outer loop
      vertex 98.1052 -0.98683 0.599999
      vertex 98.7652 -1.39631 0.599999
      vertex 98.7483 -0.911253 0.599999
    endloop
  endfacet
  facet normal -0 0 1
    outer loop
      vertex 98.0751 -0.625105 0.599999
      vertex 98.7483 -0.911253 0.599999
      vertex 98.6978 -0.476194 0.599999
    endloop
  endfacet
  facet normal 0 0 1
    outer loop
      vertex 98.1047 -1.79243 0.599999
      vertex 98.7652 -1.39631 0.599999
      vertex 98.1152 -1.39631 0.599999
    endloop
  endfacet
  facet normal -0 0 1
    outer loop
      vertex 98.025 -0.311094 0.599999
      vertex 98.6978 -0.476194 0.599999
      vertex 98.6136 -0.0911541 0.599999
    endloop
  endfacet
  facet normal 0 0 1
    outer loop
      vertex 98.7652 -1.39631 0.599999
      vertex 98.1047 -1.79243 0.599999
      vertex 98.7475 -1.87413 0.599999
    endloop
  endfacet
  facet normal -0 0 1
    outer loop
      vertex 97.9549 -0.0448437 0.599999
      vertex 98.6136 -0.0911541 0.599999
      vertex 98.4958 0.243852 0.599999
    endloop
  endfacet
  facet normal 0 0 1
    outer loop
      vertex 98.0731 -2.14535 0.599999
      vertex 98.7475 -1.87413 0.599999
      vertex 98.1047 -1.79243 0.599999
    endloop
  endfacet
  facet normal 0 0 1
    outer loop
      vertex 97.8647 0.173676 0.599999
      vertex 98.4958 0.243852 0.599999
      vertex 98.3442 0.528855 0.599999
    endloop
  endfacet
  facet normal 0 0 1
    outer loop
      vertex 98.7475 -1.87413 0.599999
      vertex 98.0731 -2.14535 0.599999
      vertex 98.6944 -2.30449 0.599999
    endloop
  endfacet
  facet normal 0 0 1
    outer loop
      vertex 97.7516 0.348847 0.599999
      vertex 98.3442 0.528855 0.599999
      vertex 98.1573 0.762864 0.599999
    endloop
  endfacet
  facet normal 0 0 1
    outer loop
      vertex 98.7652 -1.39631 0.599999
      vertex 98.1052 -0.98683 0.599999
      vertex 98.1152 -1.39631 0.599999
    endloop
  endfacet
  facet normal 0 0 1
    outer loop
      vertex 98.6944 -2.30449 0.599999
      vertex 98.0205 -2.45511 0.599999
      vertex 98.6059 -2.68739 0.599999
    endloop
  endfacet
  facet normal 0 0 1
    outer loop
      vertex 98.0205 -2.45511 0.599999
      vertex 98.6944 -2.30449 0.599999
      vertex 98.0731 -2.14535 0.599999
    endloop
  endfacet
  facet normal 0 0 1
    outer loop
      vertex 98.7483 -0.911253 0.599999
      vertex 98.0751 -0.625105 0.599999
      vertex 98.1052 -0.98683 0.599999
    endloop
  endfacet
  facet normal 0 0 1
    outer loop
      vertex 98.6978 -0.476194 0.599999
      vertex 98.025 -0.311094 0.599999
      vertex 98.0751 -0.625105 0.599999
    endloop
  endfacet
  facet normal 0 0 1
    outer loop
      vertex 98.6136 -0.0911541 0.599999
      vertex 97.9549 -0.0448437 0.599999
      vertex 98.025 -0.311094 0.599999
    endloop
  endfacet
  facet normal 0 0 1
    outer loop
      vertex 97.6124 0.485093 0.599999
      vertex 98.1573 0.762864 0.599999
      vertex 97.9334 0.944886 0.599999
    endloop
  endfacet
  facet normal 0 0 1
    outer loop
      vertex 98.4958 0.243852 0.599999
      vertex 97.8647 0.173676 0.599999
      vertex 97.9549 -0.0448437 0.599999
    endloop
  endfacet
  facet normal 0 0 1
    outer loop
      vertex 98.3442 0.528855 0.599999
      vertex 97.7516 0.348847 0.599999
      vertex 97.8647 0.173676 0.599999
    endloop
  endfacet
  facet normal 0 0 1
    outer loop
      vertex 97.6124 0.485093 0.599999
      vertex 97.9334 0.944886 0.599999
      vertex 97.6723 1.07489 0.599999
    endloop
  endfacet
  facet normal 0 0 1
    outer loop
      vertex 98.1573 0.762864 0.599999
      vertex 97.6124 0.485093 0.599999
      vertex 97.7516 0.348847 0.599999
    endloop
  endfacet
  facet normal 0 0 1
    outer loop
      vertex 97.6723 1.07489 0.599999
      vertex 97.4472 0.582429 0.599999
      vertex 97.6124 0.485093 0.599999
    endloop
  endfacet
  facet normal 0 0 1
    outer loop
      vertex 97.3742 1.15289 0.599999
      vertex 97.4472 0.582429 0.599999
      vertex 97.6723 1.07489 0.599999
    endloop
  endfacet
  facet normal 0 0 1
    outer loop
      vertex 97.3742 1.15289 0.599999
      vertex 97.2561 0.640809 0.599999
      vertex 97.4472 0.582429 0.599999
    endloop
  endfacet
  facet normal 0 0 1
    outer loop
      vertex 97.0389 1.17889 0.599999
      vertex 97.2561 0.640809 0.599999
      vertex 97.3742 1.15289 0.599999
    endloop
  endfacet
  facet normal 0 0 1
    outer loop
      vertex 97.0389 1.17889 0.599999
      vertex 97.0389 0.660279 0.599999
      vertex 97.2561 0.640809 0.599999
    endloop
  endfacet
  facet normal 0 0 1
    outer loop
      vertex 97.0389 1.17889 0.599999
      vertex 96.8163 0.641099 0.599999
      vertex 97.0389 0.660279 0.599999
    endloop
  endfacet
  facet normal -0 0 1
    outer loop
      vertex 96.6947 1.15318 0.599999
      vertex 96.8163 0.641099 0.599999
      vertex 97.0389 1.17889 0.599999
    endloop
  endfacet
  facet normal 0 0 1
    outer loop
      vertex 96.6947 1.15318 0.599999
      vertex 96.6203 0.583558 0.599999
      vertex 96.8163 0.641099 0.599999
    endloop
  endfacet
  facet normal -0 0 1
    outer loop
      vertex 96.3896 1.07602 0.599999
      vertex 96.6203 0.583558 0.599999
      vertex 96.6947 1.15318 0.599999
    endloop
  endfacet
  facet normal 0 0 1
    outer loop
      vertex 96.6203 0.583558 0.599999
      vertex 96.3896 1.07602 0.599999
      vertex 96.4509 0.487641 0.599999
    endloop
  endfacet
  facet normal -0 0 1
    outer loop
      vertex 96.1236 0.94745 0.599999
      vertex 96.4509 0.487641 0.599999
      vertex 96.3896 1.07602 0.599999
    endloop
  endfacet
  facet normal -0 0 1
    outer loop
      vertex 95.8966 0.767426 0.599999
      vertex 96.4509 0.487641 0.599999
      vertex 96.1236 0.94745 0.599999
    endloop
  endfacet
  facet normal 0 0 1
    outer loop
      vertex 96.4509 0.487641 0.599999
      vertex 95.8966 0.767426 0.599999
      vertex 96.308 0.353379 0.599999
    endloop
  endfacet
  facet normal -0 0 1
    outer loop
      vertex 95.7087 0.535981 0.599999
      vertex 96.308 0.353379 0.599999
      vertex 95.8966 0.767426 0.599999
    endloop
  endfacet
  facet normal 0 0 1
    outer loop
      vertex 96.308 0.353379 0.599999
      vertex 95.7087 0.535981 0.599999
      vertex 96.1917 0.180741 0.599999
    endloop
  endfacet
  facet normal -0 0 1
    outer loop
      vertex 95.5572 0.252961 0.599999
      vertex 96.1917 0.180741 0.599999
      vertex 95.7087 0.535981 0.599999
    endloop
  endfacet
  facet normal 0 0 1
    outer loop
      vertex 96.1917 0.180741 0.599999
      vertex 95.5572 0.252961 0.599999
      vertex 96.099 -0.03578 0.599999
    endloop
  endfacet
  facet normal 0 0 1
    outer loop
      vertex 95.4393 -0.0817852 0.599999
      vertex 96.099 -0.03578 0.599999
      vertex 95.5572 0.252961 0.599999
    endloop
  endfacet
  facet normal 0 0 1
    outer loop
      vertex 96.099 -0.03578 0.599999
      vertex 95.4393 -0.0817852 0.599999
      vertex 96.0269 -0.301741 0.599999
    endloop
  endfacet
  facet normal 0 0 1
    outer loop
      vertex 95.3551 -0.468245 0.599999
      vertex 96.0269 -0.301741 0.599999
      vertex 95.4393 -0.0817852 0.599999
    endloop
  endfacet
  facet normal 0 -0 1
    outer loop
      vertex 95.3051 -1.87654 0.599999
      vertex 95.9342 -1.39631 0.599999
      vertex 95.2878 -1.39631 0.599999
    endloop
  endfacet
  facet normal 0 0 1
    outer loop
      vertex 96.0269 -0.301741 0.599999
      vertex 95.3551 -0.468245 0.599999
      vertex 95.9754 -0.617155 0.599999
    endloop
  endfacet
  facet normal 0 -0 1
    outer loop
      vertex 95.3571 -2.30847 0.599999
      vertex 95.9342 -1.39631 0.599999
      vertex 95.3051 -1.87654 0.599999
    endloop
  endfacet
  facet normal 0 0 1
    outer loop
      vertex 95.3046 -0.906416 0.599999
      vertex 95.9754 -0.617155 0.599999
      vertex 95.3551 -0.468245 0.599999
    endloop
  endfacet
  facet normal 0 -0 1
    outer loop
      vertex 95.4438 -2.69209 0.599999
      vertex 95.9342 -1.39631 0.599999
      vertex 95.3571 -2.30847 0.599999
    endloop
  endfacet
  facet normal 0 0 1
    outer loop
      vertex 95.9754 -0.617155 0.599999
      vertex 95.3046 -0.906416 0.599999
      vertex 95.9445 -0.982008 0.599999
    endloop
  endfacet
  facet normal 0 -0 1
    outer loop
      vertex 95.5651 -3.0274 0.599999
      vertex 95.9342 -1.39631 0.599999
      vertex 95.4438 -2.69209 0.599999
    endloop
  endfacet
  facet normal 0 0 1
    outer loop
      vertex 95.2878 -1.39631 0.599999
      vertex 95.9445 -0.982008 0.599999
      vertex 95.3046 -0.906416 0.599999
    endloop
  endfacet
  facet normal 0 0 1
    outer loop
      vertex 95.9342 -1.39631 0.599999
      vertex 95.7211 -3.31441 0.599999
      vertex 95.9116 -3.55096 0.599999
    endloop
  endfacet
  facet normal 0 0 1
    outer loop
      vertex 95.9445 -0.982008 0.599999
      vertex 95.2878 -1.39631 0.599999
      vertex 95.9342 -1.39631 0.599999
    endloop
  endfacet
  facet normal 0 -0 1
    outer loop
      vertex 95.7211 -3.31441 0.599999
      vertex 95.9342 -1.39631 0.599999
      vertex 95.5651 -3.0274 0.599999
    endloop
  endfacet
  facet normal 0 0 1
    outer loop
      vertex 97.947 -2.72166 0.599999
      vertex 98.6059 -2.68739 0.599999
      vertex 98.0205 -2.45511 0.599999
    endloop
  endfacet
  facet normal 0 0 1
    outer loop
      vertex 98.6059 -2.68739 0.599999
      vertex 97.947 -2.72166 0.599999
      vertex 98.4821 -3.02284 0.599999
    endloop
  endfacet
  facet normal -0 0 1
    outer loop
      vertex 97.8523 -2.94502 0.599999
      vertex 98.4821 -3.02284 0.599999
      vertex 97.947 -2.72166 0.599999
    endloop
  endfacet
  facet normal 0 0 1
    outer loop
      vertex 98.4821 -3.02284 0.599999
      vertex 97.8523 -2.94502 0.599999
      vertex 98.3229 -3.31083 0.599999
    endloop
  endfacet
  facet normal -0 0 1
    outer loop
      vertex 97.7351 -3.12659 0.599999
      vertex 98.3229 -3.31083 0.599999
      vertex 97.8523 -2.94502 0.599999
    endloop
  endfacet
  facet normal 0 0 1
    outer loop
      vertex 98.3229 -3.31083 0.599999
      vertex 97.7351 -3.12659 0.599999
      vertex 98.1292 -3.54869 0.599999
    endloop
  endfacet
  facet normal -0 0 1
    outer loop
      vertex 97.5937 -3.26782 0.599999
      vertex 98.1292 -3.54869 0.599999
      vertex 97.7351 -3.12659 0.599999
    endloop
  endfacet
  facet normal 0 0 1
    outer loop
      vertex 98.1292 -3.54869 0.599999
      vertex 97.5937 -3.26782 0.599999
      vertex 97.9018 -3.73367 0.599999
    endloop
  endfacet
  facet normal -0 0 1
    outer loop
      vertex 97.4282 -3.36868 0.599999
      vertex 97.9018 -3.73367 0.599999
      vertex 97.5937 -3.26782 0.599999
    endloop
  endfacet
  facet normal 0 0 1
    outer loop
      vertex 97.9018 -3.73367 0.599999
      vertex 97.4282 -3.36868 0.599999
      vertex 97.6407 -3.8658 0.599999
    endloop
  endfacet
  facet normal 0 0 1
    outer loop
      vertex 97.4282 -3.36868 0.599999
      vertex 97.346 -3.94508 0.599999
      vertex 97.6407 -3.8658 0.599999
    endloop
  endfacet
  facet normal -0 0 1
    outer loop
      vertex 97.2385 -3.42921 0.599999
      vertex 97.346 -3.94508 0.599999
      vertex 97.4282 -3.36868 0.599999
    endloop
  endfacet
  facet normal 0 0 1
    outer loop
      vertex 97.0176 -3.97151 0.599999
      vertex 97.2385 -3.42921 0.599999
      vertex 97.0247 -3.44938 0.599999
    endloop
  endfacet
  facet normal 0 0 1
    outer loop
      vertex 97.2385 -3.42921 0.599999
      vertex 97.0176 -3.97151 0.599999
      vertex 97.346 -3.94508 0.599999
    endloop
  endfacet
  facet normal 0 0 1
    outer loop
      vertex 96.8096 -3.42964 0.599999
      vertex 97.0176 -3.97151 0.599999
      vertex 97.0247 -3.44938 0.599999
    endloop
  endfacet
  facet normal 0 0 1
    outer loop
      vertex 96.8096 -3.42964 0.599999
      vertex 96.6895 -3.94522 0.599999
      vertex 97.0176 -3.97151 0.599999
    endloop
  endfacet
  facet normal 0 0 1
    outer loop
      vertex 96.6192 -3.37039 0.599999
      vertex 96.6895 -3.94522 0.599999
      vertex 96.8096 -3.42964 0.599999
    endloop
  endfacet
  facet normal 0 0 1
    outer loop
      vertex 96.3958 -3.86638 0.599999
      vertex 96.6192 -3.37039 0.599999
      vertex 96.4533 -3.27165 0.599999
    endloop
  endfacet
  facet normal 0 0 1
    outer loop
      vertex 96.6192 -3.37039 0.599999
      vertex 96.3958 -3.86638 0.599999
      vertex 96.6895 -3.94522 0.599999
    endloop
  endfacet
  facet normal 0 0 1
    outer loop
      vertex 95.9116 -3.55096 0.599999
      vertex 96.4533 -3.27165 0.599999
      vertex 96.312 -3.13339 0.599999
    endloop
  endfacet
  facet normal 0 0 1
    outer loop
      vertex 95.9116 -3.55096 0.599999
      vertex 96.312 -3.13339 0.599999
      vertex 96.1953 -2.95566 0.599999
    endloop
  endfacet
  facet normal 0 0 1
    outer loop
      vertex 96.4533 -3.27165 0.599999
      vertex 96.1365 -3.73495 0.599999
      vertex 96.3958 -3.86638 0.599999
    endloop
  endfacet
  facet normal 0 0 1
    outer loop
      vertex 95.9116 -3.55096 0.599999
      vertex 96.1953 -2.95566 0.599999
      vertex 96.1013 -2.73529 0.599999
    endloop
  endfacet
  facet normal 0 0 1
    outer loop
      vertex 95.9116 -3.55096 0.599999
      vertex 96.1013 -2.73529 0.599999
      vertex 96.0282 -2.46916 0.599999
    endloop
  endfacet
  facet normal 0 0 1
    outer loop
      vertex 95.9116 -3.55096 0.599999
      vertex 96.0282 -2.46916 0.599999
      vertex 95.976 -2.1573 0.599999
    endloop
  endfacet
  facet normal 0 0 1
    outer loop
      vertex 96.4533 -3.27165 0.599999
      vertex 95.9116 -3.55096 0.599999
      vertex 96.1365 -3.73495 0.599999
    endloop
  endfacet
  facet normal 0 0 1
    outer loop
      vertex 95.9447 -1.79967 0.599999
      vertex 95.9116 -3.55096 0.599999
      vertex 95.976 -2.1573 0.599999
    endloop
  endfacet
  facet normal 0 0 1
    outer loop
      vertex 95.9116 -3.55096 0.599999
      vertex 95.9447 -1.79967 0.599999
      vertex 95.9342 -1.39631 0.599999
    endloop
  endfacet
  facet normal 0 0 1
    outer loop
      vertex 103.672 -0.327192 0.599999
      vertex 102.978 -0.167814 0.599999
      vertex 102.99 -0.334257 0.599999
    endloop
  endfacet
  facet normal 0 0 1
    outer loop
      vertex 103.212 0.726014 0.599999
      vertex 102.942 -0.0179882 0.599999
      vertex 102.978 -0.167814 0.599999
    endloop
  endfacet
  facet normal 0 0 1
    outer loop
      vertex 103.212 0.726014 0.599999
      vertex 102.883 0.11522 0.599999
      vertex 102.942 -0.0179882 0.599999
    endloop
  endfacet
  facet normal 0 0 1
    outer loop
      vertex 103.212 0.726014 0.599999
      vertex 102.8 0.231797 0.599999
      vertex 102.883 0.11522 0.599999
    endloop
  endfacet
  facet normal 0 0 1
    outer loop
      vertex 102.564 0.414231 0.599999
      vertex 103.012 0.862199 0.599999
      vertex 102.782 0.968125 0.599999
    endloop
  endfacet
  facet normal 0 0 1
    outer loop
      vertex 103.212 0.726014 0.599999
      vertex 102.693 0.331758 0.599999
      vertex 102.8 0.231797 0.599999
    endloop
  endfacet
  facet normal 0 0 1
    outer loop
      vertex 103.012 0.862199 0.599999
      vertex 102.564 0.414231 0.599999
      vertex 102.693 0.331758 0.599999
    endloop
  endfacet
  facet normal 0 0 1
    outer loop
      vertex 102.414 0.478379 0.599999
      vertex 102.782 0.968125 0.599999
      vertex 102.521 1.04378 0.599999
    endloop
  endfacet
  facet normal 0 0 1
    outer loop
      vertex 102.782 0.968125 0.599999
      vertex 102.414 0.478379 0.599999
      vertex 102.564 0.414231 0.599999
    endloop
  endfacet
  facet normal 0 0 1
    outer loop
      vertex 102.521 1.04378 0.599999
      vertex 102.243 0.524201 0.599999
      vertex 102.414 0.478379 0.599999
    endloop
  endfacet
  facet normal 0 0 1
    outer loop
      vertex 102.229 1.08917 0.599999
      vertex 102.243 0.524201 0.599999
      vertex 102.521 1.04378 0.599999
    endloop
  endfacet
  facet normal 0 0 1
    outer loop
      vertex 102.229 1.08917 0.599999
      vertex 102.052 0.551698 0.599999
      vertex 102.243 0.524201 0.599999
    endloop
  endfacet
  facet normal 0 0 1
    outer loop
      vertex 101.906 1.10431 0.599999
      vertex 102.052 0.551698 0.599999
      vertex 102.229 1.08917 0.599999
    endloop
  endfacet
  facet normal 0 0 1
    outer loop
      vertex 101.906 1.10431 0.599999
      vertex 101.839 0.560868 0.599999
      vertex 102.052 0.551698 0.599999
    endloop
  endfacet
  facet normal 0 0 1
    outer loop
      vertex 101.906 1.10431 0.599999
      vertex 100.23 0.560868 0.599999
      vertex 101.839 0.560868 0.599999
    endloop
  endfacet
  facet normal 0 0 1
    outer loop
      vertex 99.5515 1.10431 0.599999
      vertex 100.23 -1.28621 0.599999
      vertex 100.23 0.560868 0.599999
    endloop
  endfacet
  facet normal 0 0 1
    outer loop
      vertex 99.5515 -3.90048 0.599999
      vertex 100.23 -1.28621 0.599999
      vertex 99.5515 1.10431 0.599999
    endloop
  endfacet
  facet normal -0 0 1
    outer loop
      vertex 99.5515 1.10431 0.599999
      vertex 100.23 0.560868 0.599999
      vertex 101.906 1.10431 0.599999
    endloop
  endfacet
  facet normal 0 0 1
    outer loop
      vertex 100.23 -1.28621 0.599999
      vertex 99.5515 -3.90048 0.599999
      vertex 100.23 -1.82257 0.599999
    endloop
  endfacet
  facet normal 0 0 1
    outer loop
      vertex 100.23 -1.82257 0.599999
      vertex 99.5515 -3.90048 0.599999
      vertex 100.23 -3.90048 0.599999
    endloop
  endfacet
  facet normal -0 0 1
    outer loop
      vertex 102.978 -0.167814 0.599999
      vertex 103.672 -0.327192 0.599999
      vertex 103.653 -0.0690899 0.599999
    endloop
  endfacet
  facet normal 0 0 1
    outer loop
      vertex 103.672 -0.327192 0.599999
      vertex 102.99 -0.334257 0.599999
      vertex 103.659 -0.543135 0.599999
    endloop
  endfacet
  facet normal 0 0 1
    outer loop
      vertex 102.978 -0.167814 0.599999
      vertex 103.653 -0.0690899 0.599999
      vertex 103.598 0.165284 0.599999
    endloop
  endfacet
  facet normal -0 0 1
    outer loop
      vertex 102.978 -0.506666 0.599999
      vertex 103.659 -0.543135 0.599999
      vertex 102.99 -0.334257 0.599999
    endloop
  endfacet
  facet normal 0 0 1
    outer loop
      vertex 102.978 -0.167814 0.599999
      vertex 103.598 0.165284 0.599999
      vertex 103.506 0.375932 0.599999
    endloop
  endfacet
  facet normal 0 0 1
    outer loop
      vertex 103.659 -0.543135 0.599999
      vertex 102.978 -0.506666 0.599999
      vertex 103.62 -0.744886 0.599999
    endloop
  endfacet
  facet normal 0 0 1
    outer loop
      vertex 102.978 -0.167814 0.599999
      vertex 103.506 0.375932 0.599999
      vertex 103.377 0.562837 0.599999
    endloop
  endfacet
  facet normal -0 0 1
    outer loop
      vertex 102.943 -0.663023 0.599999
      vertex 103.62 -0.744886 0.599999
      vertex 102.978 -0.506666 0.599999
    endloop
  endfacet
  facet normal 0 0 1
    outer loop
      vertex 102.978 -0.167814 0.599999
      vertex 103.377 0.562837 0.599999
      vertex 103.212 0.726014 0.599999
    endloop
  endfacet
  facet normal 0 0 1
    outer loop
      vertex 103.62 -0.744886 0.599999
      vertex 102.943 -0.663023 0.599999
      vertex 103.555 -0.932432 0.599999
    endloop
  endfacet
  facet normal -0 0 1
    outer loop
      vertex 102.884 -0.803328 0.599999
      vertex 103.555 -0.932432 0.599999
      vertex 102.943 -0.663023 0.599999
    endloop
  endfacet
  facet normal 0 0 1
    outer loop
      vertex 102.693 0.331758 0.599999
      vertex 103.212 0.726014 0.599999
      vertex 103.012 0.862199 0.599999
    endloop
  endfacet
  facet normal 0 0 1
    outer loop
      vertex 103.555 -0.932432 0.599999
      vertex 102.884 -0.803328 0.599999
      vertex 103.464 -1.10576 0.599999
    endloop
  endfacet
  facet normal 0 0 1
    outer loop
      vertex 103.464 -1.10576 0.599999
      vertex 102.884 -0.803328 0.599999
      vertex 103.347 -1.26489 0.599999
    endloop
  endfacet
  facet normal -0 0 1
    outer loop
      vertex 102.802 -0.92758 0.599999
      vertex 103.347 -1.26489 0.599999
      vertex 102.884 -0.803328 0.599999
    endloop
  endfacet
  facet normal 0 0 1
    outer loop
      vertex 103.347 -1.26489 0.599999
      vertex 102.802 -0.92758 0.599999
      vertex 103.207 -1.4057 0.599999
    endloop
  endfacet
  facet normal -0 0 1
    outer loop
      vertex 102.697 -1.03578 0.599999
      vertex 103.207 -1.4057 0.599999
      vertex 102.802 -0.92758 0.599999
    endloop
  endfacet
  facet normal 0 0 1
    outer loop
      vertex 103.207 -1.4057 0.599999
      vertex 102.697 -1.03578 0.599999
      vertex 103.047 -1.52405 0.599999
    endloop
  endfacet
  facet normal 0 0 1
    outer loop
      vertex 103.047 -1.52405 0.599999
      vertex 102.697 -1.03578 0.599999
      vertex 102.868 -1.61995 0.599999
    endloop
  endfacet
  facet normal -0 0 1
    outer loop
      vertex 102.57 -1.12594 0.599999
      vertex 102.868 -1.61995 0.599999
      vertex 102.697 -1.03578 0.599999
    endloop
  endfacet
  facet normal 0 0 1
    outer loop
      vertex 102.868 -1.61995 0.599999
      vertex 102.57 -1.12594 0.599999
      vertex 102.669 -1.6934 0.599999
    endloop
  endfacet
  facet normal -0 0 1
    outer loop
      vertex 102.423 -1.19606 0.599999
      vertex 102.669 -1.6934 0.599999
      vertex 102.57 -1.12594 0.599999
    endloop
  endfacet
  facet normal 0 0 1
    outer loop
      vertex 102.669 -1.6934 0.599999
      vertex 102.423 -1.19606 0.599999
      vertex 102.45 -1.74441 0.599999
    endloop
  endfacet
  facet normal 0 0 1
    outer loop
      vertex 102.45 -1.74441 0.599999
      vertex 103.089 -3.90048 0.599999
      vertex 103.871 -3.90048 0.599999
    endloop
  endfacet
  facet normal -0 0 1
    outer loop
      vertex 102.258 -1.24614 0.599999
      vertex 102.45 -1.74441 0.599999
      vertex 102.423 -1.19606 0.599999
    endloop
  endfacet
  facet normal -0 0 1
    outer loop
      vertex 102.072 -1.2762 0.599999
      vertex 102.45 -1.74441 0.599999
      vertex 102.258 -1.24614 0.599999
    endloop
  endfacet
  facet normal 0 0 1
    outer loop
      vertex 102.45 -1.74441 0.599999
      vertex 102.072 -1.2762 0.599999
      vertex 101.789 -1.82257 0.599999
    endloop
  endfacet
  facet normal 0 0 1
    outer loop
      vertex 101.789 -1.82257 0.599999
      vertex 102.072 -1.2762 0.599999
      vertex 101.867 -1.28621 0.599999
    endloop
  endfacet
  facet normal 0 0 1
    outer loop
      vertex 102.45 -1.74441 0.599999
      vertex 101.789 -1.82257 0.599999
      vertex 103.089 -3.90048 0.599999
    endloop
  endfacet
  facet normal -0 0 1
    outer loop
      vertex 100.23 -1.28621 0.599999
      vertex 101.789 -1.82257 0.599999
      vertex 101.867 -1.28621 0.599999
    endloop
  endfacet
  facet normal 0 0 1
    outer loop
      vertex 101.789 -1.82257 0.599999
      vertex 100.23 -1.28621 0.599999
      vertex 100.23 -1.82257 0.599999
    endloop
  endfacet
  facet normal 0 1 -0
    outer loop
      vertex 90.7812 -3.35704 0.2
      vertex 88.1705 -3.35704 0.599999
      vertex 90.7812 -3.35704 0.599999
    endloop
  endfacet
  facet normal 0 1 0
    outer loop
      vertex 88.1705 -3.35704 0.599999
      vertex 90.7812 -3.35704 0.2
      vertex 88.1705 -3.35704 0.2
    endloop
  endfacet
  facet normal 0.901927 -0.431888 0
    outer loop
      vertex 88.1705 -3.35704 0.599999
      vertex 88.2185 -3.2568 0.2
      vertex 88.2185 -3.2568 0.599999
    endloop
  endfacet
  facet normal 0.901927 -0.431888 0
    outer loop
      vertex 88.2185 -3.2568 0.2
      vertex 88.1705 -3.35704 0.599999
      vertex 88.1705 -3.35704 0.2
    endloop
  endfacet
  facet normal 0.865931 -0.500164 0
    outer loop
      vertex 88.2185 -3.2568 0.599999
      vertex 88.2773 -3.155 0.2
      vertex 88.2773 -3.155 0.599999
    endloop
  endfacet
  facet normal 0.865931 -0.500164 0
    outer loop
      vertex 88.2773 -3.155 0.2
      vertex 88.2185 -3.2568 0.599999
      vertex 88.2185 -3.2568 0.2
    endloop
  endfacet
  facet normal 0.829498 -0.558509 0
    outer loop
      vertex 88.2773 -3.155 0.599999
      vertex 88.3469 -3.05163 0.2
      vertex 88.3469 -3.05163 0.599999
    endloop
  endfacet
  facet normal 0.829498 -0.558509 0
    outer loop
      vertex 88.3469 -3.05163 0.2
      vertex 88.2773 -3.155 0.599999
      vertex 88.2773 -3.155 0.2
    endloop
  endfacet
  facet normal 0.793776 -0.608211 0
    outer loop
      vertex 88.3469 -3.05163 0.599999
      vertex 88.4273 -2.9467 0.2
      vertex 88.4273 -2.9467 0.599999
    endloop
  endfacet
  facet normal 0.793776 -0.608211 0
    outer loop
      vertex 88.4273 -2.9467 0.2
      vertex 88.3469 -3.05163 0.599999
      vertex 88.3469 -3.05163 0.2
    endloop
  endfacet
  facet normal 0.759528 -0.650474 0
    outer loop
      vertex 88.4273 -2.9467 0.599999
      vertex 88.5185 -2.84021 0.2
      vertex 88.5185 -2.84021 0.599999
    endloop
  endfacet
  facet normal 0.759528 -0.650474 0
    outer loop
      vertex 88.5185 -2.84021 0.2
      vertex 88.4273 -2.9467 0.599999
      vertex 88.4273 -2.9467 0.2
    endloop
  endfacet
  facet normal 0.728679 -0.684856 0
    outer loop
      vertex 88.5185 -2.84021 0.599999
      vertex 88.6218 -2.7303 0.2
      vertex 88.6218 -2.7303 0.599999
    endloop
  endfacet
  facet normal 0.728679 -0.684856 0
    outer loop
      vertex 88.6218 -2.7303 0.2
      vertex 88.5185 -2.84021 0.599999
      vertex 88.5185 -2.84021 0.2
    endloop
  endfacet
  facet normal 0.702333 -0.711849 0
    outer loop
      vertex 88.6218 -2.7303 0.2
      vertex 88.7385 -2.61516 0.599999
      vertex 88.6218 -2.7303 0.599999
    endloop
  endfacet
  facet normal 0.702333 -0.711849 0
    outer loop
      vertex 88.7385 -2.61516 0.599999
      vertex 88.6218 -2.7303 0.2
      vertex 88.7385 -2.61516 0.2
    endloop
  endfacet
  facet normal 0.679589 -0.733593 0
    outer loop
      vertex 88.7385 -2.61516 0.2
      vertex 88.8685 -2.49473 0.599999
      vertex 88.7385 -2.61516 0.599999
    endloop
  endfacet
  facet normal 0.679589 -0.733593 0
    outer loop
      vertex 88.8685 -2.49473 0.599999
      vertex 88.7385 -2.61516 0.2
      vertex 88.8685 -2.49473 0.2
    endloop
  endfacet
  facet normal 0.659284 -0.751894 0
    outer loop
      vertex 88.8685 -2.49473 0.2
      vertex 89.0118 -2.36908 0.599999
      vertex 88.8685 -2.49473 0.599999
    endloop
  endfacet
  facet normal 0.659284 -0.751894 0
    outer loop
      vertex 89.0118 -2.36908 0.599999
      vertex 88.8685 -2.49473 0.2
      vertex 89.0118 -2.36908 0.2
    endloop
  endfacet
  facet normal 0.640916 -0.767611 0
    outer loop
      vertex 89.0118 -2.36908 0.2
      vertex 89.1686 -2.23816 0.599999
      vertex 89.0118 -2.36908 0.599999
    endloop
  endfacet
  facet normal 0.640916 -0.767611 0
    outer loop
      vertex 89.1686 -2.23816 0.599999
      vertex 89.0118 -2.36908 0.2
      vertex 89.1686 -2.23816 0.2
    endloop
  endfacet
  facet normal 0.636048 -0.771649 0
    outer loop
      vertex 89.1686 -2.23816 0.2
      vertex 89.4463 -2.00926 0.599999
      vertex 89.1686 -2.23816 0.599999
    endloop
  endfacet
  facet normal 0.636048 -0.771649 0
    outer loop
      vertex 89.4463 -2.00926 0.599999
      vertex 89.1686 -2.23816 0.2
      vertex 89.4463 -2.00926 0.2
    endloop
  endfacet
  facet normal 0.647852 -0.761767 0
    outer loop
      vertex 89.4463 -2.00926 0.2
      vertex 89.6857 -1.80566 0.599999
      vertex 89.4463 -2.00926 0.599999
    endloop
  endfacet
  facet normal 0.647852 -0.761767 0
    outer loop
      vertex 89.6857 -1.80566 0.599999
      vertex 89.4463 -2.00926 0.2
      vertex 89.6857 -1.80566 0.2
    endloop
  endfacet
  facet normal 0.663437 -0.748232 0
    outer loop
      vertex 89.6857 -1.80566 0.2
      vertex 89.8868 -1.62735 0.599999
      vertex 89.6857 -1.80566 0.599999
    endloop
  endfacet
  facet normal 0.663437 -0.748232 0
    outer loop
      vertex 89.8868 -1.62735 0.599999
      vertex 89.6857 -1.80566 0.2
      vertex 89.8868 -1.62735 0.2
    endloop
  endfacet
  facet normal 0.685105 -0.728444 0
    outer loop
      vertex 89.8868 -1.62735 0.2
      vertex 90.0495 -1.47433 0.599999
      vertex 89.8868 -1.62735 0.599999
    endloop
  endfacet
  facet normal 0.685105 -0.728444 0
    outer loop
      vertex 90.0495 -1.47433 0.599999
      vertex 89.8868 -1.62735 0.2
      vertex 90.0495 -1.47433 0.2
    endloop
  endfacet
  facet normal 0.716664 -0.697419 0
    outer loop
      vertex 90.0495 -1.47433 0.599999
      vertex 90.1738 -1.3466 0.2
      vertex 90.1738 -1.3466 0.599999
    endloop
  endfacet
  facet normal 0.716664 -0.697419 0
    outer loop
      vertex 90.1738 -1.3466 0.2
      vertex 90.0495 -1.47433 0.599999
      vertex 90.0495 -1.47433 0.2
    endloop
  endfacet
  facet normal 0.755156 -0.655545 0
    outer loop
      vertex 90.1738 -1.3466 0.599999
      vertex 90.2737 -1.23152 0.2
      vertex 90.2737 -1.23152 0.599999
    endloop
  endfacet
  facet normal 0.755156 -0.655545 0
    outer loop
      vertex 90.2737 -1.23152 0.2
      vertex 90.1738 -1.3466 0.599999
      vertex 90.1738 -1.3466 0.2
    endloop
  endfacet
  facet normal 0.789094 -0.614273 0
    outer loop
      vertex 90.2737 -1.23152 0.599999
      vertex 90.3633 -1.11642 0.2
      vertex 90.3633 -1.11642 0.599999
    endloop
  endfacet
  facet normal 0.789094 -0.614273 0
    outer loop
      vertex 90.3633 -1.11642 0.2
      vertex 90.2737 -1.23152 0.599999
      vertex 90.2737 -1.23152 0.2
    endloop
  endfacet
  facet normal 0.823766 -0.56693 0
    outer loop
      vertex 90.3633 -1.11642 0.599999
      vertex 90.4425 -1.00134 0.2
      vertex 90.4425 -1.00134 0.599999
    endloop
  endfacet
  facet normal 0.823766 -0.56693 0
    outer loop
      vertex 90.4425 -1.00134 0.2
      vertex 90.3633 -1.11642 0.599999
      vertex 90.3633 -1.11642 0.2
    endloop
  endfacet
  facet normal 0.858011 -0.513632 0
    outer loop
      vertex 90.4425 -1.00134 0.599999
      vertex 90.5114 -0.886244 0.2
      vertex 90.5114 -0.886244 0.599999
    endloop
  endfacet
  facet normal 0.858011 -0.513632 0
    outer loop
      vertex 90.5114 -0.886244 0.2
      vertex 90.4425 -1.00134 0.599999
      vertex 90.4425 -1.00134 0.2
    endloop
  endfacet
  facet normal 0.891749 -0.452531 0
    outer loop
      vertex 90.5114 -0.886244 0.599999
      vertex 90.5698 -0.771162 0.2
      vertex 90.5698 -0.771162 0.599999
    endloop
  endfacet
  facet normal 0.891749 -0.452531 0
    outer loop
      vertex 90.5698 -0.771162 0.2
      vertex 90.5114 -0.886244 0.599999
      vertex 90.5114 -0.886244 0.2
    endloop
  endfacet
  facet normal 0.923117 -0.384519 0
    outer loop
      vertex 90.5698 -0.771162 0.599999
      vertex 90.6178 -0.655928 0.2
      vertex 90.6178 -0.655928 0.599999
    endloop
  endfacet
  facet normal 0.923117 -0.384519 0
    outer loop
      vertex 90.6178 -0.655928 0.2
      vertex 90.5698 -0.771162 0.599999
      vertex 90.5698 -0.771162 0.2
    endloop
  endfacet
  facet normal 0.951615 -0.307294 0
    outer loop
      vertex 90.6178 -0.655928 0.599999
      vertex 90.6551 -0.540419 0.2
      vertex 90.6551 -0.540419 0.599999
    endloop
  endfacet
  facet normal 0.951615 -0.307294 0
    outer loop
      vertex 90.6551 -0.540419 0.2
      vertex 90.6178 -0.655928 0.599999
      vertex 90.6178 -0.655928 0.2
    endloop
  endfacet
  facet normal 0.974611 -0.223905 0
    outer loop
      vertex 90.6551 -0.540419 0.599999
      vertex 90.6817 -0.424635 0.2
      vertex 90.6817 -0.424635 0.599999
    endloop
  endfacet
  facet normal 0.974611 -0.223905 0
    outer loop
      vertex 90.6817 -0.424635 0.2
      vertex 90.6551 -0.540419 0.599999
      vertex 90.6551 -0.540419 0.2
    endloop
  endfacet
  facet normal 0.990633 -0.136552 0
    outer loop
      vertex 90.6817 -0.424635 0.599999
      vertex 90.6977 -0.308561 0.2
      vertex 90.6977 -0.308561 0.599999
    endloop
  endfacet
  facet normal 0.990633 -0.136552 0
    outer loop
      vertex 90.6977 -0.308561 0.2
      vertex 90.6817 -0.424635 0.599999
      vertex 90.6817 -0.424635 0.2
    endloop
  endfacet
  facet normal 0.998964 -0.0455 0
    outer loop
      vertex 90.6977 -0.308561 0.599999
      vertex 90.703 -0.192198 0.2
      vertex 90.703 -0.192198 0.599999
    endloop
  endfacet
  facet normal 0.998964 -0.0455 0
    outer loop
      vertex 90.703 -0.192198 0.2
      vertex 90.6977 -0.308561 0.599999
      vertex 90.6977 -0.308561 0.2
    endloop
  endfacet
  facet normal 0.997921 0.0644452 0
    outer loop
      vertex 90.703 -0.192198 0.599999
      vertex 90.6868 0.0586557 0.2
      vertex 90.6868 0.0586557 0.599999
    endloop
  endfacet
  facet normal 0.997921 0.0644452 0
    outer loop
      vertex 90.6868 0.0586557 0.2
      vertex 90.703 -0.192198 0.599999
      vertex 90.703 -0.192198 0.2
    endloop
  endfacet
  facet normal 0.977633 0.21032 0
    outer loop
      vertex 90.6868 0.0586557 0.599999
      vertex 90.638 0.285493 0.2
      vertex 90.638 0.285493 0.599999
    endloop
  endfacet
  facet normal 0.977633 0.21032 0
    outer loop
      vertex 90.638 0.285493 0.2
      vertex 90.6868 0.0586557 0.599999
      vertex 90.6868 0.0586557 0.2
    endloop
  endfacet
  facet normal 0.928047 0.372463 0
    outer loop
      vertex 90.638 0.285493 0.599999
      vertex 90.5566 0.488313 0.2
      vertex 90.5566 0.488313 0.599999
    endloop
  endfacet
  facet normal 0.928047 0.372463 0
    outer loop
      vertex 90.5566 0.488313 0.2
      vertex 90.638 0.285493 0.599999
      vertex 90.638 0.285493 0.2
    endloop
  endfacet
  facet normal 0.843432 0.537236 0
    outer loop
      vertex 90.5566 0.488313 0.599999
      vertex 90.4427 0.66713 0.2
      vertex 90.4427 0.66713 0.599999
    endloop
  endfacet
  facet normal 0.843432 0.537236 0
    outer loop
      vertex 90.4427 0.66713 0.2
      vertex 90.5566 0.488313 0.599999
      vertex 90.5566 0.488313 0.2
    endloop
  endfacet
  facet normal 0.726547 0.687117 0
    outer loop
      vertex 90.4427 0.66713 0.599999
      vertex 90.2963 0.821931 0.2
      vertex 90.2963 0.821931 0.599999
    endloop
  endfacet
  facet normal 0.726547 0.687117 0
    outer loop
      vertex 90.2963 0.821931 0.2
      vertex 90.4427 0.66713 0.599999
      vertex 90.4427 0.66713 0.2
    endloop
  endfacet
  facet normal 0.588171 0.808736 -0
    outer loop
      vertex 90.2963 0.821931 0.2
      vertex 90.1196 0.95044 0.599999
      vertex 90.2963 0.821931 0.599999
    endloop
  endfacet
  facet normal 0.588171 0.808736 0
    outer loop
      vertex 90.1196 0.95044 0.599999
      vertex 90.2963 0.821931 0.2
      vertex 90.1196 0.95044 0.2
    endloop
  endfacet
  facet normal 0.438938 0.898517 -0
    outer loop
      vertex 90.1196 0.95044 0.2
      vertex 89.915 1.05039 0.599999
      vertex 90.1196 0.95044 0.599999
    endloop
  endfacet
  facet normal 0.438938 0.898517 0
    outer loop
      vertex 89.915 1.05039 0.599999
      vertex 90.1196 0.95044 0.2
      vertex 89.915 1.05039 0.2
    endloop
  endfacet
  facet normal 0.293298 0.956021 -0
    outer loop
      vertex 89.915 1.05039 0.2
      vertex 89.6823 1.12178 0.599999
      vertex 89.915 1.05039 0.599999
    endloop
  endfacet
  facet normal 0.293298 0.956021 0
    outer loop
      vertex 89.6823 1.12178 0.599999
      vertex 89.915 1.05039 0.2
      vertex 89.6823 1.12178 0.2
    endloop
  endfacet
  facet normal 0.162176 0.986762 -0
    outer loop
      vertex 89.6823 1.12178 0.2
      vertex 89.4217 1.16461 0.599999
      vertex 89.6823 1.12178 0.599999
    endloop
  endfacet
  facet normal 0.162176 0.986762 0
    outer loop
      vertex 89.4217 1.16461 0.599999
      vertex 89.6823 1.12178 0.2
      vertex 89.4217 1.16461 0.2
    endloop
  endfacet
  facet normal 0.0494027 0.998779 -0
    outer loop
      vertex 89.4217 1.16461 0.2
      vertex 89.133 1.17889 0.599999
      vertex 89.4217 1.16461 0.599999
    endloop
  endfacet
  facet normal 0.0494027 0.998779 0
    outer loop
      vertex 89.133 1.17889 0.599999
      vertex 89.4217 1.16461 0.2
      vertex 89.133 1.17889 0.2
    endloop
  endfacet
  facet normal -0.0533876 0.998574 0
    outer loop
      vertex 89.133 1.17889 0.2
      vertex 88.8674 1.16469 0.599999
      vertex 89.133 1.17889 0.599999
    endloop
  endfacet
  facet normal -0.0533876 0.998574 0
    outer loop
      vertex 88.8674 1.16469 0.599999
      vertex 89.133 1.17889 0.2
      vertex 88.8674 1.16469 0.2
    endloop
  endfacet
  facet normal -0.171018 0.985268 0
    outer loop
      vertex 88.8674 1.16469 0.2
      vertex 88.6218 1.12206 0.599999
      vertex 88.8674 1.16469 0.599999
    endloop
  endfacet
  facet normal -0.171018 0.985268 0
    outer loop
      vertex 88.6218 1.12206 0.599999
      vertex 88.8674 1.16469 0.2
      vertex 88.6218 1.12206 0.2
    endloop
  endfacet
  facet normal -0.300514 0.953777 0
    outer loop
      vertex 88.6218 1.12206 0.2
      vertex 88.3963 1.05101 0.599999
      vertex 88.6218 1.12206 0.599999
    endloop
  endfacet
  facet normal -0.300514 0.953777 0
    outer loop
      vertex 88.3963 1.05101 0.599999
      vertex 88.6218 1.12206 0.2
      vertex 88.3963 1.05101 0.2
    endloop
  endfacet
  facet normal -0.435515 0.900181 0
    outer loop
      vertex 88.3963 1.05101 0.2
      vertex 88.1907 0.951539 0.599999
      vertex 88.3963 1.05101 0.599999
    endloop
  endfacet
  facet normal -0.435515 0.900181 0
    outer loop
      vertex 88.1907 0.951539 0.599999
      vertex 88.3963 1.05101 0.2
      vertex 88.1907 0.951539 0.2
    endloop
  endfacet
  facet normal -0.567799 0.823167 0
    outer loop
      vertex 88.1907 0.951539 0.2
      vertex 88.0053 0.823655 0.599999
      vertex 88.1907 0.951539 0.599999
    endloop
  endfacet
  facet normal -0.567799 0.823167 0
    outer loop
      vertex 88.0053 0.823655 0.599999
      vertex 88.1907 0.951539 0.2
      vertex 88.0053 0.823655 0.2
    endloop
  endfacet
  facet normal -0.68667 0.72697 0
    outer loop
      vertex 88.0053 0.823655 0.2
      vertex 87.8445 0.671769 0.599999
      vertex 88.0053 0.823655 0.599999
    endloop
  endfacet
  facet normal -0.68667 0.72697 0
    outer loop
      vertex 87.8445 0.671769 0.599999
      vertex 88.0053 0.823655 0.2
      vertex 87.8445 0.671769 0.2
    endloop
  endfacet
  facet normal -0.793755 0.608238 0
    outer loop
      vertex 87.7131 0.500291 0.2
      vertex 87.8445 0.671769 0.599999
      vertex 87.8445 0.671769 0.2
    endloop
  endfacet
  facet normal -0.793755 0.608238 0
    outer loop
      vertex 87.8445 0.671769 0.599999
      vertex 87.7131 0.500291 0.2
      vertex 87.7131 0.500291 0.599999
    endloop
  endfacet
  facet normal -0.882392 0.470514 0
    outer loop
      vertex 87.6112 0.30919 0.2
      vertex 87.7131 0.500291 0.599999
      vertex 87.7131 0.500291 0.2
    endloop
  endfacet
  facet normal -0.882392 0.470514 0
    outer loop
      vertex 87.7131 0.500291 0.599999
      vertex 87.6112 0.30919 0.2
      vertex 87.6112 0.30919 0.599999
    endloop
  endfacet
  facet normal -0.945584 0.325377 0
    outer loop
      vertex 87.5387 0.0984964 0.2
      vertex 87.6112 0.30919 0.599999
      vertex 87.6112 0.30919 0.2
    endloop
  endfacet
  facet normal -0.945584 0.325377 0
    outer loop
      vertex 87.6112 0.30919 0.599999
      vertex 87.5387 0.0984964 0.2
      vertex 87.5387 0.0984964 0.599999
    endloop
  endfacet
  facet normal -0.982935 0.183953 0
    outer loop
      vertex 87.4956 -0.131804 0.2
      vertex 87.5387 0.0984964 0.599999
      vertex 87.5387 0.0984964 0.2
    endloop
  endfacet
  facet normal -0.982935 0.183953 0
    outer loop
      vertex 87.5387 0.0984964 0.599999
      vertex 87.4956 -0.131804 0.2
      vertex 87.4956 -0.131804 0.599999
    endloop
  endfacet
  facet normal -0.0920241 -0.995757 0
    outer loop
      vertex 87.4956 -0.131804 0.2
      vertex 88.1491 -0.192198 0.599999
      vertex 87.4956 -0.131804 0.599999
    endloop
  endfacet
  facet normal -0.0920241 -0.995757 -0
    outer loop
      vertex 88.1491 -0.192198 0.599999
      vertex 87.4956 -0.131804 0.2
      vertex 88.1491 -0.192198 0.2
    endloop
  endfacet
  facet normal 0.984634 -0.174628 0
    outer loop
      vertex 88.1491 -0.192198 0.599999
      vertex 88.1763 -0.0388317 0.2
      vertex 88.1763 -0.0388317 0.599999
    endloop
  endfacet
  facet normal 0.984634 -0.174628 0
    outer loop
      vertex 88.1763 -0.0388317 0.2
      vertex 88.1491 -0.192198 0.599999
      vertex 88.1491 -0.192198 0.2
    endloop
  endfacet
  facet normal 0.952009 -0.306069 0
    outer loop
      vertex 88.1763 -0.0388317 0.599999
      vertex 88.221 0.100205 0.2
      vertex 88.221 0.100205 0.599999
    endloop
  endfacet
  facet normal 0.952009 -0.306069 0
    outer loop
      vertex 88.221 0.100205 0.2
      vertex 88.1763 -0.0388317 0.599999
      vertex 88.1763 -0.0388317 0.2
    endloop
  endfacet
  facet normal 0.894807 -0.446453 0
    outer loop
      vertex 88.221 0.100205 0.599999
      vertex 88.2832 0.22487 0.2
      vertex 88.2832 0.22487 0.599999
    endloop
  endfacet
  facet normal 0.894807 -0.446453 0
    outer loop
      vertex 88.2832 0.22487 0.2
      vertex 88.221 0.100205 0.599999
      vertex 88.221 0.100205 0.2
    endloop
  endfacet
  facet normal 0.810983 -0.58507 0
    outer loop
      vertex 88.2832 0.22487 0.599999
      vertex 88.3628 0.335206 0.2
      vertex 88.3628 0.335206 0.599999
    endloop
  endfacet
  facet normal 0.810983 -0.58507 0
    outer loop
      vertex 88.3628 0.335206 0.2
      vertex 88.2832 0.22487 0.599999
      vertex 88.2832 0.22487 0.2
    endloop
  endfacet
  facet normal 0.70293 -0.711259 0
    outer loop
      vertex 88.3628 0.335206 0.2
      vertex 88.4599 0.431169 0.599999
      vertex 88.3628 0.335206 0.599999
    endloop
  endfacet
  facet normal 0.70293 -0.711259 0
    outer loop
      vertex 88.4599 0.431169 0.599999
      vertex 88.3628 0.335206 0.2
      vertex 88.4599 0.431169 0.2
    endloop
  endfacet
  facet normal 0.582326 -0.812955 0
    outer loop
      vertex 88.4599 0.431169 0.2
      vertex 88.5715 0.511109 0.599999
      vertex 88.4599 0.431169 0.599999
    endloop
  endfacet
  facet normal 0.582326 -0.812955 0
    outer loop
      vertex 88.5715 0.511109 0.599999
      vertex 88.4599 0.431169 0.2
      vertex 88.5715 0.511109 0.2
    endloop
  endfacet
  facet normal 0.450778 -0.892636 0
    outer loop
      vertex 88.5715 0.511109 0.2
      vertex 88.6946 0.573274 0.599999
      vertex 88.5715 0.511109 0.599999
    endloop
  endfacet
  facet normal 0.450778 -0.892636 0
    outer loop
      vertex 88.6946 0.573274 0.599999
      vertex 88.5715 0.511109 0.2
      vertex 88.6946 0.573274 0.2
    endloop
  endfacet
  facet normal 0.313072 -0.949729 0
    outer loop
      vertex 88.6946 0.573274 0.2
      vertex 88.8293 0.617677 0.599999
      vertex 88.6946 0.573274 0.599999
    endloop
  endfacet
  facet normal 0.313072 -0.949729 0
    outer loop
      vertex 88.8293 0.617677 0.599999
      vertex 88.6946 0.573274 0.2
      vertex 88.8293 0.617677 0.2
    endloop
  endfacet
  facet normal 0.179494 -0.983759 0
    outer loop
      vertex 88.8293 0.617677 0.2
      vertex 88.9754 0.644334 0.599999
      vertex 88.8293 0.617677 0.599999
    endloop
  endfacet
  facet normal 0.179494 -0.983759 0
    outer loop
      vertex 88.9754 0.644334 0.599999
      vertex 88.8293 0.617677 0.2
      vertex 88.9754 0.644334 0.2
    endloop
  endfacet
  facet normal 0.0562559 -0.998416 0
    outer loop
      vertex 88.9754 0.644334 0.2
      vertex 89.133 0.653214 0.599999
      vertex 88.9754 0.644334 0.599999
    endloop
  endfacet
  facet normal 0.0562559 -0.998416 0
    outer loop
      vertex 89.133 0.653214 0.599999
      vertex 88.9754 0.644334 0.2
      vertex 89.133 0.653214 0.2
    endloop
  endfacet
  facet normal -0.0552319 -0.998474 0
    outer loop
      vertex 89.133 0.653214 0.2
      vertex 89.2974 0.64412 0.599999
      vertex 89.133 0.653214 0.599999
    endloop
  endfacet
  facet normal -0.0552319 -0.998474 -0
    outer loop
      vertex 89.2974 0.64412 0.599999
      vertex 89.133 0.653214 0.2
      vertex 89.2974 0.64412 0.2
    endloop
  endfacet
  facet normal -0.17964 -0.983732 0
    outer loop
      vertex 89.2974 0.64412 0.2
      vertex 89.4468 0.616838 0.599999
      vertex 89.2974 0.64412 0.599999
    endloop
  endfacet
  facet normal -0.17964 -0.983732 -0
    outer loop
      vertex 89.4468 0.616838 0.599999
      vertex 89.2974 0.64412 0.2
      vertex 89.4468 0.616838 0.2
    endloop
  endfacet
  facet normal -0.320916 -0.947108 0
    outer loop
      vertex 89.4468 0.616838 0.2
      vertex 89.581 0.571366 0.599999
      vertex 89.4468 0.616838 0.599999
    endloop
  endfacet
  facet normal -0.320916 -0.947108 -0
    outer loop
      vertex 89.581 0.571366 0.599999
      vertex 89.4468 0.616838 0.2
      vertex 89.581 0.571366 0.2
    endloop
  endfacet
  facet normal -0.470995 -0.882136 0
    outer loop
      vertex 89.581 0.571366 0.2
      vertex 89.7002 0.507722 0.599999
      vertex 89.581 0.571366 0.599999
    endloop
  endfacet
  facet normal -0.470995 -0.882136 -0
    outer loop
      vertex 89.7002 0.507722 0.599999
      vertex 89.581 0.571366 0.2
      vertex 89.7002 0.507722 0.2
    endloop
  endfacet
  facet normal -0.618079 -0.786116 0
    outer loop
      vertex 89.7002 0.507722 0.2
      vertex 89.8043 0.425874 0.599999
      vertex 89.7002 0.507722 0.599999
    endloop
  endfacet
  facet normal -0.618079 -0.786116 -0
    outer loop
      vertex 89.8043 0.425874 0.599999
      vertex 89.7002 0.507722 0.2
      vertex 89.8043 0.425874 0.2
    endloop
  endfacet
  facet normal -0.74888 -0.662706 0
    outer loop
      vertex 89.8913 0.327561 0.2
      vertex 89.8043 0.425874 0.599999
      vertex 89.8043 0.425874 0.2
    endloop
  endfacet
  facet normal -0.74888 -0.662706 0
    outer loop
      vertex 89.8043 0.425874 0.599999
      vertex 89.8913 0.327561 0.2
      vertex 89.8913 0.327561 0.599999
    endloop
  endfacet
  facet normal -0.858024 -0.51361 0
    outer loop
      vertex 89.959 0.214463 0.2
      vertex 89.8913 0.327561 0.599999
      vertex 89.8913 0.327561 0.2
    endloop
  endfacet
  facet normal -0.858024 -0.51361 0
    outer loop
      vertex 89.8913 0.327561 0.599999
      vertex 89.959 0.214463 0.2
      vertex 89.959 0.214463 0.599999
    endloop
  endfacet
  facet normal -0.9355 -0.353326 0
    outer loop
      vertex 90.0073 0.0865793 0.2
      vertex 89.959 0.214463 0.599999
      vertex 89.959 0.214463 0.2
    endloop
  endfacet
  facet normal -0.9355 -0.353326 0
    outer loop
      vertex 89.959 0.214463 0.599999
      vertex 90.0073 0.0865793 0.2
      vertex 90.0073 0.0865793 0.599999
    endloop
  endfacet
  facet normal -0.97996 -0.199195 0
    outer loop
      vertex 90.0363 -0.0560894 0.2
      vertex 90.0073 0.0865793 0.599999
      vertex 90.0073 0.0865793 0.2
    endloop
  endfacet
  facet normal -0.97996 -0.199195 0
    outer loop
      vertex 90.0073 0.0865793 0.599999
      vertex 90.0363 -0.0560894 0.2
      vertex 90.0363 -0.0560894 0.599999
    endloop
  endfacet
  facet normal -0.998146 -0.0608623 0
    outer loop
      vertex 90.0459 -0.21353 0.2
      vertex 90.0363 -0.0560894 0.599999
      vertex 90.0363 -0.0560894 0.2
    endloop
  endfacet
  facet normal -0.998146 -0.0608623 0
    outer loop
      vertex 90.0363 -0.0560894 0.599999
      vertex 90.0459 -0.21353 0.2
      vertex 90.0459 -0.21353 0.599999
    endloop
  endfacet
  facet normal -0.998906 0.0467664 0
    outer loop
      vertex 90.0403 -0.333143 0.2
      vertex 90.0459 -0.21353 0.599999
      vertex 90.0459 -0.21353 0.2
    endloop
  endfacet
  facet normal -0.998906 0.0467664 0
    outer loop
      vertex 90.0459 -0.21353 0.599999
      vertex 90.0403 -0.333143 0.2
      vertex 90.0403 -0.333143 0.599999
    endloop
  endfacet
  facet normal -0.989407 0.145168 0
    outer loop
      vertex 90.0235 -0.447645 0.2
      vertex 90.0403 -0.333143 0.599999
      vertex 90.0403 -0.333143 0.2
    endloop
  endfacet
  facet normal -0.989407 0.145168 0
    outer loop
      vertex 90.0403 -0.333143 0.599999
      vertex 90.0235 -0.447645 0.2
      vertex 90.0235 -0.447645 0.599999
    endloop
  endfacet
  facet normal -0.968563 0.248767 0
    outer loop
      vertex 89.9954 -0.557051 0.2
      vertex 90.0235 -0.447645 0.599999
      vertex 90.0235 -0.447645 0.2
    endloop
  endfacet
  facet normal -0.968563 0.248767 0
    outer loop
      vertex 90.0235 -0.447645 0.599999
      vertex 89.9954 -0.557051 0.2
      vertex 89.9954 -0.557051 0.599999
    endloop
  endfacet
  facet normal -0.935768 0.352616 0
    outer loop
      vertex 89.9561 -0.661345 0.2
      vertex 89.9954 -0.557051 0.599999
      vertex 89.9954 -0.557051 0.2
    endloop
  endfacet
  facet normal -0.935768 0.352616 0
    outer loop
      vertex 89.9954 -0.557051 0.599999
      vertex 89.9561 -0.661345 0.2
      vertex 89.9561 -0.661345 0.599999
    endloop
  endfacet
  facet normal -0.891136 0.453735 0
    outer loop
      vertex 89.9056 -0.760527 0.2
      vertex 89.9561 -0.661345 0.599999
      vertex 89.9561 -0.661345 0.2
    endloop
  endfacet
  facet normal -0.891136 0.453735 0
    outer loop
      vertex 89.9561 -0.661345 0.599999
      vertex 89.9056 -0.760527 0.2
      vertex 89.9056 -0.760527 0.599999
    endloop
  endfacet
  facet normal -0.849003 0.528388 0
    outer loop
      vertex 89.846 -0.856291 0.2
      vertex 89.9056 -0.760527 0.599999
      vertex 89.9056 -0.760527 0.2
    endloop
  endfacet
  facet normal -0.849003 0.528388 0
    outer loop
      vertex 89.9056 -0.760527 0.599999
      vertex 89.846 -0.856291 0.2
      vertex 89.846 -0.856291 0.599999
    endloop
  endfacet
  facet normal -0.816116 0.577889 0
    outer loop
      vertex 89.7794 -0.950346 0.2
      vertex 89.846 -0.856291 0.599999
      vertex 89.846 -0.856291 0.2
    endloop
  endfacet
  facet normal -0.816116 0.577889 0
    outer loop
      vertex 89.846 -0.856291 0.599999
      vertex 89.7794 -0.950346 0.2
      vertex 89.7794 -0.950346 0.599999
    endloop
  endfacet
  facet normal -0.782483 0.622672 0
    outer loop
      vertex 89.7059 -1.04271 0.2
      vertex 89.7794 -0.950346 0.599999
      vertex 89.7794 -0.950346 0.2
    endloop
  endfacet
  facet normal -0.782483 0.622672 0
    outer loop
      vertex 89.7794 -0.950346 0.599999
      vertex 89.7059 -1.04271 0.2
      vertex 89.7059 -1.04271 0.599999
    endloop
  endfacet
  facet normal -0.747728 0.664005 0
    outer loop
      vertex 89.6254 -1.13336 0.2
      vertex 89.7059 -1.04271 0.599999
      vertex 89.7059 -1.04271 0.2
    endloop
  endfacet
  facet normal -0.747728 0.664005 0
    outer loop
      vertex 89.7059 -1.04271 0.599999
      vertex 89.6254 -1.13336 0.2
      vertex 89.6254 -1.13336 0.599999
    endloop
  endfacet
  facet normal -0.712854 0.701312 0
    outer loop
      vertex 89.5379 -1.2223 0.2
      vertex 89.6254 -1.13336 0.599999
      vertex 89.6254 -1.13336 0.2
    endloop
  endfacet
  facet normal -0.712854 0.701312 0
    outer loop
      vertex 89.6254 -1.13336 0.599999
      vertex 89.5379 -1.2223 0.2
      vertex 89.5379 -1.2223 0.599999
    endloop
  endfacet
  facet normal -0.687292 0.726381 0
    outer loop
      vertex 89.5379 -1.2223 0.2
      vertex 89.4448 -1.31039 0.599999
      vertex 89.5379 -1.2223 0.599999
    endloop
  endfacet
  facet normal -0.687292 0.726381 0
    outer loop
      vertex 89.4448 -1.31039 0.599999
      vertex 89.5379 -1.2223 0.2
      vertex 89.4448 -1.31039 0.2
    endloop
  endfacet
  facet normal -0.670393 0.742006 0
    outer loop
      vertex 89.4448 -1.31039 0.2
      vertex 89.3473 -1.39848 0.599999
      vertex 89.4448 -1.31039 0.599999
    endloop
  endfacet
  facet normal -0.670393 0.742006 0
    outer loop
      vertex 89.3473 -1.39848 0.599999
      vertex 89.4448 -1.31039 0.2
      vertex 89.3473 -1.39848 0.2
    endloop
  endfacet
  facet normal -0.653488 0.756936 0
    outer loop
      vertex 89.3473 -1.39848 0.2
      vertex 89.2453 -1.48654 0.599999
      vertex 89.3473 -1.39848 0.599999
    endloop
  endfacet
  facet normal -0.653488 0.756936 0
    outer loop
      vertex 89.2453 -1.48654 0.599999
      vertex 89.3473 -1.39848 0.2
      vertex 89.2453 -1.48654 0.2
    endloop
  endfacet
  facet normal -0.638073 0.769976 0
    outer loop
      vertex 89.2453 -1.48654 0.2
      vertex 89.139 -1.57463 0.599999
      vertex 89.2453 -1.48654 0.599999
    endloop
  endfacet
  facet normal -0.638073 0.769976 0
    outer loop
      vertex 89.139 -1.57463 0.599999
      vertex 89.2453 -1.48654 0.2
      vertex 89.139 -1.57463 0.2
    endloop
  endfacet
  facet normal -0.622236 0.782829 0
    outer loop
      vertex 89.139 -1.57463 0.2
      vertex 89.0282 -1.6627 0.599999
      vertex 89.139 -1.57463 0.599999
    endloop
  endfacet
  facet normal -0.622236 0.782829 0
    outer loop
      vertex 89.0282 -1.6627 0.599999
      vertex 89.139 -1.57463 0.2
      vertex 89.0282 -1.6627 0.2
    endloop
  endfacet
  facet normal -0.620927 0.783869 0
    outer loop
      vertex 89.0282 -1.6627 0.2
      vertex 88.9151 -1.75229 0.599999
      vertex 89.0282 -1.6627 0.599999
    endloop
  endfacet
  facet normal -0.620927 0.783869 0
    outer loop
      vertex 88.9151 -1.75229 0.599999
      vertex 89.0282 -1.6627 0.2
      vertex 88.9151 -1.75229 0.2
    endloop
  endfacet
  facet normal -0.631661 0.775245 0
    outer loop
      vertex 88.9151 -1.75229 0.2
      vertex 88.8015 -1.84485 0.599999
      vertex 88.9151 -1.75229 0.599999
    endloop
  endfacet
  facet normal -0.631661 0.775245 0
    outer loop
      vertex 88.8015 -1.84485 0.599999
      vertex 88.9151 -1.75229 0.2
      vertex 88.8015 -1.84485 0.2
    endloop
  endfacet
  facet normal -0.642364 0.7664 0
    outer loop
      vertex 88.8015 -1.84485 0.2
      vertex 88.6875 -1.9404 0.599999
      vertex 88.8015 -1.84485 0.599999
    endloop
  endfacet
  facet normal -0.642364 0.7664 0
    outer loop
      vertex 88.6875 -1.9404 0.599999
      vertex 88.8015 -1.84485 0.2
      vertex 88.6875 -1.9404 0.2
    endloop
  endfacet
  facet normal -0.652306 0.757956 0
    outer loop
      vertex 88.6875 -1.9404 0.2
      vertex 88.573 -2.03894 0.599999
      vertex 88.6875 -1.9404 0.599999
    endloop
  endfacet
  facet normal -0.652306 0.757956 0
    outer loop
      vertex 88.573 -2.03894 0.599999
      vertex 88.6875 -1.9404 0.2
      vertex 88.573 -2.03894 0.2
    endloop
  endfacet
  facet normal -0.662163 0.74936 0
    outer loop
      vertex 88.573 -2.03894 0.2
      vertex 88.4581 -2.14047 0.599999
      vertex 88.573 -2.03894 0.599999
    endloop
  endfacet
  facet normal -0.662163 0.74936 0
    outer loop
      vertex 88.4581 -2.14047 0.599999
      vertex 88.573 -2.03894 0.2
      vertex 88.4581 -2.14047 0.2
    endloop
  endfacet
  facet normal -0.678903 0.734228 0
    outer loop
      vertex 88.4581 -2.14047 0.2
      vertex 88.3441 -2.24588 0.599999
      vertex 88.4581 -2.14047 0.599999
    endloop
  endfacet
  facet normal -0.678903 0.734228 0
    outer loop
      vertex 88.3441 -2.24588 0.599999
      vertex 88.4581 -2.14047 0.2
      vertex 88.3441 -2.24588 0.2
    endloop
  endfacet
  facet normal -0.701868 0.712307 0
    outer loop
      vertex 88.3441 -2.24588 0.2
      vertex 88.2322 -2.35614 0.599999
      vertex 88.3441 -2.24588 0.599999
    endloop
  endfacet
  facet normal -0.701868 0.712307 0
    outer loop
      vertex 88.2322 -2.35614 0.599999
      vertex 88.3441 -2.24588 0.2
      vertex 88.2322 -2.35614 0.2
    endloop
  endfacet
  facet normal -0.723824 0.689985 0
    outer loop
      vertex 88.1225 -2.47122 0.2
      vertex 88.2322 -2.35614 0.599999
      vertex 88.2322 -2.35614 0.2
    endloop
  endfacet
  facet normal -0.723824 0.689985 0
    outer loop
      vertex 88.2322 -2.35614 0.599999
      vertex 88.1225 -2.47122 0.2
      vertex 88.1225 -2.47122 0.599999
    endloop
  endfacet
  facet normal -0.744333 0.667808 0
    outer loop
      vertex 88.0149 -2.59115 0.2
      vertex 88.1225 -2.47122 0.599999
      vertex 88.1225 -2.47122 0.2
    endloop
  endfacet
  facet normal -0.744333 0.667808 0
    outer loop
      vertex 88.1225 -2.47122 0.599999
      vertex 88.0149 -2.59115 0.2
      vertex 88.0149 -2.59115 0.599999
    endloop
  endfacet
  facet normal -0.763586 0.645706 0
    outer loop
      vertex 87.9094 -2.71591 0.2
      vertex 88.0149 -2.59115 0.599999
      vertex 88.0149 -2.59115 0.2
    endloop
  endfacet
  facet normal -0.763586 0.645706 0
    outer loop
      vertex 88.0149 -2.59115 0.599999
      vertex 87.9094 -2.71591 0.2
      vertex 87.9094 -2.71591 0.599999
    endloop
  endfacet
  facet normal -0.791208 0.611547 0
    outer loop
      vertex 87.8081 -2.84697 0.2
      vertex 87.9094 -2.71591 0.599999
      vertex 87.9094 -2.71591 0.2
    endloop
  endfacet
  facet normal -0.791208 0.611547 0
    outer loop
      vertex 87.9094 -2.71591 0.599999
      vertex 87.8081 -2.84697 0.2
      vertex 87.8081 -2.84697 0.599999
    endloop
  endfacet
  facet normal -0.825925 0.56378 0
    outer loop
      vertex 87.7133 -2.98585 0.2
      vertex 87.8081 -2.84697 0.599999
      vertex 87.8081 -2.84697 0.2
    endloop
  endfacet
  facet normal -0.825925 0.56378 0
    outer loop
      vertex 87.8081 -2.84697 0.599999
      vertex 87.7133 -2.98585 0.2
      vertex 87.7133 -2.98585 0.599999
    endloop
  endfacet
  facet normal -0.856513 0.516126 0
    outer loop
      vertex 87.6249 -3.13255 0.2
      vertex 87.7133 -2.98585 0.599999
      vertex 87.7133 -2.98585 0.2
    endloop
  endfacet
  facet normal -0.856513 0.516126 0
    outer loop
      vertex 87.7133 -2.98585 0.599999
      vertex 87.6249 -3.13255 0.2
      vertex 87.6249 -3.13255 0.599999
    endloop
  endfacet
  facet normal -0.883076 0.469229 0
    outer loop
      vertex 87.5428 -3.28706 0.2
      vertex 87.6249 -3.13255 0.599999
      vertex 87.6249 -3.13255 0.2
    endloop
  endfacet
  facet normal -0.883076 0.469229 0
    outer loop
      vertex 87.6249 -3.13255 0.599999
      vertex 87.5428 -3.28706 0.2
      vertex 87.5428 -3.28706 0.599999
    endloop
  endfacet
  facet normal -0.906502 0.422201 0
    outer loop
      vertex 87.4672 -3.44938 0.2
      vertex 87.5428 -3.28706 0.599999
      vertex 87.5428 -3.28706 0.2
    endloop
  endfacet
  facet normal -0.906502 0.422201 0
    outer loop
      vertex 87.5428 -3.28706 0.599999
      vertex 87.4672 -3.44938 0.2
      vertex 87.4672 -3.44938 0.599999
    endloop
  endfacet
  facet normal -1 0 0
    outer loop
      vertex 87.4672 -3.90048 0.2
      vertex 87.4672 -3.44938 0.599999
      vertex 87.4672 -3.44938 0.2
    endloop
  endfacet
  facet normal -1 -0 0
    outer loop
      vertex 87.4672 -3.44938 0.599999
      vertex 87.4672 -3.90048 0.2
      vertex 87.4672 -3.90048 0.599999
    endloop
  endfacet
  facet normal 0 -1 0
    outer loop
      vertex 87.4672 -3.90048 0.2
      vertex 90.7812 -3.90048 0.599999
      vertex 87.4672 -3.90048 0.599999
    endloop
  endfacet
  facet normal 0 -1 -0
    outer loop
      vertex 90.7812 -3.90048 0.599999
      vertex 87.4672 -3.90048 0.2
      vertex 90.7812 -3.90048 0.2
    endloop
  endfacet
  facet normal 1 -0 0
    outer loop
      vertex 90.7812 -3.90048 0.599999
      vertex 90.7812 -3.35704 0.2
      vertex 90.7812 -3.35704 0.599999
    endloop
  endfacet
  facet normal 1 0 0
    outer loop
      vertex 90.7812 -3.35704 0.2
      vertex 90.7812 -3.90048 0.599999
      vertex 90.7812 -3.90048 0.2
    endloop
  endfacet
  facet normal 0 1 -0
    outer loop
      vertex 94.7324 -3.35704 0.2
      vertex 92.1216 -3.35704 0.599999
      vertex 94.7324 -3.35704 0.599999
    endloop
  endfacet
  facet normal 0 1 0
    outer loop
      vertex 92.1216 -3.35704 0.599999
      vertex 94.7324 -3.35704 0.2
      vertex 92.1216 -3.35704 0.2
    endloop
  endfacet
  facet normal 0.901927 -0.431888 0
    outer loop
      vertex 92.1216 -3.35704 0.599999
      vertex 92.1696 -3.2568 0.2
      vertex 92.1696 -3.2568 0.599999
    endloop
  endfacet
  facet normal 0.901927 -0.431888 0
    outer loop
      vertex 92.1696 -3.2568 0.2
      vertex 92.1216 -3.35704 0.599999
      vertex 92.1216 -3.35704 0.2
    endloop
  endfacet
  facet normal 0.865931 -0.500164 0
    outer loop
      vertex 92.1696 -3.2568 0.599999
      vertex 92.2284 -3.155 0.2
      vertex 92.2284 -3.155 0.599999
    endloop
  endfacet
  facet normal 0.865931 -0.500164 0
    outer loop
      vertex 92.2284 -3.155 0.2
      vertex 92.1696 -3.2568 0.599999
      vertex 92.1696 -3.2568 0.2
    endloop
  endfacet
  facet normal 0.829127 -0.559061 0
    outer loop
      vertex 92.2284 -3.155 0.599999
      vertex 92.2981 -3.05163 0.2
      vertex 92.2981 -3.05163 0.599999
    endloop
  endfacet
  facet normal 0.829127 -0.559061 0
    outer loop
      vertex 92.2981 -3.05163 0.2
      vertex 92.2284 -3.155 0.599999
      vertex 92.2284 -3.155 0.2
    endloop
  endfacet
  facet normal 0.793776 -0.608211 0
    outer loop
      vertex 92.2981 -3.05163 0.599999
      vertex 92.3785 -2.9467 0.2
      vertex 92.3785 -2.9467 0.599999
    endloop
  endfacet
  facet normal 0.793776 -0.608211 0
    outer loop
      vertex 92.3785 -2.9467 0.2
      vertex 92.2981 -3.05163 0.599999
      vertex 92.2981 -3.05163 0.2
    endloop
  endfacet
  facet normal 0.759528 -0.650474 0
    outer loop
      vertex 92.3785 -2.9467 0.599999
      vertex 92.4697 -2.84021 0.2
      vertex 92.4697 -2.84021 0.599999
    endloop
  endfacet
  facet normal 0.759528 -0.650474 0
    outer loop
      vertex 92.4697 -2.84021 0.2
      vertex 92.3785 -2.9467 0.599999
      vertex 92.3785 -2.9467 0.2
    endloop
  endfacet
  facet normal 0.728679 -0.684856 0
    outer loop
      vertex 92.4697 -2.84021 0.599999
      vertex 92.573 -2.7303 0.2
      vertex 92.573 -2.7303 0.599999
    endloop
  endfacet
  facet normal 0.728679 -0.684856 0
    outer loop
      vertex 92.573 -2.7303 0.2
      vertex 92.4697 -2.84021 0.599999
      vertex 92.4697 -2.84021 0.2
    endloop
  endfacet
  facet normal 0.702638 -0.711548 0
    outer loop
      vertex 92.573 -2.7303 0.2
      vertex 92.6896 -2.61516 0.599999
      vertex 92.573 -2.7303 0.599999
    endloop
  endfacet
  facet normal 0.702638 -0.711548 0
    outer loop
      vertex 92.6896 -2.61516 0.599999
      vertex 92.573 -2.7303 0.2
      vertex 92.6896 -2.61516 0.2
    endloop
  endfacet
  facet normal 0.679589 -0.733593 0
    outer loop
      vertex 92.6896 -2.61516 0.2
      vertex 92.8196 -2.49473 0.599999
      vertex 92.6896 -2.61516 0.599999
    endloop
  endfacet
  facet normal 0.679589 -0.733593 0
    outer loop
      vertex 92.8196 -2.49473 0.599999
      vertex 92.6896 -2.61516 0.2
      vertex 92.8196 -2.49473 0.2
    endloop
  endfacet
  facet normal 0.659024 -0.752122 0
    outer loop
      vertex 92.8196 -2.49473 0.2
      vertex 92.963 -2.36908 0.599999
      vertex 92.8196 -2.49473 0.599999
    endloop
  endfacet
  facet normal 0.659024 -0.752122 0
    outer loop
      vertex 92.963 -2.36908 0.599999
      vertex 92.8196 -2.49473 0.2
      vertex 92.963 -2.36908 0.2
    endloop
  endfacet
  facet normal 0.641157 -0.76741 0
    outer loop
      vertex 92.963 -2.36908 0.2
      vertex 93.1197 -2.23816 0.599999
      vertex 92.963 -2.36908 0.599999
    endloop
  endfacet
  facet normal 0.641157 -0.76741 0
    outer loop
      vertex 93.1197 -2.23816 0.599999
      vertex 92.963 -2.36908 0.2
      vertex 93.1197 -2.23816 0.2
    endloop
  endfacet
  facet normal 0.635912 -0.771762 0
    outer loop
      vertex 93.1197 -2.23816 0.2
      vertex 93.3975 -2.00926 0.599999
      vertex 93.1197 -2.23816 0.599999
    endloop
  endfacet
  facet normal 0.635912 -0.771762 0
    outer loop
      vertex 93.3975 -2.00926 0.599999
      vertex 93.1197 -2.23816 0.2
      vertex 93.3975 -2.00926 0.2
    endloop
  endfacet
  facet normal 0.647852 -0.761767 0
    outer loop
      vertex 93.3975 -2.00926 0.2
      vertex 93.6369 -1.80566 0.599999
      vertex 93.3975 -2.00926 0.599999
    endloop
  endfacet
  facet normal 0.647852 -0.761767 0
    outer loop
      vertex 93.6369 -1.80566 0.599999
      vertex 93.3975 -2.00926 0.2
      vertex 93.6369 -1.80566 0.2
    endloop
  endfacet
  facet normal 0.663622 -0.748068 0
    outer loop
      vertex 93.6369 -1.80566 0.2
      vertex 93.8379 -1.62735 0.599999
      vertex 93.6369 -1.80566 0.599999
    endloop
  endfacet
  facet normal 0.663622 -0.748068 0
    outer loop
      vertex 93.8379 -1.62735 0.599999
      vertex 93.6369 -1.80566 0.2
      vertex 93.8379 -1.62735 0.2
    endloop
  endfacet
  facet normal 0.685105 -0.728444 0
    outer loop
      vertex 93.8379 -1.62735 0.2
      vertex 94.0006 -1.47433 0.599999
      vertex 93.8379 -1.62735 0.599999
    endloop
  endfacet
  facet normal 0.685105 -0.728444 0
    outer loop
      vertex 94.0006 -1.47433 0.599999
      vertex 93.8379 -1.62735 0.2
      vertex 94.0006 -1.47433 0.2
    endloop
  endfacet
  facet normal 0.716664 -0.697419 0
    outer loop
      vertex 94.0006 -1.47433 0.599999
      vertex 94.1249 -1.3466 0.2
      vertex 94.1249 -1.3466 0.599999
    endloop
  endfacet
  facet normal 0.716664 -0.697419 0
    outer loop
      vertex 94.1249 -1.3466 0.2
      vertex 94.0006 -1.47433 0.599999
      vertex 94.0006 -1.47433 0.2
    endloop
  endfacet
  facet normal 0.754831 -0.655919 0
    outer loop
      vertex 94.1249 -1.3466 0.599999
      vertex 94.2249 -1.23152 0.2
      vertex 94.2249 -1.23152 0.599999
    endloop
  endfacet
  facet normal 0.754831 -0.655919 0
    outer loop
      vertex 94.2249 -1.23152 0.2
      vertex 94.1249 -1.3466 0.599999
      vertex 94.1249 -1.3466 0.2
    endloop
  endfacet
  facet normal 0.789094 -0.614273 0
    outer loop
      vertex 94.2249 -1.23152 0.599999
      vertex 94.3145 -1.11642 0.2
      vertex 94.3145 -1.11642 0.599999
    endloop
  endfacet
  facet normal 0.789094 -0.614273 0
    outer loop
      vertex 94.3145 -1.11642 0.2
      vertex 94.2249 -1.23152 0.599999
      vertex 94.2249 -1.23152 0.2
    endloop
  endfacet
  facet normal 0.823766 -0.56693 0
    outer loop
      vertex 94.3145 -1.11642 0.599999
      vertex 94.3937 -1.00134 0.2
      vertex 94.3937 -1.00134 0.599999
    endloop
  endfacet
  facet normal 0.823766 -0.56693 0
    outer loop
      vertex 94.3937 -1.00134 0.2
      vertex 94.3145 -1.11642 0.599999
      vertex 94.3145 -1.11642 0.2
    endloop
  endfacet
  facet normal 0.858339 -0.513083 0
    outer loop
      vertex 94.3937 -1.00134 0.599999
      vertex 94.4625 -0.886244 0.2
      vertex 94.4625 -0.886244 0.599999
    endloop
  endfacet
  facet normal 0.858339 -0.513083 0
    outer loop
      vertex 94.4625 -0.886244 0.2
      vertex 94.3937 -1.00134 0.599999
      vertex 94.3937 -1.00134 0.2
    endloop
  endfacet
  facet normal 0.891436 -0.453147 0
    outer loop
      vertex 94.4625 -0.886244 0.599999
      vertex 94.521 -0.771162 0.2
      vertex 94.521 -0.771162 0.599999
    endloop
  endfacet
  facet normal 0.891436 -0.453147 0
    outer loop
      vertex 94.521 -0.771162 0.2
      vertex 94.4625 -0.886244 0.599999
      vertex 94.4625 -0.886244 0.2
    endloop
  endfacet
  facet normal 0.923401 -0.383836 0
    outer loop
      vertex 94.521 -0.771162 0.599999
      vertex 94.5689 -0.655928 0.2
      vertex 94.5689 -0.655928 0.599999
    endloop
  endfacet
  facet normal 0.923401 -0.383836 0
    outer loop
      vertex 94.5689 -0.655928 0.2
      vertex 94.521 -0.771162 0.599999
      vertex 94.521 -0.771162 0.2
    endloop
  endfacet
  facet normal 0.951615 -0.307294 0
    outer loop
      vertex 94.5689 -0.655928 0.599999
      vertex 94.6062 -0.540419 0.2
      vertex 94.6062 -0.540419 0.599999
    endloop
  endfacet
  facet normal 0.951615 -0.307294 0
    outer loop
      vertex 94.6062 -0.540419 0.2
      vertex 94.5689 -0.655928 0.599999
      vertex 94.5689 -0.655928 0.2
    endloop
  endfacet
  facet normal 0.974427 -0.224705 0
    outer loop
      vertex 94.6062 -0.540419 0.599999
      vertex 94.6329 -0.424635 0.2
      vertex 94.6329 -0.424635 0.599999
    endloop
  endfacet
  facet normal 0.974427 -0.224705 0
    outer loop
      vertex 94.6329 -0.424635 0.2
      vertex 94.6062 -0.540419 0.599999
      vertex 94.6062 -0.540419 0.2
    endloop
  endfacet
  facet normal 0.990633 -0.136552 0
    outer loop
      vertex 94.6329 -0.424635 0.599999
      vertex 94.6489 -0.308561 0.2
      vertex 94.6489 -0.308561 0.599999
    endloop
  endfacet
  facet normal 0.990633 -0.136552 0
    outer loop
      vertex 94.6489 -0.308561 0.2
      vertex 94.6329 -0.424635 0.599999
      vertex 94.6329 -0.424635 0.2
    endloop
  endfacet
  facet normal 0.998964 -0.0455 0
    outer loop
      vertex 94.6489 -0.308561 0.599999
      vertex 94.6542 -0.192198 0.2
      vertex 94.6542 -0.192198 0.599999
    endloop
  endfacet
  facet normal 0.998964 -0.0455 0
    outer loop
      vertex 94.6542 -0.192198 0.2
      vertex 94.6489 -0.308561 0.599999
      vertex 94.6489 -0.308561 0.2
    endloop
  endfacet
  facet normal 0.997896 0.0648414 0
    outer loop
      vertex 94.6542 -0.192198 0.599999
      vertex 94.6379 0.0586557 0.2
      vertex 94.6379 0.0586557 0.599999
    endloop
  endfacet
  facet normal 0.997896 0.0648414 0
    outer loop
      vertex 94.6379 0.0586557 0.2
      vertex 94.6542 -0.192198 0.599999
      vertex 94.6542 -0.192198 0.2
    endloop
  endfacet
  facet normal 0.977633 0.21032 0
    outer loop
      vertex 94.6379 0.0586557 0.599999
      vertex 94.5891 0.285493 0.2
      vertex 94.5891 0.285493 0.599999
    endloop
  endfacet
  facet normal 0.977633 0.21032 0
    outer loop
      vertex 94.5891 0.285493 0.2
      vertex 94.6379 0.0586557 0.599999
      vertex 94.6379 0.0586557 0.2
    endloop
  endfacet
  facet normal 0.928205 0.372069 0
    outer loop
      vertex 94.5891 0.285493 0.599999
      vertex 94.5078 0.488313 0.2
      vertex 94.5078 0.488313 0.599999
    endloop
  endfacet
  facet normal 0.928205 0.372069 0
    outer loop
      vertex 94.5078 0.488313 0.2
      vertex 94.5891 0.285493 0.599999
      vertex 94.5891 0.285493 0.2
    endloop
  endfacet
  facet normal 0.843432 0.537236 0
    outer loop
      vertex 94.5078 0.488313 0.599999
      vertex 94.3939 0.66713 0.2
      vertex 94.3939 0.66713 0.599999
    endloop
  endfacet
  facet normal 0.843432 0.537236 0
    outer loop
      vertex 94.3939 0.66713 0.2
      vertex 94.5078 0.488313 0.599999
      vertex 94.5078 0.488313 0.2
    endloop
  endfacet
  facet normal 0.726547 0.687117 0
    outer loop
      vertex 94.3939 0.66713 0.599999
      vertex 94.2475 0.821931 0.2
      vertex 94.2475 0.821931 0.599999
    endloop
  endfacet
  facet normal 0.726547 0.687117 0
    outer loop
      vertex 94.2475 0.821931 0.2
      vertex 94.3939 0.66713 0.599999
      vertex 94.3939 0.66713 0.2
    endloop
  endfacet
  facet normal 0.588171 0.808736 -0
    outer loop
      vertex 94.2475 0.821931 0.2
      vertex 94.0708 0.95044 0.599999
      vertex 94.2475 0.821931 0.599999
    endloop
  endfacet
  facet normal 0.588171 0.808736 0
    outer loop
      vertex 94.0708 0.95044 0.599999
      vertex 94.2475 0.821931 0.2
      vertex 94.0708 0.95044 0.2
    endloop
  endfacet
  facet normal 0.438765 0.898602 -0
    outer loop
      vertex 94.0708 0.95044 0.2
      vertex 93.8661 1.05039 0.599999
      vertex 94.0708 0.95044 0.599999
    endloop
  endfacet
  facet normal 0.438765 0.898602 0
    outer loop
      vertex 93.8661 1.05039 0.599999
      vertex 94.0708 0.95044 0.2
      vertex 93.8661 1.05039 0.2
    endloop
  endfacet
  facet normal 0.293413 0.955986 -0
    outer loop
      vertex 93.8661 1.05039 0.2
      vertex 93.6335 1.12178 0.599999
      vertex 93.8661 1.05039 0.599999
    endloop
  endfacet
  facet normal 0.293413 0.955986 0
    outer loop
      vertex 93.6335 1.12178 0.599999
      vertex 93.8661 1.05039 0.2
      vertex 93.6335 1.12178 0.2
    endloop
  endfacet
  facet normal 0.162115 0.986772 -0
    outer loop
      vertex 93.6335 1.12178 0.2
      vertex 93.3728 1.16461 0.599999
      vertex 93.6335 1.12178 0.599999
    endloop
  endfacet
  facet normal 0.162115 0.986772 0
    outer loop
      vertex 93.3728 1.16461 0.599999
      vertex 93.6335 1.12178 0.2
      vertex 93.3728 1.16461 0.2
    endloop
  endfacet
  facet normal 0.0494198 0.998778 -0
    outer loop
      vertex 93.3728 1.16461 0.2
      vertex 93.0842 1.17889 0.599999
      vertex 93.3728 1.16461 0.599999
    endloop
  endfacet
  facet normal 0.0494198 0.998778 0
    outer loop
      vertex 93.0842 1.17889 0.599999
      vertex 93.3728 1.16461 0.2
      vertex 93.0842 1.17889 0.2
    endloop
  endfacet
  facet normal -0.0533876 0.998574 0
    outer loop
      vertex 93.0842 1.17889 0.2
      vertex 92.8186 1.16469 0.599999
      vertex 93.0842 1.17889 0.599999
    endloop
  endfacet
  facet normal -0.0533876 0.998574 0
    outer loop
      vertex 92.8186 1.16469 0.599999
      vertex 93.0842 1.17889 0.2
      vertex 92.8186 1.16469 0.2
    endloop
  endfacet
  facet normal -0.171018 0.985268 0
    outer loop
      vertex 92.8186 1.16469 0.2
      vertex 92.573 1.12206 0.599999
      vertex 92.8186 1.16469 0.599999
    endloop
  endfacet
  facet normal -0.171018 0.985268 0
    outer loop
      vertex 92.573 1.12206 0.599999
      vertex 92.8186 1.16469 0.2
      vertex 92.573 1.12206 0.2
    endloop
  endfacet
  facet normal -0.300393 0.953816 0
    outer loop
      vertex 92.573 1.12206 0.2
      vertex 92.3474 1.05101 0.599999
      vertex 92.573 1.12206 0.599999
    endloop
  endfacet
  facet normal -0.300393 0.953816 0
    outer loop
      vertex 92.3474 1.05101 0.599999
      vertex 92.573 1.12206 0.2
      vertex 92.3474 1.05101 0.2
    endloop
  endfacet
  facet normal -0.435687 0.900098 0
    outer loop
      vertex 92.3474 1.05101 0.2
      vertex 92.1419 0.951539 0.599999
      vertex 92.3474 1.05101 0.599999
    endloop
  endfacet
  facet normal -0.435687 0.900098 0
    outer loop
      vertex 92.1419 0.951539 0.599999
      vertex 92.3474 1.05101 0.2
      vertex 92.1419 0.951539 0.2
    endloop
  endfacet
  facet normal -0.567591 0.82331 0
    outer loop
      vertex 92.1419 0.951539 0.2
      vertex 91.9564 0.823655 0.599999
      vertex 92.1419 0.951539 0.599999
    endloop
  endfacet
  facet normal -0.567591 0.82331 0
    outer loop
      vertex 91.9564 0.823655 0.599999
      vertex 92.1419 0.951539 0.2
      vertex 91.9564 0.823655 0.2
    endloop
  endfacet
  facet normal -0.68667 0.72697 0
    outer loop
      vertex 91.9564 0.823655 0.2
      vertex 91.7956 0.671769 0.599999
      vertex 91.9564 0.823655 0.599999
    endloop
  endfacet
  facet normal -0.68667 0.72697 0
    outer loop
      vertex 91.7956 0.671769 0.599999
      vertex 91.9564 0.823655 0.2
      vertex 91.7956 0.671769 0.2
    endloop
  endfacet
  facet normal -0.793978 0.607946 0
    outer loop
      vertex 91.6643 0.500291 0.2
      vertex 91.7956 0.671769 0.599999
      vertex 91.7956 0.671769 0.2
    endloop
  endfacet
  facet normal -0.793978 0.607946 0
    outer loop
      vertex 91.7956 0.671769 0.599999
      vertex 91.6643 0.500291 0.2
      vertex 91.6643 0.500291 0.599999
    endloop
  endfacet
  facet normal -0.882392 0.470514 0
    outer loop
      vertex 91.5624 0.30919 0.2
      vertex 91.6643 0.500291 0.599999
      vertex 91.6643 0.500291 0.2
    endloop
  endfacet
  facet normal -0.882392 0.470514 0
    outer loop
      vertex 91.6643 0.500291 0.599999
      vertex 91.5624 0.30919 0.2
      vertex 91.5624 0.30919 0.599999
    endloop
  endfacet
  facet normal -0.945446 0.325778 0
    outer loop
      vertex 91.4898 0.0984964 0.2
      vertex 91.5624 0.30919 0.599999
      vertex 91.5624 0.30919 0.2
    endloop
  endfacet
  facet normal -0.945446 0.325778 0
    outer loop
      vertex 91.5624 0.30919 0.599999
      vertex 91.4898 0.0984964 0.2
      vertex 91.4898 0.0984964 0.599999
    endloop
  endfacet
  facet normal -0.982935 0.183953 0
    outer loop
      vertex 91.4467 -0.131804 0.2
      vertex 91.4898 0.0984964 0.599999
      vertex 91.4898 0.0984964 0.2
    endloop
  endfacet
  facet normal -0.982935 0.183953 0
    outer loop
      vertex 91.4898 0.0984964 0.599999
      vertex 91.4467 -0.131804 0.2
      vertex 91.4467 -0.131804 0.599999
    endloop
  endfacet
  facet normal -0.0920101 -0.995758 0
    outer loop
      vertex 91.4467 -0.131804 0.2
      vertex 92.1003 -0.192198 0.599999
      vertex 91.4467 -0.131804 0.599999
    endloop
  endfacet
  facet normal -0.0920101 -0.995758 -0
    outer loop
      vertex 92.1003 -0.192198 0.599999
      vertex 91.4467 -0.131804 0.2
      vertex 92.1003 -0.192198 0.2
    endloop
  endfacet
  facet normal 0.984634 -0.174628 0
    outer loop
      vertex 92.1003 -0.192198 0.599999
      vertex 92.1275 -0.0388317 0.2
      vertex 92.1275 -0.0388317 0.599999
    endloop
  endfacet
  facet normal 0.984634 -0.174628 0
    outer loop
      vertex 92.1275 -0.0388317 0.2
      vertex 92.1003 -0.192198 0.599999
      vertex 92.1003 -0.192198 0.2
    endloop
  endfacet
  facet normal 0.952009 -0.306069 0
    outer loop
      vertex 92.1275 -0.0388317 0.599999
      vertex 92.1722 0.100205 0.2
      vertex 92.1722 0.100205 0.599999
    endloop
  endfacet
  facet normal 0.952009 -0.306069 0
    outer loop
      vertex 92.1722 0.100205 0.2
      vertex 92.1275 -0.0388317 0.599999
      vertex 92.1275 -0.0388317 0.2
    endloop
  endfacet
  facet normal 0.895094 -0.445878 0
    outer loop
      vertex 92.1722 0.100205 0.599999
      vertex 92.2343 0.22487 0.2
      vertex 92.2343 0.22487 0.599999
    endloop
  endfacet
  facet normal 0.895094 -0.445878 0
    outer loop
      vertex 92.2343 0.22487 0.2
      vertex 92.1722 0.100205 0.599999
      vertex 92.1722 0.100205 0.2
    endloop
  endfacet
  facet normal 0.810634 -0.585553 0
    outer loop
      vertex 92.2343 0.22487 0.599999
      vertex 92.314 0.335206 0.2
      vertex 92.314 0.335206 0.599999
    endloop
  endfacet
  facet normal 0.810634 -0.585553 0
    outer loop
      vertex 92.314 0.335206 0.2
      vertex 92.2343 0.22487 0.599999
      vertex 92.2343 0.22487 0.2
    endloop
  endfacet
  facet normal 0.70293 -0.711259 0
    outer loop
      vertex 92.314 0.335206 0.2
      vertex 92.4111 0.431169 0.599999
      vertex 92.314 0.335206 0.599999
    endloop
  endfacet
  facet normal 0.70293 -0.711259 0
    outer loop
      vertex 92.4111 0.431169 0.599999
      vertex 92.314 0.335206 0.2
      vertex 92.4111 0.431169 0.2
    endloop
  endfacet
  facet normal 0.582326 -0.812955 0
    outer loop
      vertex 92.4111 0.431169 0.2
      vertex 92.5227 0.511109 0.599999
      vertex 92.4111 0.431169 0.599999
    endloop
  endfacet
  facet normal 0.582326 -0.812955 0
    outer loop
      vertex 92.5227 0.511109 0.599999
      vertex 92.4111 0.431169 0.2
      vertex 92.5227 0.511109 0.2
    endloop
  endfacet
  facet normal 0.450778 -0.892636 0
    outer loop
      vertex 92.5227 0.511109 0.2
      vertex 92.6458 0.573274 0.599999
      vertex 92.5227 0.511109 0.599999
    endloop
  endfacet
  facet normal 0.450778 -0.892636 0
    outer loop
      vertex 92.6458 0.573274 0.599999
      vertex 92.5227 0.511109 0.2
      vertex 92.6458 0.573274 0.2
    endloop
  endfacet
  facet normal 0.313282 -0.94966 0
    outer loop
      vertex 92.6458 0.573274 0.2
      vertex 92.7804 0.617677 0.599999
      vertex 92.6458 0.573274 0.599999
    endloop
  endfacet
  facet normal 0.313282 -0.94966 0
    outer loop
      vertex 92.7804 0.617677 0.599999
      vertex 92.6458 0.573274 0.2
      vertex 92.7804 0.617677 0.2
    endloop
  endfacet
  facet normal 0.179375 -0.983781 0
    outer loop
      vertex 92.7804 0.617677 0.2
      vertex 92.9266 0.644334 0.599999
      vertex 92.7804 0.617677 0.599999
    endloop
  endfacet
  facet normal 0.179375 -0.983781 0
    outer loop
      vertex 92.9266 0.644334 0.599999
      vertex 92.7804 0.617677 0.2
      vertex 92.9266 0.644334 0.2
    endloop
  endfacet
  facet normal 0.0562559 -0.998416 0
    outer loop
      vertex 92.9266 0.644334 0.2
      vertex 93.0842 0.653214 0.599999
      vertex 92.9266 0.644334 0.599999
    endloop
  endfacet
  facet normal 0.0562559 -0.998416 0
    outer loop
      vertex 93.0842 0.653214 0.599999
      vertex 92.9266 0.644334 0.2
      vertex 93.0842 0.653214 0.2
    endloop
  endfacet
  facet normal -0.0552319 -0.998474 0
    outer loop
      vertex 93.0842 0.653214 0.2
      vertex 93.2486 0.64412 0.599999
      vertex 93.0842 0.653214 0.599999
    endloop
  endfacet
  facet normal -0.0552319 -0.998474 -0
    outer loop
      vertex 93.2486 0.64412 0.599999
      vertex 93.0842 0.653214 0.2
      vertex 93.2486 0.64412 0.2
    endloop
  endfacet
  facet normal -0.179756 -0.983711 0
    outer loop
      vertex 93.2486 0.64412 0.2
      vertex 93.3979 0.616838 0.599999
      vertex 93.2486 0.64412 0.599999
    endloop
  endfacet
  facet normal -0.179756 -0.983711 -0
    outer loop
      vertex 93.3979 0.616838 0.599999
      vertex 93.2486 0.64412 0.2
      vertex 93.3979 0.616838 0.2
    endloop
  endfacet
  facet normal -0.320701 -0.94718 0
    outer loop
      vertex 93.3979 0.616838 0.2
      vertex 93.5322 0.571366 0.599999
      vertex 93.3979 0.616838 0.599999
    endloop
  endfacet
  facet normal -0.320701 -0.94718 -0
    outer loop
      vertex 93.5322 0.571366 0.599999
      vertex 93.3979 0.616838 0.2
      vertex 93.5322 0.571366 0.2
    endloop
  endfacet
  facet normal -0.470995 -0.882136 0
    outer loop
      vertex 93.5322 0.571366 0.2
      vertex 93.6514 0.507722 0.599999
      vertex 93.5322 0.571366 0.599999
    endloop
  endfacet
  facet normal -0.470995 -0.882136 -0
    outer loop
      vertex 93.6514 0.507722 0.599999
      vertex 93.5322 0.571366 0.2
      vertex 93.6514 0.507722 0.2
    endloop
  endfacet
  facet normal -0.618079 -0.786116 0
    outer loop
      vertex 93.6514 0.507722 0.2
      vertex 93.7555 0.425874 0.599999
      vertex 93.6514 0.507722 0.599999
    endloop
  endfacet
  facet normal -0.618079 -0.786116 -0
    outer loop
      vertex 93.7555 0.425874 0.599999
      vertex 93.6514 0.507722 0.2
      vertex 93.7555 0.425874 0.2
    endloop
  endfacet
  facet normal -0.74888 -0.662706 0
    outer loop
      vertex 93.8425 0.327561 0.2
      vertex 93.7555 0.425874 0.599999
      vertex 93.7555 0.425874 0.2
    endloop
  endfacet
  facet normal -0.74888 -0.662706 0
    outer loop
      vertex 93.7555 0.425874 0.599999
      vertex 93.8425 0.327561 0.2
      vertex 93.8425 0.327561 0.599999
    endloop
  endfacet
  facet normal -0.858358 -0.513051 0
    outer loop
      vertex 93.9101 0.214463 0.2
      vertex 93.8425 0.327561 0.599999
      vertex 93.8425 0.327561 0.2
    endloop
  endfacet
  facet normal -0.858358 -0.513051 0
    outer loop
      vertex 93.8425 0.327561 0.599999
      vertex 93.9101 0.214463 0.2
      vertex 93.9101 0.214463 0.599999
    endloop
  endfacet
  facet normal -0.9355 -0.353326 0
    outer loop
      vertex 93.9584 0.0865793 0.2
      vertex 93.9101 0.214463 0.599999
      vertex 93.9101 0.214463 0.2
    endloop
  endfacet
  facet normal -0.9355 -0.353326 0
    outer loop
      vertex 93.9101 0.214463 0.599999
      vertex 93.9584 0.0865793 0.2
      vertex 93.9584 0.0865793 0.599999
    endloop
  endfacet
  facet normal -0.97996 -0.199195 0
    outer loop
      vertex 93.9874 -0.0560894 0.2
      vertex 93.9584 0.0865793 0.599999
      vertex 93.9584 0.0865793 0.2
    endloop
  endfacet
  facet normal -0.97996 -0.199195 0
    outer loop
      vertex 93.9584 0.0865793 0.599999
      vertex 93.9874 -0.0560894 0.2
      vertex 93.9874 -0.0560894 0.599999
    endloop
  endfacet
  facet normal -0.998107 -0.0614939 0
    outer loop
      vertex 93.9971 -0.21353 0.2
      vertex 93.9874 -0.0560894 0.599999
      vertex 93.9874 -0.0560894 0.2
    endloop
  endfacet
  facet normal -0.998107 -0.0614939 0
    outer loop
      vertex 93.9874 -0.0560894 0.599999
      vertex 93.9971 -0.21353 0.2
      vertex 93.9971 -0.21353 0.599999
    endloop
  endfacet
  facet normal -0.998906 0.0467664 0
    outer loop
      vertex 93.9915 -0.333143 0.2
      vertex 93.9971 -0.21353 0.599999
      vertex 93.9971 -0.21353 0.2
    endloop
  endfacet
  facet normal -0.998906 0.0467664 0
    outer loop
      vertex 93.9971 -0.21353 0.599999
      vertex 93.9915 -0.333143 0.2
      vertex 93.9915 -0.333143 0.599999
    endloop
  endfacet
  facet normal -0.989283 0.146014 0
    outer loop
      vertex 93.9746 -0.447645 0.2
      vertex 93.9915 -0.333143 0.599999
      vertex 93.9915 -0.333143 0.2
    endloop
  endfacet
  facet normal -0.989283 0.146014 0
    outer loop
      vertex 93.9915 -0.333143 0.599999
      vertex 93.9746 -0.447645 0.2
      vertex 93.9746 -0.447645 0.599999
    endloop
  endfacet
  facet normal -0.968776 0.247936 0
    outer loop
      vertex 93.9466 -0.557051 0.2
      vertex 93.9746 -0.447645 0.599999
      vertex 93.9746 -0.447645 0.2
    endloop
  endfacet
  facet normal -0.968776 0.247936 0
    outer loop
      vertex 93.9746 -0.447645 0.599999
      vertex 93.9466 -0.557051 0.2
      vertex 93.9466 -0.557051 0.599999
    endloop
  endfacet
  facet normal -0.935768 0.352616 0
    outer loop
      vertex 93.9073 -0.661345 0.2
      vertex 93.9466 -0.557051 0.599999
      vertex 93.9466 -0.557051 0.2
    endloop
  endfacet
  facet normal -0.935768 0.352616 0
    outer loop
      vertex 93.9466 -0.557051 0.599999
      vertex 93.9073 -0.661345 0.2
      vertex 93.9073 -0.661345 0.599999
    endloop
  endfacet
  facet normal -0.891136 0.453735 0
    outer loop
      vertex 93.8568 -0.760527 0.2
      vertex 93.9073 -0.661345 0.599999
      vertex 93.9073 -0.661345 0.2
    endloop
  endfacet
  facet normal -0.891136 0.453735 0
    outer loop
      vertex 93.9073 -0.661345 0.599999
      vertex 93.8568 -0.760527 0.2
      vertex 93.8568 -0.760527 0.599999
    endloop
  endfacet
  facet normal -0.849003 0.528388 0
    outer loop
      vertex 93.7972 -0.856291 0.2
      vertex 93.8568 -0.760527 0.599999
      vertex 93.8568 -0.760527 0.2
    endloop
  endfacet
  facet normal -0.849003 0.528388 0
    outer loop
      vertex 93.8568 -0.760527 0.599999
      vertex 93.7972 -0.856291 0.2
      vertex 93.7972 -0.856291 0.599999
    endloop
  endfacet
  facet normal -0.816116 0.577889 0
    outer loop
      vertex 93.7306 -0.950346 0.2
      vertex 93.7972 -0.856291 0.599999
      vertex 93.7972 -0.856291 0.2
    endloop
  endfacet
  facet normal -0.816116 0.577889 0
    outer loop
      vertex 93.7972 -0.856291 0.599999
      vertex 93.7306 -0.950346 0.2
      vertex 93.7306 -0.950346 0.599999
    endloop
  endfacet
  facet normal -0.782483 0.622672 0
    outer loop
      vertex 93.6571 -1.04271 0.2
      vertex 93.7306 -0.950346 0.599999
      vertex 93.7306 -0.950346 0.2
    endloop
  endfacet
  facet normal -0.782483 0.622672 0
    outer loop
      vertex 93.7306 -0.950346 0.599999
      vertex 93.6571 -1.04271 0.2
      vertex 93.6571 -1.04271 0.599999
    endloop
  endfacet
  facet normal -0.747728 0.664005 0
    outer loop
      vertex 93.5766 -1.13336 0.2
      vertex 93.6571 -1.04271 0.599999
      vertex 93.6571 -1.04271 0.2
    endloop
  endfacet
  facet normal -0.747728 0.664005 0
    outer loop
      vertex 93.6571 -1.04271 0.599999
      vertex 93.5766 -1.13336 0.2
      vertex 93.5766 -1.13336 0.599999
    endloop
  endfacet
  facet normal -0.712854 0.701312 0
    outer loop
      vertex 93.4891 -1.2223 0.2
      vertex 93.5766 -1.13336 0.599999
      vertex 93.5766 -1.13336 0.2
    endloop
  endfacet
  facet normal -0.712854 0.701312 0
    outer loop
      vertex 93.5766 -1.13336 0.599999
      vertex 93.4891 -1.2223 0.2
      vertex 93.4891 -1.2223 0.599999
    endloop
  endfacet
  facet normal -0.687292 0.726381 0
    outer loop
      vertex 93.4891 -1.2223 0.2
      vertex 93.396 -1.31039 0.599999
      vertex 93.4891 -1.2223 0.599999
    endloop
  endfacet
  facet normal -0.687292 0.726381 0
    outer loop
      vertex 93.396 -1.31039 0.599999
      vertex 93.4891 -1.2223 0.2
      vertex 93.396 -1.31039 0.2
    endloop
  endfacet
  facet normal -0.670015 0.742348 0
    outer loop
      vertex 93.396 -1.31039 0.2
      vertex 93.2984 -1.39848 0.599999
      vertex 93.396 -1.31039 0.599999
    endloop
  endfacet
  facet normal -0.670015 0.742348 0
    outer loop
      vertex 93.2984 -1.39848 0.599999
      vertex 93.396 -1.31039 0.2
      vertex 93.2984 -1.39848 0.2
    endloop
  endfacet
  facet normal -0.653856 0.756619 0
    outer loop
      vertex 93.2984 -1.39848 0.2
      vertex 93.1965 -1.48654 0.599999
      vertex 93.2984 -1.39848 0.599999
    endloop
  endfacet
  facet normal -0.653856 0.756619 0
    outer loop
      vertex 93.1965 -1.48654 0.599999
      vertex 93.2984 -1.39848 0.2
      vertex 93.1965 -1.48654 0.2
    endloop
  endfacet
  facet normal -0.637717 0.77027 0
    outer loop
      vertex 93.1965 -1.48654 0.2
      vertex 93.0901 -1.57463 0.599999
      vertex 93.1965 -1.48654 0.599999
    endloop
  endfacet
  facet normal -0.637717 0.77027 0
    outer loop
      vertex 93.0901 -1.57463 0.599999
      vertex 93.1965 -1.48654 0.2
      vertex 93.0901 -1.57463 0.2
    endloop
  endfacet
  facet normal -0.622581 0.782556 0
    outer loop
      vertex 93.0901 -1.57463 0.2
      vertex 92.9794 -1.6627 0.599999
      vertex 93.0901 -1.57463 0.599999
    endloop
  endfacet
  facet normal -0.622581 0.782556 0
    outer loop
      vertex 92.9794 -1.6627 0.599999
      vertex 93.0901 -1.57463 0.2
      vertex 92.9794 -1.6627 0.2
    endloop
  endfacet
  facet normal -0.620589 0.784136 0
    outer loop
      vertex 92.9794 -1.6627 0.2
      vertex 92.8662 -1.75229 0.599999
      vertex 92.9794 -1.6627 0.599999
    endloop
  endfacet
  facet normal -0.620589 0.784136 0
    outer loop
      vertex 92.8662 -1.75229 0.599999
      vertex 92.9794 -1.6627 0.2
      vertex 92.8662 -1.75229 0.2
    endloop
  endfacet
  facet normal -0.631661 0.775245 0
    outer loop
      vertex 92.8662 -1.75229 0.2
      vertex 92.7526 -1.84485 0.599999
      vertex 92.8662 -1.75229 0.599999
    endloop
  endfacet
  facet normal -0.631661 0.775245 0
    outer loop
      vertex 92.7526 -1.84485 0.599999
      vertex 92.8662 -1.75229 0.2
      vertex 92.7526 -1.84485 0.2
    endloop
  endfacet
  facet normal -0.642364 0.7664 0
    outer loop
      vertex 92.7526 -1.84485 0.2
      vertex 92.6386 -1.9404 0.599999
      vertex 92.7526 -1.84485 0.599999
    endloop
  endfacet
  facet normal -0.642364 0.7664 0
    outer loop
      vertex 92.6386 -1.9404 0.599999
      vertex 92.7526 -1.84485 0.2
      vertex 92.6386 -1.9404 0.2
    endloop
  endfacet
  facet normal -0.652633 0.757674 0
    outer loop
      vertex 92.6386 -1.9404 0.2
      vertex 92.5242 -2.03894 0.599999
      vertex 92.6386 -1.9404 0.599999
    endloop
  endfacet
  facet normal -0.652633 0.757674 0
    outer loop
      vertex 92.5242 -2.03894 0.599999
      vertex 92.6386 -1.9404 0.2
      vertex 92.5242 -2.03894 0.2
    endloop
  endfacet
  facet normal -0.662163 0.74936 0
    outer loop
      vertex 92.5242 -2.03894 0.2
      vertex 92.4093 -2.14047 0.599999
      vertex 92.5242 -2.03894 0.599999
    endloop
  endfacet
  facet normal -0.662163 0.74936 0
    outer loop
      vertex 92.4093 -2.14047 0.599999
      vertex 92.5242 -2.03894 0.2
      vertex 92.4093 -2.14047 0.2
    endloop
  endfacet
  facet normal -0.678903 0.734228 0
    outer loop
      vertex 92.4093 -2.14047 0.2
      vertex 92.2953 -2.24588 0.599999
      vertex 92.4093 -2.14047 0.599999
    endloop
  endfacet
  facet normal -0.678903 0.734228 0
    outer loop
      vertex 92.2953 -2.24588 0.599999
      vertex 92.4093 -2.14047 0.2
      vertex 92.2953 -2.24588 0.2
    endloop
  endfacet
  facet normal -0.701868 0.712307 0
    outer loop
      vertex 92.2953 -2.24588 0.2
      vertex 92.1834 -2.35614 0.599999
      vertex 92.2953 -2.24588 0.599999
    endloop
  endfacet
  facet normal -0.701868 0.712307 0
    outer loop
      vertex 92.1834 -2.35614 0.599999
      vertex 92.2953 -2.24588 0.2
      vertex 92.1834 -2.35614 0.2
    endloop
  endfacet
  facet normal -0.72351 0.690314 0
    outer loop
      vertex 92.0736 -2.47122 0.2
      vertex 92.1834 -2.35614 0.599999
      vertex 92.1834 -2.35614 0.2
    endloop
  endfacet
  facet normal -0.72351 0.690314 0
    outer loop
      vertex 92.1834 -2.35614 0.599999
      vertex 92.0736 -2.47122 0.2
      vertex 92.0736 -2.47122 0.599999
    endloop
  endfacet
  facet normal -0.744333 0.667808 0
    outer loop
      vertex 91.966 -2.59115 0.2
      vertex 92.0736 -2.47122 0.599999
      vertex 92.0736 -2.47122 0.2
    endloop
  endfacet
  facet normal -0.744333 0.667808 0
    outer loop
      vertex 92.0736 -2.47122 0.599999
      vertex 91.966 -2.59115 0.2
      vertex 91.966 -2.59115 0.599999
    endloop
  endfacet
  facet normal -0.763586 0.645706 0
    outer loop
      vertex 91.8605 -2.71591 0.2
      vertex 91.966 -2.59115 0.599999
      vertex 91.966 -2.59115 0.2
    endloop
  endfacet
  facet normal -0.763586 0.645706 0
    outer loop
      vertex 91.966 -2.59115 0.599999
      vertex 91.8605 -2.71591 0.2
      vertex 91.8605 -2.71591 0.599999
    endloop
  endfacet
  facet normal -0.7915 0.611169 0
    outer loop
      vertex 91.7593 -2.84697 0.2
      vertex 91.8605 -2.71591 0.599999
      vertex 91.8605 -2.71591 0.2
    endloop
  endfacet
  facet normal -0.7915 0.611169 0
    outer loop
      vertex 91.8605 -2.71591 0.599999
      vertex 91.7593 -2.84697 0.2
      vertex 91.7593 -2.84697 0.599999
    endloop
  endfacet
  facet normal -0.825925 0.56378 0
    outer loop
      vertex 91.6645 -2.98585 0.2
      vertex 91.7593 -2.84697 0.599999
      vertex 91.7593 -2.84697 0.2
    endloop
  endfacet
  facet normal -0.825925 0.56378 0
    outer loop
      vertex 91.7593 -2.84697 0.599999
      vertex 91.6645 -2.98585 0.2
      vertex 91.6645 -2.98585 0.599999
    endloop
  endfacet
  facet normal -0.856254 0.516554 0
    outer loop
      vertex 91.576 -3.13255 0.2
      vertex 91.6645 -2.98585 0.599999
      vertex 91.6645 -2.98585 0.2
    endloop
  endfacet
  facet normal -0.856254 0.516554 0
    outer loop
      vertex 91.6645 -2.98585 0.599999
      vertex 91.576 -3.13255 0.2
      vertex 91.576 -3.13255 0.599999
    endloop
  endfacet
  facet normal -0.883313 0.468783 0
    outer loop
      vertex 91.494 -3.28706 0.2
      vertex 91.576 -3.13255 0.599999
      vertex 91.576 -3.13255 0.2
    endloop
  endfacet
  facet normal -0.883313 0.468783 0
    outer loop
      vertex 91.576 -3.13255 0.599999
      vertex 91.494 -3.28706 0.2
      vertex 91.494 -3.28706 0.599999
    endloop
  endfacet
  facet normal -0.906289 0.422659 0
    outer loop
      vertex 91.4183 -3.44938 0.2
      vertex 91.494 -3.28706 0.599999
      vertex 91.494 -3.28706 0.2
    endloop
  endfacet
  facet normal -0.906289 0.422659 0
    outer loop
      vertex 91.494 -3.28706 0.599999
      vertex 91.4183 -3.44938 0.2
      vertex 91.4183 -3.44938 0.599999
    endloop
  endfacet
  facet normal -1 0 0
    outer loop
      vertex 91.4183 -3.90048 0.2
      vertex 91.4183 -3.44938 0.599999
      vertex 91.4183 -3.44938 0.2
    endloop
  endfacet
  facet normal -1 -0 0
    outer loop
      vertex 91.4183 -3.44938 0.599999
      vertex 91.4183 -3.90048 0.2
      vertex 91.4183 -3.90048 0.599999
    endloop
  endfacet
  facet normal 0 -1 0
    outer loop
      vertex 91.4183 -3.90048 0.2
      vertex 94.7324 -3.90048 0.599999
      vertex 91.4183 -3.90048 0.599999
    endloop
  endfacet
  facet normal 0 -1 -0
    outer loop
      vertex 94.7324 -3.90048 0.599999
      vertex 91.4183 -3.90048 0.2
      vertex 94.7324 -3.90048 0.2
    endloop
  endfacet
  facet normal 1 -0 0
    outer loop
      vertex 94.7324 -3.90048 0.599999
      vertex 94.7324 -3.35704 0.2
      vertex 94.7324 -3.35704 0.599999
    endloop
  endfacet
  facet normal 1 0 0
    outer loop
      vertex 94.7324 -3.35704 0.2
      vertex 94.7324 -3.90048 0.599999
      vertex 94.7324 -3.90048 0.2
    endloop
  endfacet
  facet normal 0.259783 -0.965667 0
    outer loop
      vertex 97.346 -3.94508 0.2
      vertex 97.6407 -3.8658 0.599999
      vertex 97.346 -3.94508 0.599999
    endloop
  endfacet
  facet normal 0.259783 -0.965667 0
    outer loop
      vertex 97.6407 -3.8658 0.599999
      vertex 97.346 -3.94508 0.2
      vertex 97.6407 -3.8658 0.2
    endloop
  endfacet
  facet normal 0.451528 -0.892257 0
    outer loop
      vertex 97.6407 -3.8658 0.2
      vertex 97.9018 -3.73367 0.599999
      vertex 97.6407 -3.8658 0.599999
    endloop
  endfacet
  facet normal 0.451528 -0.892257 0
    outer loop
      vertex 97.9018 -3.73367 0.599999
      vertex 97.6407 -3.8658 0.2
      vertex 97.9018 -3.73367 0.2
    endloop
  endfacet
  facet normal 0.631039 -0.775751 0
    outer loop
      vertex 97.9018 -3.73367 0.2
      vertex 98.1292 -3.54869 0.599999
      vertex 97.9018 -3.73367 0.599999
    endloop
  endfacet
  facet normal 0.631039 -0.775751 0
    outer loop
      vertex 98.1292 -3.54869 0.599999
      vertex 97.9018 -3.73367 0.2
      vertex 98.1292 -3.54869 0.2
    endloop
  endfacet
  facet normal 0.775414 -0.631454 0
    outer loop
      vertex 98.1292 -3.54869 0.599999
      vertex 98.3229 -3.31083 0.2
      vertex 98.3229 -3.31083 0.599999
    endloop
  endfacet
  facet normal 0.775414 -0.631454 0
    outer loop
      vertex 98.3229 -3.31083 0.2
      vertex 98.1292 -3.54869 0.599999
      vertex 98.1292 -3.54869 0.2
    endloop
  endfacet
  facet normal 0.87518 -0.483797 0
    outer loop
      vertex 98.3229 -3.31083 0.599999
      vertex 98.4821 -3.02284 0.2
      vertex 98.4821 -3.02284 0.599999
    endloop
  endfacet
  facet normal 0.87518 -0.483797 0
    outer loop
      vertex 98.4821 -3.02284 0.2
      vertex 98.3229 -3.31083 0.599999
      vertex 98.3229 -3.31083 0.2
    endloop
  endfacet
  facet normal 0.93815 -0.34623 0
    outer loop
      vertex 98.4821 -3.02284 0.599999
      vertex 98.6059 -2.68739 0.2
      vertex 98.6059 -2.68739 0.599999
    endloop
  endfacet
  facet normal 0.93815 -0.34623 0
    outer loop
      vertex 98.6059 -2.68739 0.2
      vertex 98.4821 -3.02284 0.599999
      vertex 98.4821 -3.02284 0.2
    endloop
  endfacet
  facet normal 0.974314 -0.225194 0
    outer loop
      vertex 98.6059 -2.68739 0.599999
      vertex 98.6944 -2.30449 0.2
      vertex 98.6944 -2.30449 0.599999
    endloop
  endfacet
  facet normal 0.974314 -0.225194 0
    outer loop
      vertex 98.6944 -2.30449 0.2
      vertex 98.6059 -2.68739 0.599999
      vertex 98.6059 -2.68739 0.2
    endloop
  endfacet
  facet normal 0.992474 -0.122456 0
    outer loop
      vertex 98.6944 -2.30449 0.599999
      vertex 98.7475 -1.87413 0.2
      vertex 98.7475 -1.87413 0.599999
    endloop
  endfacet
  facet normal 0.992474 -0.122456 0
    outer loop
      vertex 98.7475 -1.87413 0.2
      vertex 98.6944 -2.30449 0.599999
      vertex 98.6944 -2.30449 0.2
    endloop
  endfacet
  facet normal 0.999315 -0.0370178 0
    outer loop
      vertex 98.7475 -1.87413 0.599999
      vertex 98.7652 -1.39631 0.2
      vertex 98.7652 -1.39631 0.599999
    endloop
  endfacet
  facet normal 0.999315 -0.0370178 0
    outer loop
      vertex 98.7652 -1.39631 0.2
      vertex 98.7475 -1.87413 0.599999
      vertex 98.7475 -1.87413 0.2
    endloop
  endfacet
  facet normal 0.999394 0.0348201 0
    outer loop
      vertex 98.7652 -1.39631 0.599999
      vertex 98.7483 -0.911253 0.2
      vertex 98.7483 -0.911253 0.599999
    endloop
  endfacet
  facet normal 0.999394 0.0348201 0
    outer loop
      vertex 98.7483 -0.911253 0.2
      vertex 98.7652 -1.39631 0.599999
      vertex 98.7652 -1.39631 0.2
    endloop
  endfacet
  facet normal 0.99333 0.115302 0
    outer loop
      vertex 98.7483 -0.911253 0.599999
      vertex 98.6978 -0.476194 0.2
      vertex 98.6978 -0.476194 0.599999
    endloop
  endfacet
  facet normal 0.99333 0.115302 0
    outer loop
      vertex 98.6978 -0.476194 0.2
      vertex 98.7483 -0.911253 0.599999
      vertex 98.7483 -0.911253 0.2
    endloop
  endfacet
  facet normal 0.976915 0.21363 0
    outer loop
      vertex 98.6978 -0.476194 0.599999
      vertex 98.6136 -0.0911541 0.2
      vertex 98.6136 -0.0911541 0.599999
    endloop
  endfacet
  facet normal 0.976915 0.21363 0
    outer loop
      vertex 98.6136 -0.0911541 0.2
      vertex 98.6978 -0.476194 0.599999
      vertex 98.6978 -0.476194 0.2
    endloop
  endfacet
  facet normal 0.943376 0.331724 0
    outer loop
      vertex 98.6136 -0.0911541 0.599999
      vertex 98.4958 0.243852 0.2
      vertex 98.4958 0.243852 0.599999
    endloop
  endfacet
  facet normal 0.943376 0.331724 0
    outer loop
      vertex 98.4958 0.243852 0.2
      vertex 98.6136 -0.0911541 0.599999
      vertex 98.6136 -0.0911541 0.2
    endloop
  endfacet
  facet normal 0.882869 0.469619 0
    outer loop
      vertex 98.4958 0.243852 0.599999
      vertex 98.3442 0.528855 0.2
      vertex 98.3442 0.528855 0.599999
    endloop
  endfacet
  facet normal 0.882869 0.469619 0
    outer loop
      vertex 98.3442 0.528855 0.2
      vertex 98.4958 0.243852 0.599999
      vertex 98.4958 0.243852 0.2
    endloop
  endfacet
  facet normal 0.781369 0.624069 0
    outer loop
      vertex 98.3442 0.528855 0.599999
      vertex 98.1573 0.762864 0.2
      vertex 98.1573 0.762864 0.599999
    endloop
  endfacet
  facet normal 0.781369 0.624069 0
    outer loop
      vertex 98.1573 0.762864 0.2
      vertex 98.3442 0.528855 0.599999
      vertex 98.3442 0.528855 0.2
    endloop
  endfacet
  facet normal 0.630808 0.775939 -0
    outer loop
      vertex 98.1573 0.762864 0.2
      vertex 97.9334 0.944886 0.599999
      vertex 98.1573 0.762864 0.599999
    endloop
  endfacet
  facet normal 0.630808 0.775939 0
    outer loop
      vertex 97.9334 0.944886 0.599999
      vertex 98.1573 0.762864 0.2
      vertex 97.9334 0.944886 0.2
    endloop
  endfacet
  facet normal 0.445715 0.895175 -0
    outer loop
      vertex 97.9334 0.944886 0.2
      vertex 97.6723 1.07489 0.599999
      vertex 97.9334 0.944886 0.599999
    endloop
  endfacet
  facet normal 0.445715 0.895175 0
    outer loop
      vertex 97.6723 1.07489 0.599999
      vertex 97.9334 0.944886 0.2
      vertex 97.6723 1.07489 0.2
    endloop
  endfacet
  facet normal 0.253135 0.967431 -0
    outer loop
      vertex 97.6723 1.07489 0.2
      vertex 97.3742 1.15289 0.599999
      vertex 97.6723 1.07489 0.599999
    endloop
  endfacet
  facet normal 0.253135 0.967431 0
    outer loop
      vertex 97.3742 1.15289 0.599999
      vertex 97.6723 1.07489 0.2
      vertex 97.3742 1.15289 0.2
    endloop
  endfacet
  facet normal 0.0773104 0.997007 -0
    outer loop
      vertex 97.3742 1.15289 0.2
      vertex 97.0389 1.17889 0.599999
      vertex 97.3742 1.15289 0.599999
    endloop
  endfacet
  facet normal 0.0773104 0.997007 0
    outer loop
      vertex 97.0389 1.17889 0.599999
      vertex 97.3742 1.15289 0.2
      vertex 97.0389 1.17889 0.2
    endloop
  endfacet
  facet normal -0.0744874 0.997222 0
    outer loop
      vertex 97.0389 1.17889 0.2
      vertex 96.6947 1.15318 0.599999
      vertex 97.0389 1.17889 0.599999
    endloop
  endfacet
  facet normal -0.0744874 0.997222 0
    outer loop
      vertex 96.6947 1.15318 0.599999
      vertex 97.0389 1.17889 0.2
      vertex 96.6947 1.15318 0.2
    endloop
  endfacet
  facet normal -0.245181 0.969477 0
    outer loop
      vertex 96.6947 1.15318 0.2
      vertex 96.3896 1.07602 0.599999
      vertex 96.6947 1.15318 0.599999
    endloop
  endfacet
  facet normal -0.245181 0.969477 0
    outer loop
      vertex 96.3896 1.07602 0.599999
      vertex 96.6947 1.15318 0.2
      vertex 96.3896 1.07602 0.2
    endloop
  endfacet
  facet normal -0.435178 0.900345 0
    outer loop
      vertex 96.3896 1.07602 0.2
      vertex 96.1236 0.94745 0.599999
      vertex 96.3896 1.07602 0.599999
    endloop
  endfacet
  facet normal -0.435178 0.900345 0
    outer loop
      vertex 96.1236 0.94745 0.599999
      vertex 96.3896 1.07602 0.2
      vertex 96.1236 0.94745 0.2
    endloop
  endfacet
  facet normal -0.621372 0.783515 0
    outer loop
      vertex 96.1236 0.94745 0.2
      vertex 95.8966 0.767426 0.599999
      vertex 96.1236 0.94745 0.599999
    endloop
  endfacet
  facet normal -0.621372 0.783515 0
    outer loop
      vertex 95.8966 0.767426 0.599999
      vertex 96.1236 0.94745 0.2
      vertex 95.8966 0.767426 0.2
    endloop
  endfacet
  facet normal -0.776359 0.630291 0
    outer loop
      vertex 95.7087 0.535981 0.2
      vertex 95.8966 0.767426 0.599999
      vertex 95.8966 0.767426 0.2
    endloop
  endfacet
  facet normal -0.776359 0.630291 0
    outer loop
      vertex 95.8966 0.767426 0.599999
      vertex 95.7087 0.535981 0.2
      vertex 95.7087 0.535981 0.599999
    endloop
  endfacet
  facet normal -0.881633 0.471936 0
    outer loop
      vertex 95.5572 0.252961 0.2
      vertex 95.7087 0.535981 0.599999
      vertex 95.7087 0.535981 0.2
    endloop
  endfacet
  facet normal -0.881633 0.471936 0
    outer loop
      vertex 95.7087 0.535981 0.599999
      vertex 95.5572 0.252961 0.2
      vertex 95.5572 0.252961 0.599999
    endloop
  endfacet
  facet normal -0.943207 0.332204 0
    outer loop
      vertex 95.4393 -0.0817852 0.2
      vertex 95.5572 0.252961 0.599999
      vertex 95.5572 0.252961 0.2
    endloop
  endfacet
  facet normal -0.943207 0.332204 0
    outer loop
      vertex 95.5572 0.252961 0.599999
      vertex 95.4393 -0.0817852 0.2
      vertex 95.4393 -0.0817852 0.599999
    endloop
  endfacet
  facet normal -0.977078 0.212881 0
    outer loop
      vertex 95.3551 -0.468245 0.2
      vertex 95.4393 -0.0817852 0.599999
      vertex 95.4393 -0.0817852 0.2
    endloop
  endfacet
  facet normal -0.977078 0.212881 0
    outer loop
      vertex 95.4393 -0.0817852 0.599999
      vertex 95.3551 -0.468245 0.2
      vertex 95.3551 -0.468245 0.599999
    endloop
  endfacet
  facet normal -0.993424 0.114494 0
    outer loop
      vertex 95.3046 -0.906416 0.2
      vertex 95.3551 -0.468245 0.599999
      vertex 95.3551 -0.468245 0.2
    endloop
  endfacet
  facet normal -0.993424 0.114494 0
    outer loop
      vertex 95.3551 -0.468245 0.599999
      vertex 95.3046 -0.906416 0.2
      vertex 95.3046 -0.906416 0.599999
    endloop
  endfacet
  facet normal -0.999413 0.034273 0
    outer loop
      vertex 95.2878 -1.39631 0.2
      vertex 95.3046 -0.906416 0.599999
      vertex 95.3046 -0.906416 0.2
    endloop
  endfacet
  facet normal -0.999413 0.034273 0
    outer loop
      vertex 95.3046 -0.906416 0.599999
      vertex 95.2878 -1.39631 0.2
      vertex 95.2878 -1.39631 0.599999
    endloop
  endfacet
  facet normal -0.999352 -0.0360011 0
    outer loop
      vertex 95.3051 -1.87654 0.2
      vertex 95.2878 -1.39631 0.599999
      vertex 95.2878 -1.39631 0.2
    endloop
  endfacet
  facet normal -0.999352 -0.0360011 0
    outer loop
      vertex 95.2878 -1.39631 0.599999
      vertex 95.3051 -1.87654 0.2
      vertex 95.3051 -1.87654 0.599999
    endloop
  endfacet
  facet normal -0.992831 -0.119527 0
    outer loop
      vertex 95.3571 -2.30847 0.2
      vertex 95.3051 -1.87654 0.599999
      vertex 95.3051 -1.87654 0.2
    endloop
  endfacet
  facet normal -0.992831 -0.119527 0
    outer loop
      vertex 95.3051 -1.87654 0.599999
      vertex 95.3571 -2.30847 0.2
      vertex 95.3571 -2.30847 0.599999
    endloop
  endfacet
  facet normal -0.975399 -0.220445 0
    outer loop
      vertex 95.4438 -2.69209 0.2
      vertex 95.3571 -2.30847 0.599999
      vertex 95.3571 -2.30847 0.2
    endloop
  endfacet
  facet normal -0.975399 -0.220445 0
    outer loop
      vertex 95.3571 -2.30847 0.599999
      vertex 95.4438 -2.69209 0.2
      vertex 95.4438 -2.69209 0.599999
    endloop
  endfacet
  facet normal -0.94036 -0.34018 0
    outer loop
      vertex 95.5651 -3.0274 0.2
      vertex 95.4438 -2.69209 0.599999
      vertex 95.4438 -2.69209 0.2
    endloop
  endfacet
  facet normal -0.94036 -0.34018 0
    outer loop
      vertex 95.4438 -2.69209 0.599999
      vertex 95.5651 -3.0274 0.2
      vertex 95.5651 -3.0274 0.599999
    endloop
  endfacet
  facet normal -0.878604 -0.477552 0
    outer loop
      vertex 95.7211 -3.31441 0.2
      vertex 95.5651 -3.0274 0.599999
      vertex 95.5651 -3.0274 0.2
    endloop
  endfacet
  facet normal -0.878604 -0.477552 0
    outer loop
      vertex 95.5651 -3.0274 0.599999
      vertex 95.7211 -3.31441 0.2
      vertex 95.7211 -3.31441 0.599999
    endloop
  endfacet
  facet normal -0.778841 -0.627221 0
    outer loop
      vertex 95.9116 -3.55096 0.2
      vertex 95.7211 -3.31441 0.599999
      vertex 95.7211 -3.31441 0.2
    endloop
  endfacet
  facet normal -0.778841 -0.627221 0
    outer loop
      vertex 95.7211 -3.31441 0.599999
      vertex 95.9116 -3.55096 0.2
      vertex 95.9116 -3.55096 0.599999
    endloop
  endfacet
  facet normal -0.633198 -0.773989 0
    outer loop
      vertex 95.9116 -3.55096 0.2
      vertex 96.1365 -3.73495 0.599999
      vertex 95.9116 -3.55096 0.599999
    endloop
  endfacet
  facet normal -0.633198 -0.773989 -0
    outer loop
      vertex 96.1365 -3.73495 0.599999
      vertex 95.9116 -3.55096 0.2
      vertex 96.1365 -3.73495 0.2
    endloop
  endfacet
  facet normal -0.452105 -0.891965 0
    outer loop
      vertex 96.1365 -3.73495 0.2
      vertex 96.3958 -3.86638 0.599999
      vertex 96.1365 -3.73495 0.599999
    endloop
  endfacet
  facet normal -0.452105 -0.891965 -0
    outer loop
      vertex 96.3958 -3.86638 0.599999
      vertex 96.1365 -3.73495 0.2
      vertex 96.3958 -3.86638 0.2
    endloop
  endfacet
  facet normal -0.259259 -0.965808 0
    outer loop
      vertex 96.3958 -3.86638 0.2
      vertex 96.6895 -3.94522 0.599999
      vertex 96.3958 -3.86638 0.599999
    endloop
  endfacet
  facet normal -0.259259 -0.965808 -0
    outer loop
      vertex 96.6895 -3.94522 0.599999
      vertex 96.3958 -3.86638 0.2
      vertex 96.6895 -3.94522 0.2
    endloop
  endfacet
  facet normal -0.079872 -0.996805 0
    outer loop
      vertex 96.6895 -3.94522 0.2
      vertex 97.0176 -3.97151 0.599999
      vertex 96.6895 -3.94522 0.599999
    endloop
  endfacet
  facet normal -0.079872 -0.996805 -0
    outer loop
      vertex 97.0176 -3.97151 0.599999
      vertex 96.6895 -3.94522 0.2
      vertex 97.0176 -3.97151 0.2
    endloop
  endfacet
  facet normal 0.0802217 -0.996777 0
    outer loop
      vertex 97.0176 -3.97151 0.2
      vertex 97.346 -3.94508 0.599999
      vertex 97.0176 -3.97151 0.599999
    endloop
  endfacet
  facet normal 0.0802217 -0.996777 0
    outer loop
      vertex 97.346 -3.94508 0.599999
      vertex 97.0176 -3.97151 0.2
      vertex 97.346 -3.94508 0.2
    endloop
  endfacet
  facet normal 0.297133 0.954836 -0
    outer loop
      vertex 96.8096 -3.42964 0.2
      vertex 96.6192 -3.37039 0.599999
      vertex 96.8096 -3.42964 0.599999
    endloop
  endfacet
  facet normal 0.297133 0.954836 0
    outer loop
      vertex 96.6192 -3.37039 0.599999
      vertex 96.8096 -3.42964 0.2
      vertex 96.6192 -3.37039 0.2
    endloop
  endfacet
  facet normal 0.511446 0.859316 -0
    outer loop
      vertex 96.6192 -3.37039 0.2
      vertex 96.4533 -3.27165 0.599999
      vertex 96.6192 -3.37039 0.599999
    endloop
  endfacet
  facet normal 0.511446 0.859316 0
    outer loop
      vertex 96.4533 -3.27165 0.599999
      vertex 96.6192 -3.37039 0.2
      vertex 96.4533 -3.27165 0.2
    endloop
  endfacet
  facet normal 0.699376 0.714754 -0
    outer loop
      vertex 96.4533 -3.27165 0.2
      vertex 96.312 -3.13339 0.599999
      vertex 96.4533 -3.27165 0.599999
    endloop
  endfacet
  facet normal 0.699376 0.714754 0
    outer loop
      vertex 96.312 -3.13339 0.599999
      vertex 96.4533 -3.27165 0.2
      vertex 96.312 -3.13339 0.2
    endloop
  endfacet
  facet normal 0.835908 0.548869 0
    outer loop
      vertex 96.312 -3.13339 0.599999
      vertex 96.1953 -2.95566 0.2
      vertex 96.1953 -2.95566 0.599999
    endloop
  endfacet
  facet normal 0.835908 0.548869 0
    outer loop
      vertex 96.1953 -2.95566 0.2
      vertex 96.312 -3.13339 0.599999
      vertex 96.312 -3.13339 0.2
    endloop
  endfacet
  facet normal 0.919815 0.392352 0
    outer loop
      vertex 96.1953 -2.95566 0.599999
      vertex 96.1013 -2.73529 0.2
      vertex 96.1013 -2.73529 0.599999
    endloop
  endfacet
  facet normal 0.919815 0.392352 0
    outer loop
      vertex 96.1013 -2.73529 0.2
      vertex 96.1953 -2.95566 0.599999
      vertex 96.1953 -2.95566 0.2
    endloop
  endfacet
  facet normal 0.964285 0.264868 0
    outer loop
      vertex 96.1013 -2.73529 0.599999
      vertex 96.0282 -2.46916 0.2
      vertex 96.0282 -2.46916 0.599999
    endloop
  endfacet
  facet normal 0.964285 0.264868 0
    outer loop
      vertex 96.0282 -2.46916 0.2
      vertex 96.1013 -2.73529 0.599999
      vertex 96.1013 -2.73529 0.2
    endloop
  endfacet
  facet normal 0.986279 0.165086 0
    outer loop
      vertex 96.0282 -2.46916 0.599999
      vertex 95.976 -2.1573 0.2
      vertex 95.976 -2.1573 0.599999
    endloop
  endfacet
  facet normal 0.986279 0.165086 0
    outer loop
      vertex 95.976 -2.1573 0.2
      vertex 96.0282 -2.46916 0.599999
      vertex 96.0282 -2.46916 0.2
    endloop
  endfacet
  facet normal 0.996192 0.0871873 0
    outer loop
      vertex 95.976 -2.1573 0.599999
      vertex 95.9447 -1.79967 0.2
      vertex 95.9447 -1.79967 0.599999
    endloop
  endfacet
  facet normal 0.996192 0.0871873 0
    outer loop
      vertex 95.9447 -1.79967 0.2
      vertex 95.976 -2.1573 0.599999
      vertex 95.976 -2.1573 0.2
    endloop
  endfacet
  facet normal 0.999661 0.0260225 0
    outer loop
      vertex 95.9447 -1.79967 0.599999
      vertex 95.9342 -1.39631 0.2
      vertex 95.9342 -1.39631 0.599999
    endloop
  endfacet
  facet normal 0.999661 0.0260225 0
    outer loop
      vertex 95.9342 -1.39631 0.2
      vertex 95.9447 -1.79967 0.599999
      vertex 95.9447 -1.79967 0.2
    endloop
  endfacet
  facet normal 0.999691 -0.0248534 0
    outer loop
      vertex 95.9342 -1.39631 0.599999
      vertex 95.9445 -0.982008 0.2
      vertex 95.9445 -0.982008 0.599999
    endloop
  endfacet
  facet normal 0.999691 -0.0248534 0
    outer loop
      vertex 95.9445 -0.982008 0.2
      vertex 95.9342 -1.39631 0.599999
      vertex 95.9342 -1.39631 0.2
    endloop
  endfacet
  facet normal 0.996433 -0.0843895 0
    outer loop
      vertex 95.9445 -0.982008 0.599999
      vertex 95.9754 -0.617155 0.2
      vertex 95.9754 -0.617155 0.599999
    endloop
  endfacet
  facet normal 0.996433 -0.0843895 0
    outer loop
      vertex 95.9754 -0.617155 0.2
      vertex 95.9445 -0.982008 0.599999
      vertex 95.9445 -0.982008 0.2
    endloop
  endfacet
  facet normal 0.986931 -0.161144 0
    outer loop
      vertex 95.9754 -0.617155 0.599999
      vertex 96.0269 -0.301741 0.2
      vertex 96.0269 -0.301741 0.599999
    endloop
  endfacet
  facet normal 0.986931 -0.161144 0
    outer loop
      vertex 96.0269 -0.301741 0.2
      vertex 95.9754 -0.617155 0.599999
      vertex 95.9754 -0.617155 0.2
    endloop
  endfacet
  facet normal 0.965163 -0.261648 0
    outer loop
      vertex 96.0269 -0.301741 0.599999
      vertex 96.099 -0.03578 0.2
      vertex 96.099 -0.03578 0.599999
    endloop
  endfacet
  facet normal 0.965163 -0.261648 0
    outer loop
      vertex 96.099 -0.03578 0.2
      vertex 96.0269 -0.301741 0.599999
      vertex 96.0269 -0.301741 0.2
    endloop
  endfacet
  facet normal 0.919291 -0.39358 0
    outer loop
      vertex 96.099 -0.03578 0.599999
      vertex 96.1917 0.180741 0.2
      vertex 96.1917 0.180741 0.599999
    endloop
  endfacet
  facet normal 0.919291 -0.39358 0
    outer loop
      vertex 96.1917 0.180741 0.2
      vertex 96.099 -0.03578 0.599999
      vertex 96.099 -0.03578 0.2
    endloop
  endfacet
  facet normal 0.829362 -0.558711 0
    outer loop
      vertex 96.1917 0.180741 0.599999
      vertex 96.308 0.353379 0.2
      vertex 96.308 0.353379 0.599999
    endloop
  endfacet
  facet normal 0.829362 -0.558711 0
    outer loop
      vertex 96.308 0.353379 0.2
      vertex 96.1917 0.180741 0.599999
      vertex 96.1917 0.180741 0.2
    endloop
  endfacet
  facet normal 0.684737 -0.728791 0
    outer loop
      vertex 96.308 0.353379 0.2
      vertex 96.4509 0.487641 0.599999
      vertex 96.308 0.353379 0.599999
    endloop
  endfacet
  facet normal 0.684737 -0.728791 0
    outer loop
      vertex 96.4509 0.487641 0.599999
      vertex 96.308 0.353379 0.2
      vertex 96.4509 0.487641 0.2
    endloop
  endfacet
  facet normal 0.492716 -0.87019 0
    outer loop
      vertex 96.4509 0.487641 0.2
      vertex 96.6203 0.583558 0.599999
      vertex 96.4509 0.487641 0.599999
    endloop
  endfacet
  facet normal 0.492716 -0.87019 0
    outer loop
      vertex 96.6203 0.583558 0.599999
      vertex 96.4509 0.487641 0.2
      vertex 96.6203 0.583558 0.2
    endloop
  endfacet
  facet normal 0.281688 -0.959506 0
    outer loop
      vertex 96.6203 0.583558 0.2
      vertex 96.8163 0.641099 0.599999
      vertex 96.6203 0.583558 0.599999
    endloop
  endfacet
  facet normal 0.281688 -0.959506 0
    outer loop
      vertex 96.8163 0.641099 0.599999
      vertex 96.6203 0.583558 0.2
      vertex 96.8163 0.641099 0.2
    endloop
  endfacet
  facet normal 0.0858454 -0.996308 0
    outer loop
      vertex 96.8163 0.641099 0.2
      vertex 97.0389 0.660279 0.599999
      vertex 96.8163 0.641099 0.599999
    endloop
  endfacet
  facet normal 0.0858454 -0.996308 0
    outer loop
      vertex 97.0389 0.660279 0.599999
      vertex 96.8163 0.641099 0.2
      vertex 97.0389 0.660279 0.2
    endloop
  endfacet
  facet normal -0.0892829 -0.996006 0
    outer loop
      vertex 97.0389 0.660279 0.2
      vertex 97.2561 0.640809 0.599999
      vertex 97.0389 0.660279 0.599999
    endloop
  endfacet
  facet normal -0.0892829 -0.996006 -0
    outer loop
      vertex 97.2561 0.640809 0.599999
      vertex 97.0389 0.660279 0.2
      vertex 97.2561 0.640809 0.2
    endloop
  endfacet
  facet normal -0.292165 -0.956368 0
    outer loop
      vertex 97.2561 0.640809 0.2
      vertex 97.4472 0.582429 0.599999
      vertex 97.2561 0.640809 0.599999
    endloop
  endfacet
  facet normal -0.292165 -0.956368 -0
    outer loop
      vertex 97.4472 0.582429 0.599999
      vertex 97.2561 0.640809 0.2
      vertex 97.4472 0.582429 0.2
    endloop
  endfacet
  facet normal -0.507638 -0.86157 0
    outer loop
      vertex 97.4472 0.582429 0.2
      vertex 97.6124 0.485093 0.599999
      vertex 97.4472 0.582429 0.599999
    endloop
  endfacet
  facet normal -0.507638 -0.86157 -0
    outer loop
      vertex 97.6124 0.485093 0.599999
      vertex 97.4472 0.582429 0.2
      vertex 97.6124 0.485093 0.2
    endloop
  endfacet
  facet normal -0.699483 -0.714649 0
    outer loop
      vertex 97.6124 0.485093 0.2
      vertex 97.7516 0.348847 0.599999
      vertex 97.6124 0.485093 0.599999
    endloop
  endfacet
  facet normal -0.699483 -0.714649 -0
    outer loop
      vertex 97.7516 0.348847 0.599999
      vertex 97.6124 0.485093 0.2
      vertex 97.7516 0.348847 0.2
    endloop
  endfacet
  facet normal -0.840108 -0.54242 0
    outer loop
      vertex 97.8647 0.173676 0.2
      vertex 97.7516 0.348847 0.599999
      vertex 97.7516 0.348847 0.2
    endloop
  endfacet
  facet normal -0.840108 -0.54242 0
    outer loop
      vertex 97.7516 0.348847 0.599999
      vertex 97.8647 0.173676 0.2
      vertex 97.8647 0.173676 0.599999
    endloop
  endfacet
  facet normal -0.924348 -0.38155 0
    outer loop
      vertex 97.9549 -0.0448437 0.2
      vertex 97.8647 0.173676 0.599999
      vertex 97.8647 0.173676 0.2
    endloop
  endfacet
  facet normal -0.924348 -0.38155 0
    outer loop
      vertex 97.8647 0.173676 0.599999
      vertex 97.9549 -0.0448437 0.2
      vertex 97.9549 -0.0448437 0.599999
    endloop
  endfacet
  facet normal -0.967044 -0.254609 0
    outer loop
      vertex 98.025 -0.311094 0.2
      vertex 97.9549 -0.0448437 0.599999
      vertex 97.9549 -0.0448437 0.2
    endloop
  endfacet
  facet normal -0.967044 -0.254609 0
    outer loop
      vertex 97.9549 -0.0448437 0.599999
      vertex 98.025 -0.311094 0.2
      vertex 98.025 -0.311094 0.599999
    endloop
  endfacet
  facet normal -0.98751 -0.157556 0
    outer loop
      vertex 98.0751 -0.625105 0.2
      vertex 98.025 -0.311094 0.599999
      vertex 98.025 -0.311094 0.2
    endloop
  endfacet
  facet normal -0.98751 -0.157556 0
    outer loop
      vertex 98.025 -0.311094 0.599999
      vertex 98.0751 -0.625105 0.2
      vertex 98.0751 -0.625105 0.599999
    endloop
  endfacet
  facet normal -0.996556 -0.0829258 0
    outer loop
      vertex 98.1052 -0.98683 0.2
      vertex 98.0751 -0.625105 0.599999
      vertex 98.0751 -0.625105 0.2
    endloop
  endfacet
  facet normal -0.996556 -0.0829258 0
    outer loop
      vertex 98.0751 -0.625105 0.599999
      vertex 98.1052 -0.98683 0.2
      vertex 98.1052 -0.98683 0.599999
    endloop
  endfacet
  facet normal -0.999702 -0.0244139 0
    outer loop
      vertex 98.1152 -1.39631 0.2
      vertex 98.1052 -0.98683 0.599999
      vertex 98.1052 -0.98683 0.2
    endloop
  endfacet
  facet normal -0.999702 -0.0244139 0
    outer loop
      vertex 98.1052 -0.98683 0.599999
      vertex 98.1152 -1.39631 0.2
      vertex 98.1152 -1.39631 0.599999
    endloop
  endfacet
  facet normal -0.999649 0.0264978 0
    outer loop
      vertex 98.1047 -1.79243 0.2
      vertex 98.1152 -1.39631 0.599999
      vertex 98.1152 -1.39631 0.2
    endloop
  endfacet
  facet normal -0.999649 0.0264978 0
    outer loop
      vertex 98.1152 -1.39631 0.599999
      vertex 98.1047 -1.79243 0.2
      vertex 98.1047 -1.79243 0.599999
    endloop
  endfacet
  facet normal -0.996015 0.0891819 0
    outer loop
      vertex 98.0731 -2.14535 0.2
      vertex 98.1047 -1.79243 0.599999
      vertex 98.1047 -1.79243 0.2
    endloop
  endfacet
  facet normal -0.996015 0.0891819 0
    outer loop
      vertex 98.1047 -1.79243 0.599999
      vertex 98.0731 -2.14535 0.2
      vertex 98.0731 -2.14535 0.599999
    endloop
  endfacet
  facet normal -0.985887 0.167412 0
    outer loop
      vertex 98.0205 -2.45511 0.2
      vertex 98.0731 -2.14535 0.599999
      vertex 98.0731 -2.14535 0.2
    endloop
  endfacet
  facet normal -0.985887 0.167412 0
    outer loop
      vertex 98.0731 -2.14535 0.599999
      vertex 98.0205 -2.45511 0.2
      vertex 98.0205 -2.45511 0.599999
    endloop
  endfacet
  facet normal -0.964021 0.265825 0
    outer loop
      vertex 97.947 -2.72166 0.2
      vertex 98.0205 -2.45511 0.599999
      vertex 98.0205 -2.45511 0.2
    endloop
  endfacet
  facet normal -0.964021 0.265825 0
    outer loop
      vertex 98.0205 -2.45511 0.599999
      vertex 97.947 -2.72166 0.2
      vertex 97.947 -2.72166 0.599999
    endloop
  endfacet
  facet normal -0.920669 0.390344 0
    outer loop
      vertex 97.8523 -2.94502 0.2
      vertex 97.947 -2.72166 0.599999
      vertex 97.947 -2.72166 0.2
    endloop
  endfacet
  facet normal -0.920669 0.390344 0
    outer loop
      vertex 97.947 -2.72166 0.599999
      vertex 97.8523 -2.94502 0.2
      vertex 97.8523 -2.94502 0.599999
    endloop
  endfacet
  facet normal -0.840174 0.542317 0
    outer loop
      vertex 97.7351 -3.12659 0.2
      vertex 97.8523 -2.94502 0.599999
      vertex 97.8523 -2.94502 0.2
    endloop
  endfacet
  facet normal -0.840174 0.542317 0
    outer loop
      vertex 97.8523 -2.94502 0.599999
      vertex 97.7351 -3.12659 0.2
      vertex 97.7351 -3.12659 0.599999
    endloop
  endfacet
  facet normal -0.706681 0.707532 0
    outer loop
      vertex 97.7351 -3.12659 0.2
      vertex 97.5937 -3.26782 0.599999
      vertex 97.7351 -3.12659 0.599999
    endloop
  endfacet
  facet normal -0.706681 0.707532 0
    outer loop
      vertex 97.5937 -3.26782 0.599999
      vertex 97.7351 -3.12659 0.2
      vertex 97.5937 -3.26782 0.2
    endloop
  endfacet
  facet normal -0.520402 0.853921 0
    outer loop
      vertex 97.5937 -3.26782 0.2
      vertex 97.4282 -3.36868 0.599999
      vertex 97.5937 -3.26782 0.599999
    endloop
  endfacet
  facet normal -0.520402 0.853921 0
    outer loop
      vertex 97.4282 -3.36868 0.599999
      vertex 97.5937 -3.26782 0.2
      vertex 97.4282 -3.36868 0.2
    endloop
  endfacet
  facet normal -0.303983 0.952677 0
    outer loop
      vertex 97.4282 -3.36868 0.2
      vertex 97.2385 -3.42921 0.599999
      vertex 97.4282 -3.36868 0.599999
    endloop
  endfacet
  facet normal -0.303983 0.952677 0
    outer loop
      vertex 97.2385 -3.42921 0.599999
      vertex 97.4282 -3.36868 0.2
      vertex 97.2385 -3.42921 0.2
    endloop
  endfacet
  facet normal -0.0939235 0.995579 0
    outer loop
      vertex 97.2385 -3.42921 0.2
      vertex 97.0247 -3.44938 0.599999
      vertex 97.2385 -3.42921 0.599999
    endloop
  endfacet
  facet normal -0.0939235 0.995579 0
    outer loop
      vertex 97.0247 -3.44938 0.599999
      vertex 97.2385 -3.42921 0.2
      vertex 97.0247 -3.44938 0.2
    endloop
  endfacet
  facet normal 0.0913872 0.995815 -0
    outer loop
      vertex 97.0247 -3.44938 0.2
      vertex 96.8096 -3.42964 0.599999
      vertex 97.0247 -3.44938 0.599999
    endloop
  endfacet
  facet normal 0.0913872 0.995815 0
    outer loop
      vertex 96.8096 -3.42964 0.599999
      vertex 97.0247 -3.44938 0.2
      vertex 96.8096 -3.42964 0.2
    endloop
  endfacet
  facet normal 0 -1 0
    outer loop
      vertex 100.23 -1.82257 0.2
      vertex 101.789 -1.82257 0.599999
      vertex 100.23 -1.82257 0.599999
    endloop
  endfacet
  facet normal 0 -1 -0
    outer loop
      vertex 101.789 -1.82257 0.599999
      vertex 100.23 -1.82257 0.2
      vertex 101.789 -1.82257 0.2
    endloop
  endfacet
  facet normal -0.847759 -0.530382 0
    outer loop
      vertex 103.089 -3.90048 0.2
      vertex 101.789 -1.82257 0.599999
      vertex 101.789 -1.82257 0.2
    endloop
  endfacet
  facet normal -0.847759 -0.530382 0
    outer loop
      vertex 101.789 -1.82257 0.599999
      vertex 103.089 -3.90048 0.2
      vertex 103.089 -3.90048 0.599999
    endloop
  endfacet
  facet normal 0 -1 0
    outer loop
      vertex 103.089 -3.90048 0.2
      vertex 103.871 -3.90048 0.599999
      vertex 103.089 -3.90048 0.599999
    endloop
  endfacet
  facet normal 0 -1 -0
    outer loop
      vertex 103.871 -3.90048 0.599999
      vertex 103.089 -3.90048 0.2
      vertex 103.871 -3.90048 0.2
    endloop
  endfacet
  facet normal 0.834966 0.550301 0
    outer loop
      vertex 103.871 -3.90048 0.599999
      vertex 102.45 -1.74441 0.2
      vertex 102.45 -1.74441 0.599999
    endloop
  endfacet
  facet normal 0.834966 0.550301 0
    outer loop
      vertex 102.45 -1.74441 0.2
      vertex 103.871 -3.90048 0.599999
      vertex 103.871 -3.90048 0.2
    endloop
  endfacet
  facet normal 0.22685 -0.97393 0
    outer loop
      vertex 102.45 -1.74441 0.2
      vertex 102.669 -1.6934 0.599999
      vertex 102.45 -1.74441 0.599999
    endloop
  endfacet
  facet normal 0.22685 -0.97393 0
    outer loop
      vertex 102.669 -1.6934 0.599999
      vertex 102.45 -1.74441 0.2
      vertex 102.669 -1.6934 0.2
    endloop
  endfacet
  facet normal 0.346262 -0.938138 0
    outer loop
      vertex 102.669 -1.6934 0.2
      vertex 102.868 -1.61995 0.599999
      vertex 102.669 -1.6934 0.599999
    endloop
  endfacet
  facet normal 0.346262 -0.938138 0
    outer loop
      vertex 102.868 -1.61995 0.599999
      vertex 102.669 -1.6934 0.2
      vertex 102.868 -1.61995 0.2
    endloop
  endfacet
  facet normal 0.472249 -0.881465 0
    outer loop
      vertex 102.868 -1.61995 0.2
      vertex 103.047 -1.52405 0.599999
      vertex 102.868 -1.61995 0.599999
    endloop
  endfacet
  facet normal 0.472249 -0.881465 0
    outer loop
      vertex 103.047 -1.52405 0.599999
      vertex 102.868 -1.61995 0.2
      vertex 103.047 -1.52405 0.2
    endloop
  endfacet
  facet normal 0.594681 -0.803962 0
    outer loop
      vertex 103.047 -1.52405 0.2
      vertex 103.207 -1.4057 0.599999
      vertex 103.047 -1.52405 0.599999
    endloop
  endfacet
  facet normal 0.594681 -0.803962 0
    outer loop
      vertex 103.207 -1.4057 0.599999
      vertex 103.047 -1.52405 0.2
      vertex 103.207 -1.4057 0.2
    endloop
  endfacet
  facet normal 0.709143 -0.705064 0
    outer loop
      vertex 103.207 -1.4057 0.599999
      vertex 103.347 -1.26489 0.2
      vertex 103.347 -1.26489 0.599999
    endloop
  endfacet
  facet normal 0.709143 -0.705064 0
    outer loop
      vertex 103.347 -1.26489 0.2
      vertex 103.207 -1.4057 0.599999
      vertex 103.207 -1.4057 0.2
    endloop
  endfacet
  facet normal 0.805669 -0.592366 0
    outer loop
      vertex 103.347 -1.26489 0.599999
      vertex 103.464 -1.10576 0.2
      vertex 103.464 -1.10576 0.599999
    endloop
  endfacet
  facet normal 0.805669 -0.592366 0
    outer loop
      vertex 103.464 -1.10576 0.2
      vertex 103.347 -1.26489 0.599999
      vertex 103.347 -1.26489 0.2
    endloop
  endfacet
  facet normal 0.885392 -0.464845 0
    outer loop
      vertex 103.464 -1.10576 0.599999
      vertex 103.555 -0.932432 0.2
      vertex 103.555 -0.932432 0.599999
    endloop
  endfacet
  facet normal 0.885392 -0.464845 0
    outer loop
      vertex 103.555 -0.932432 0.2
      vertex 103.464 -1.10576 0.599999
      vertex 103.464 -1.10576 0.2
    endloop
  endfacet
  facet normal 0.944861 -0.327471 0
    outer loop
      vertex 103.555 -0.932432 0.599999
      vertex 103.62 -0.744886 0.2
      vertex 103.62 -0.744886 0.599999
    endloop
  endfacet
  facet normal 0.944861 -0.327471 0
    outer loop
      vertex 103.62 -0.744886 0.2
      vertex 103.555 -0.932432 0.599999
      vertex 103.555 -0.932432 0.2
    endloop
  endfacet
  facet normal 0.981824 -0.189794 0
    outer loop
      vertex 103.62 -0.744886 0.599999
      vertex 103.659 -0.543135 0.2
      vertex 103.659 -0.543135 0.599999
    endloop
  endfacet
  facet normal 0.981824 -0.189794 0
    outer loop
      vertex 103.659 -0.543135 0.2
      vertex 103.62 -0.744886 0.599999
      vertex 103.62 -0.744886 0.2
    endloop
  endfacet
  facet normal 0.998193 -0.0600923 0
    outer loop
      vertex 103.659 -0.543135 0.599999
      vertex 103.672 -0.327192 0.2
      vertex 103.672 -0.327192 0.599999
    endloop
  endfacet
  facet normal 0.998193 -0.0600923 0
    outer loop
      vertex 103.672 -0.327192 0.2
      vertex 103.659 -0.543135 0.599999
      vertex 103.659 -0.543135 0.2
    endloop
  endfacet
  facet normal 0.997301 0.0734156 0
    outer loop
      vertex 103.672 -0.327192 0.599999
      vertex 103.653 -0.0690899 0.2
      vertex 103.653 -0.0690899 0.599999
    endloop
  endfacet
  facet normal 0.997301 0.0734156 0
    outer loop
      vertex 103.653 -0.0690899 0.2
      vertex 103.672 -0.327192 0.599999
      vertex 103.672 -0.327192 0.2
    endloop
  endfacet
  facet normal 0.973553 0.228461 0
    outer loop
      vertex 103.653 -0.0690899 0.599999
      vertex 103.598 0.165284 0.2
      vertex 103.598 0.165284 0.599999
    endloop
  endfacet
  facet normal 0.973553 0.228461 0
    outer loop
      vertex 103.598 0.165284 0.2
      vertex 103.653 -0.0690899 0.599999
      vertex 103.653 -0.0690899 0.2
    endloop
  endfacet
  facet normal 0.91641 0.40024 0
    outer loop
      vertex 103.598 0.165284 0.599999
      vertex 103.506 0.375932 0.2
      vertex 103.506 0.375932 0.599999
    endloop
  endfacet
  facet normal 0.91641 0.40024 0
    outer loop
      vertex 103.506 0.375932 0.2
      vertex 103.598 0.165284 0.599999
      vertex 103.598 0.165284 0.2
    endloop
  endfacet
  facet normal 0.823007 0.568031 0
    outer loop
      vertex 103.506 0.375932 0.599999
      vertex 103.377 0.562837 0.2
      vertex 103.377 0.562837 0.599999
    endloop
  endfacet
  facet normal 0.823007 0.568031 0
    outer loop
      vertex 103.377 0.562837 0.2
      vertex 103.506 0.375932 0.599999
      vertex 103.506 0.375932 0.2
    endloop
  endfacet
  facet normal 0.703168 0.711024 -0
    outer loop
      vertex 103.377 0.562837 0.2
      vertex 103.212 0.726014 0.599999
      vertex 103.377 0.562837 0.599999
    endloop
  endfacet
  facet normal 0.703168 0.711024 0
    outer loop
      vertex 103.212 0.726014 0.599999
      vertex 103.377 0.562837 0.2
      vertex 103.212 0.726014 0.2
    endloop
  endfacet
  facet normal 0.562833 0.826571 -0
    outer loop
      vertex 103.212 0.726014 0.2
      vertex 103.012 0.862199 0.599999
      vertex 103.212 0.726014 0.599999
    endloop
  endfacet
  facet normal 0.562833 0.826571 0
    outer loop
      vertex 103.012 0.862199 0.599999
      vertex 103.212 0.726014 0.2
      vertex 103.012 0.862199 0.2
    endloop
  endfacet
  facet normal 0.418316 0.908301 -0
    outer loop
      vertex 103.012 0.862199 0.2
      vertex 102.782 0.968125 0.599999
      vertex 103.012 0.862199 0.599999
    endloop
  endfacet
  facet normal 0.418316 0.908301 0
    outer loop
      vertex 102.782 0.968125 0.599999
      vertex 103.012 0.862199 0.2
      vertex 102.782 0.968125 0.2
    endloop
  endfacet
  facet normal 0.278406 0.960464 -0
    outer loop
      vertex 102.782 0.968125 0.2
      vertex 102.521 1.04378 0.599999
      vertex 102.782 0.968125 0.599999
    endloop
  endfacet
  facet normal 0.278406 0.960464 0
    outer loop
      vertex 102.521 1.04378 0.599999
      vertex 102.782 0.968125 0.2
      vertex 102.521 1.04378 0.2
    endloop
  endfacet
  facet normal 0.153601 0.988133 -0
    outer loop
      vertex 102.521 1.04378 0.2
      vertex 102.229 1.08917 0.599999
      vertex 102.521 1.04378 0.599999
    endloop
  endfacet
  facet normal 0.153601 0.988133 0
    outer loop
      vertex 102.229 1.08917 0.599999
      vertex 102.521 1.04378 0.2
      vertex 102.229 1.08917 0.2
    endloop
  endfacet
  facet normal 0.0468217 0.998903 -0
    outer loop
      vertex 102.229 1.08917 0.2
      vertex 101.906 1.10431 0.599999
      vertex 102.229 1.08917 0.599999
    endloop
  endfacet
  facet normal 0.0468217 0.998903 0
    outer loop
      vertex 101.906 1.10431 0.599999
      vertex 102.229 1.08917 0.2
      vertex 101.906 1.10431 0.2
    endloop
  endfacet
  facet normal 0 1 -0
    outer loop
      vertex 101.906 1.10431 0.2
      vertex 99.5515 1.10431 0.599999
      vertex 101.906 1.10431 0.599999
    endloop
  endfacet
  facet normal 0 1 0
    outer loop
      vertex 99.5515 1.10431 0.599999
      vertex 101.906 1.10431 0.2
      vertex 99.5515 1.10431 0.2
    endloop
  endfacet
  facet normal -1 0 0
    outer loop
      vertex 99.5515 -3.90048 0.2
      vertex 99.5515 1.10431 0.599999
      vertex 99.5515 1.10431 0.2
    endloop
  endfacet
  facet normal -1 -0 0
    outer loop
      vertex 99.5515 1.10431 0.599999
      vertex 99.5515 -3.90048 0.2
      vertex 99.5515 -3.90048 0.599999
    endloop
  endfacet
  facet normal 0 -1 0
    outer loop
      vertex 99.5515 -3.90048 0.2
      vertex 100.23 -3.90048 0.599999
      vertex 99.5515 -3.90048 0.599999
    endloop
  endfacet
  facet normal 0 -1 -0
    outer loop
      vertex 100.23 -3.90048 0.599999
      vertex 99.5515 -3.90048 0.2
      vertex 100.23 -3.90048 0.2
    endloop
  endfacet
  facet normal 1 -0 0
    outer loop
      vertex 100.23 -3.90048 0.599999
      vertex 100.23 -1.82257 0.2
      vertex 100.23 -1.82257 0.599999
    endloop
  endfacet
  facet normal 1 0 0
    outer loop
      vertex 100.23 -1.82257 0.2
      vertex 100.23 -3.90048 0.599999
      vertex 100.23 -3.90048 0.2
    endloop
  endfacet
  facet normal 1 -0 0
    outer loop
      vertex 100.23 -1.28621 0.599999
      vertex 100.23 0.560868 0.2
      vertex 100.23 0.560868 0.599999
    endloop
  endfacet
  facet normal 1 0 0
    outer loop
      vertex 100.23 0.560868 0.2
      vertex 100.23 -1.28621 0.599999
      vertex 100.23 -1.28621 0.2
    endloop
  endfacet
  facet normal 0 -1 0
    outer loop
      vertex 100.23 0.560868 0.2
      vertex 101.839 0.560868 0.599999
      vertex 100.23 0.560868 0.599999
    endloop
  endfacet
  facet normal 0 -1 -0
    outer loop
      vertex 101.839 0.560868 0.599999
      vertex 100.23 0.560868 0.2
      vertex 101.839 0.560868 0.2
    endloop
  endfacet
  facet normal -0.0430118 -0.999075 0
    outer loop
      vertex 101.839 0.560868 0.2
      vertex 102.052 0.551698 0.599999
      vertex 101.839 0.560868 0.599999
    endloop
  endfacet
  facet normal -0.0430118 -0.999075 -0
    outer loop
      vertex 102.052 0.551698 0.599999
      vertex 101.839 0.560868 0.2
      vertex 102.052 0.551698 0.2
    endloop
  endfacet
  facet normal -0.142494 -0.989796 0
    outer loop
      vertex 102.052 0.551698 0.2
      vertex 102.243 0.524201 0.599999
      vertex 102.052 0.551698 0.599999
    endloop
  endfacet
  facet normal -0.142494 -0.989796 -0
    outer loop
      vertex 102.243 0.524201 0.599999
      vertex 102.052 0.551698 0.2
      vertex 102.243 0.524201 0.2
    endloop
  endfacet
  facet normal -0.258833 -0.965922 0
    outer loop
      vertex 102.243 0.524201 0.2
      vertex 102.414 0.478379 0.599999
      vertex 102.243 0.524201 0.599999
    endloop
  endfacet
  facet normal -0.258833 -0.965922 -0
    outer loop
      vertex 102.414 0.478379 0.599999
      vertex 102.243 0.524201 0.2
      vertex 102.414 0.478379 0.2
    endloop
  endfacet
  facet normal -0.393206 -0.91945 0
    outer loop
      vertex 102.414 0.478379 0.2
      vertex 102.564 0.414231 0.599999
      vertex 102.414 0.478379 0.599999
    endloop
  endfacet
  facet normal -0.393206 -0.91945 -0
    outer loop
      vertex 102.564 0.414231 0.599999
      vertex 102.414 0.478379 0.2
      vertex 102.564 0.414231 0.2
    endloop
  endfacet
  facet normal -0.538651 -0.842529 0
    outer loop
      vertex 102.564 0.414231 0.2
      vertex 102.693 0.331758 0.599999
      vertex 102.564 0.414231 0.599999
    endloop
  endfacet
  facet normal -0.538651 -0.842529 -0
    outer loop
      vertex 102.693 0.331758 0.599999
      vertex 102.564 0.414231 0.2
      vertex 102.693 0.331758 0.2
    endloop
  endfacet
  facet normal -0.682662 -0.730734 0
    outer loop
      vertex 102.693 0.331758 0.2
      vertex 102.8 0.231797 0.599999
      vertex 102.693 0.331758 0.599999
    endloop
  endfacet
  facet normal -0.682662 -0.730734 -0
    outer loop
      vertex 102.8 0.231797 0.599999
      vertex 102.693 0.331758 0.2
      vertex 102.8 0.231797 0.2
    endloop
  endfacet
  facet normal -0.814623 -0.579992 0
    outer loop
      vertex 102.883 0.11522 0.2
      vertex 102.8 0.231797 0.599999
      vertex 102.8 0.231797 0.2
    endloop
  endfacet
  facet normal -0.814623 -0.579992 0
    outer loop
      vertex 102.8 0.231797 0.599999
      vertex 102.883 0.11522 0.2
      vertex 102.883 0.11522 0.599999
    endloop
  endfacet
  facet normal -0.91433 -0.404971 0
    outer loop
      vertex 102.942 -0.0179882 0.2
      vertex 102.883 0.11522 0.599999
      vertex 102.883 0.11522 0.2
    endloop
  endfacet
  facet normal -0.91433 -0.404971 0
    outer loop
      vertex 102.883 0.11522 0.599999
      vertex 102.942 -0.0179882 0.2
      vertex 102.942 -0.0179882 0.599999
    endloop
  endfacet
  facet normal -0.972326 -0.233629 0
    outer loop
      vertex 102.978 -0.167814 0.2
      vertex 102.942 -0.0179882 0.599999
      vertex 102.942 -0.0179882 0.2
    endloop
  endfacet
  facet normal -0.972326 -0.233629 0
    outer loop
      vertex 102.942 -0.0179882 0.599999
      vertex 102.978 -0.167814 0.2
      vertex 102.978 -0.167814 0.599999
    endloop
  endfacet
  facet normal -0.997411 -0.0719101 0
    outer loop
      vertex 102.99 -0.334257 0.2
      vertex 102.978 -0.167814 0.599999
      vertex 102.978 -0.167814 0.2
    endloop
  endfacet
  facet normal -0.997411 -0.0719101 0
    outer loop
      vertex 102.978 -0.167814 0.599999
      vertex 102.99 -0.334257 0.2
      vertex 102.99 -0.334257 0.599999
    endloop
  endfacet
  facet normal -0.997587 0.069434 0
    outer loop
      vertex 102.978 -0.506666 0.2
      vertex 102.99 -0.334257 0.599999
      vertex 102.99 -0.334257 0.2
    endloop
  endfacet
  facet normal -0.997587 0.069434 0
    outer loop
      vertex 102.99 -0.334257 0.599999
      vertex 102.978 -0.506666 0.2
      vertex 102.978 -0.506666 0.599999
    endloop
  endfacet
  facet normal -0.97585 0.218441 0
    outer loop
      vertex 102.943 -0.663023 0.2
      vertex 102.978 -0.506666 0.599999
      vertex 102.978 -0.506666 0.2
    endloop
  endfacet
  facet normal -0.97585 0.218441 0
    outer loop
      vertex 102.978 -0.506666 0.599999
      vertex 102.943 -0.663023 0.2
      vertex 102.943 -0.663023 0.599999
    endloop
  endfacet
  facet normal -0.921813 0.387634 0
    outer loop
      vertex 102.884 -0.803328 0.2
      vertex 102.943 -0.663023 0.599999
      vertex 102.943 -0.663023 0.2
    endloop
  endfacet
  facet normal -0.921813 0.387634 0
    outer loop
      vertex 102.943 -0.663023 0.599999
      vertex 102.884 -0.803328 0.2
      vertex 102.884 -0.803328 0.599999
    endloop
  endfacet
  facet normal -0.834629 0.550813 0
    outer loop
      vertex 102.802 -0.92758 0.2
      vertex 102.884 -0.803328 0.599999
      vertex 102.884 -0.803328 0.2
    endloop
  endfacet
  facet normal -0.834629 0.550813 0
    outer loop
      vertex 102.884 -0.803328 0.599999
      vertex 102.802 -0.92758 0.2
      vertex 102.802 -0.92758 0.599999
    endloop
  endfacet
  facet normal -0.717639 0.696415 0
    outer loop
      vertex 102.697 -1.03578 0.2
      vertex 102.802 -0.92758 0.599999
      vertex 102.802 -0.92758 0.2
    endloop
  endfacet
  facet normal -0.717639 0.696415 0
    outer loop
      vertex 102.802 -0.92758 0.599999
      vertex 102.697 -1.03578 0.2
      vertex 102.697 -1.03578 0.599999
    endloop
  endfacet
  facet normal -0.578879 0.815413 0
    outer loop
      vertex 102.697 -1.03578 0.2
      vertex 102.57 -1.12594 0.599999
      vertex 102.697 -1.03578 0.599999
    endloop
  endfacet
  facet normal -0.578879 0.815413 0
    outer loop
      vertex 102.57 -1.12594 0.599999
      vertex 102.697 -1.03578 0.2
      vertex 102.57 -1.12594 0.2
    endloop
  endfacet
  facet normal -0.430534 0.902574 0
    outer loop
      vertex 102.57 -1.12594 0.2
      vertex 102.423 -1.19606 0.599999
      vertex 102.57 -1.12594 0.599999
    endloop
  endfacet
  facet normal -0.430534 0.902574 0
    outer loop
      vertex 102.423 -1.19606 0.599999
      vertex 102.57 -1.12594 0.2
      vertex 102.423 -1.19606 0.2
    endloop
  endfacet
  facet normal -0.290432 0.956896 0
    outer loop
      vertex 102.423 -1.19606 0.2
      vertex 102.258 -1.24614 0.599999
      vertex 102.423 -1.19606 0.599999
    endloop
  endfacet
  facet normal -0.290432 0.956896 0
    outer loop
      vertex 102.258 -1.24614 0.599999
      vertex 102.423 -1.19606 0.2
      vertex 102.258 -1.24614 0.2
    endloop
  endfacet
  facet normal -0.159543 0.987191 0
    outer loop
      vertex 102.258 -1.24614 0.2
      vertex 102.072 -1.2762 0.599999
      vertex 102.258 -1.24614 0.599999
    endloop
  endfacet
  facet normal -0.159543 0.987191 0
    outer loop
      vertex 102.072 -1.2762 0.599999
      vertex 102.258 -1.24614 0.2
      vertex 102.072 -1.2762 0.2
    endloop
  endfacet
  facet normal -0.0487712 0.99881 0
    outer loop
      vertex 102.072 -1.2762 0.2
      vertex 101.867 -1.28621 0.599999
      vertex 102.072 -1.2762 0.599999
    endloop
  endfacet
  facet normal -0.0487712 0.99881 0
    outer loop
      vertex 101.867 -1.28621 0.599999
      vertex 102.072 -1.2762 0.2
      vertex 101.867 -1.28621 0.2
    endloop
  endfacet
  facet normal 0 1 -0
    outer loop
      vertex 101.867 -1.28621 0.2
      vertex 100.23 -1.28621 0.599999
      vertex 101.867 -1.28621 0.599999
    endloop
  endfacet
  facet normal 0 1 0
    outer loop
      vertex 100.23 -1.28621 0.599999
      vertex 101.867 -1.28621 0.2
      vertex 100.23 -1.28621 0.2
    endloop
  endfacet
endsolid OpenSCAD_Model
